source,gp_id,KIC_id,logRHK,e_logRHK,Prot,Teff,BV,FeH_native,e_FeH_native,Mass,Age,tau_conv,tau_Noyes1984,Ro,log_Ro,F_Ca,F_bas,delta_F,log_dF,epsilon,log_epsilon,dTeff,log_epsilon_Zhang2026
Ye2024,2.0510170032077612e+18,1570554.0,-4.8372,0.0103,9.85,6119,0.51846,-0.16,0.03,1.06,3.37,13.24184353201083,,0.7438541299924449,-0.1285122213768092,1156467.811643526,685641.6557774318,470826.15586609417,5.672860581258875,0.6866942110339493,-0.1632366137774983,0.347,-0.10052993066160451
Ye2024,2.0510299568292032e+18,1718401.0,-4.8254,0.0097,7.11,6211,0.490763,-0.15,0.02,1.12,2.22,12.171862643132958,,0.5841340975048938,-0.233487442063659,1261414.6007620897,761708.4635443493,499706.1372177404,5.698714683329782,0.656033326572911,-0.1830740978513506,0.439,-0.12326947014216441
Ye2024,2.0510812902797046e+18,2010152.0,-4.8859,0.013,18.45,5605,0.681301,-0.36,0.04,0.84,12.4,18.60920008626386,,0.991445087079193,-0.0037313349522958,727803.6082167808,369367.00619126,358436.6020255208,5.554412351565042,0.9704077408579386,-0.0130457477984502,-0.167,-0.27808942153867866
Ye2024,2.0510903956107817e+18,2299081.0,-5.0381,0.0118,7.19,6190,0.497049,0.01,0.02,1.26,3.14,10.11597610345872,,0.7107569182119452,-0.1482789043752622,762560.5478957166,743736.4656110334,18824.082284683245,4.274713812579874,0.0253101510482182,-1.5967052630119571,0.418,-0.36861339572058516
Ye2024,2.0510988824657377e+18,2297426.0,-4.9464,0.0135,25.58,5797,0.618789,-0.38,0.04,0.9,10.48,16.867395843027396,,1.5165352279661,0.1808525030961309,724477.5599138491,468363.74250485474,256113.8174089944,5.408433009404019,0.5468267377813509,-0.2621502582099194,0.025,-0.20794897033920007
Ye2024,2.0513749629630385e+18,3109550.0,-4.9161,0.0098,30.17,5302,0.784446,0.12,0.02,0.9,7.52,16.867395843027396,,1.788657850967054,0.2525272731284843,543588.9629418744,249631.88143516568,293957.08150670875,5.468283926924292,1.177562256137765,0.070983876974917,-0.47,-0.12627040576143483
Ye2024,2.0516664323263078e+18,2451643.0,-5.0099,0.0138,21.93,5532,0.705632,0.04,0.03,0.96,5.04,15.354869714245666,,1.4282114018625751,0.1547924958625659,519087.32249663287,336759.07553592906,182328.2469607038,5.260853956361242,0.5414204403267852,-0.266465352271535,-0.24,-0.24647167756474722
Ye2024,2.0517444332308562e+18,1295597.0,-4.7987,0.0121,13.15,5863,0.597778,-0.2,0.04,0.96,4.08,15.354869714245666,,0.8564058337662044,-0.0673203829891803,1065102.2775710437,507277.0960169975,557825.1815540462,5.746498115457319,1.0996459054310526,0.0412528614544966,0.091,0.010927823221456384
Ye2024,2.0517588299614257e+18,1868918.0,-5.013,0.009,12.42,6052,0.538894,0.0,0.01,1.1,3.94,12.514101920504952,,0.992480329703024,-0.0032780919059948,738256.7288353015,634435.361771938,103821.36706336345,5.0162867431343,0.1636437268777025,-0.7861006382913004,0.28,-0.3874528598709493
Ye2024,2.0519291812444805e+18,3240623.0,-4.556,0.0056,12.1,5546,0.700941,-0.17,0.01,0.86,9.98,18.000329833835156,,0.6722099045793968,-0.1724950927703088,1491183.870961989,342813.60565141373,1148370.2653105753,6.060081938806424,3.3498386481144595,0.5250238888514295,-0.226,0.37869857150601477
Ye2024,2.0519402150210179e+18,3120146.0,-4.7911,0.0176,17.0,5866,0.596829,0.07,0.03,1.18,5.16,11.222913527863296,,1.514758173783826,0.180343304670554,1086125.402572869,509109.8661951929,577015.5363776764,5.761187506868478,1.133381171121222,0.0543759934245191,0.094,-0.02458275931823074
Ye2024,2.052030512417875e+18,2585767.0,-4.6891,0.0139,9.83,5344,0.769801,0.21,0.03,0.96,1.67,15.354869714245666,,0.6401877829598319,-0.1936926179828213,946188.214976944,263911.5933629044,682276.6216140395,5.8339604903214335,2.585246873470397,0.4125020215756365,-0.428,0.20509656812173882
Ye2024,2.052162312063747e+18,3864237.0,-5.0455,0.0139,24.52,5825,0.609846,-0.14,0.03,1.0,8.14,14.454397707459272,,1.6963695406932326,0.2295204658463775,587889.164121078,484547.441069382,103341.72305169604,5.014275698409615,0.213274726667886,-0.671060605961682,0.053,-0.2791906464797901
Ye2024,2.0525021341850301e+18,4753787.0,-4.9036,0.0103,6.81,6192,0.496449,0.2,0.02,1.32,2.24,9.386296808958306,,0.7255257465862914,-0.1393471712318245,1040723.898006807,745432.2554732389,295291.6425335681,5.470251155556623,0.3961347800090857,-0.4021570255509715,0.42,0.10433655412837355
Ye2024,2.0525127169844787e+18,4930802.0,-4.979,0.0159,16.64,5848,0.602533,0.05,0.03,1.14,6.52,11.843039123414078,,1.4050447546949476,0.1476901579830874,696051.2094370694,498197.9267015567,197853.2827355127,5.296343260374559,0.3971379087132088,-0.40105865547156,0.076,-0.08548805625881559
Ye2024,2.0525629509159987e+18,2714250.0,-4.9577,0.0189,23.54,5209,0.817289,0.11,0.03,0.88,6.11,17.42033268532819,,1.3512945145890316,0.1307500138046235,460181.5116279195,220352.6206332137,239828.89099470584,5.3799014992123615,1.0883868333651965,0.0367832793118472,-0.563,-0.19206302929709002
Ye2024,2.0526051446753828e+18,2571841.0,-4.8342,0.0149,11.24,6122,0.51755,-0.01,0.03,1.14,2.47,11.843039123414078,,0.9490807117050006,-0.0226968527385754,1166769.418782936,688015.0575549239,478754.361228012,5.680112743214033,0.6958486678030201,-0.1574851998782443,0.35,-0.03599566247248533
Ye2024,2.0526608761707607e+18,2853765.0,-5.014,0.0097,25.01,5643,0.66876,-0.19,0.02,0.94,4.45,15.836148205371112,,1.5792981775402566,0.1984641342102195,556739.3751795933,387387.7242135618,169351.65096603154,5.228789434827371,0.4371631840163065,-0.3593564195764203,-0.129,-0.21483665675345884
Ye2024,2.0526797053073485e+18,3116513.0,-4.7942,0.0107,10.96,5984,0.559865,-0.21,0.03,1.0,2.61,14.454397707459272,,0.7582467441271546,-0.1201894458516494,1167825.8280976166,585855.7182817529,581970.1098158637,5.764900679709363,0.9933676358450758,-0.0028899935282924,0.212,0.01904502174657032
Ye2024,2.0526813889347405e+18,3342952.0,-4.851,0.0096,21.81,5419,0.743935,0.18,0.02,0.96,4.39,15.354869714245666,,1.420396291592465,0.1524095297637432,689109.6643446924,291158.86292142177,397950.8014232706,5.5998293836538,1.3667823724489196,0.1356993690164452,-0.353,-0.007785235426020716
Ye2024,2.0526966790188754e+18,3344810.0,-4.8718,0.0163,37.45,5592,0.68561,-0.4,0.03,0.84,12.58,18.60920008626386,,2.012445447756953,0.3037241165881103,744869.8359806234,363369.5217540937,381500.3142265297,5.581494900002018,1.0498962939569427,0.021146402701764,-0.18,-0.04886174804798784
Ye2024,2.052731863391554e+18,3341897.0,-4.5024,0.0095,5.32,6077,0.531243,-0.39,0.03,1.02,7.05,14.032847450821215,,0.3791105132899217,-0.4212341717843541,2432028.623502576,653144.2626143539,1778884.3608882213,6.25014771702127,2.723570369841181,0.4351386007726916,0.305,0.2901846538723276
Ye2024,2.0527337488780027e+18,3443669.0,-4.9958,0.0118,10.55,6119,0.51846,-0.02,0.02,1.14,3.26,11.843039123414078,,0.8908186395451742,-0.0502107043379062,802663.5645377513,685641.6557774318,117021.90876031946,5.06826717766902,0.1706750279453649,-0.767830017367354,0.347,-0.31782554050448253
Ye2024,2.0527957037864934e+18,4263194.0,-4.8543,0.011,21.48,5728,0.641013,-0.07,0.02,0.96,6.6,15.354869714245666,,1.3989047383496631,0.145788141212561,853736.3516005755,430448.5166604475,423287.834940128,5.626635787268501,0.983364603563106,-0.0072854282950811,-0.044,-0.0021990236838730225
Ye2024,2.0527981776833505e+18,2708367.0,-4.8411,0.0115,10.07,6085,0.528801,0.07,0.02,1.14,3.04,11.843039123414078,,0.8502885023905121,-0.0704336934179997,1120866.958226983,659230.2189409221,461636.7392860609,5.664300364779984,0.7002663500888924,-0.1547367423109084,0.313,-0.11884025034364439
Ye2024,2.0528229166957028e+18,3337693.0,-4.9853,0.0101,15.89,6051,0.5392,-0.17,0.02,1.1,6.21,12.514101920504952,,1.2697675071643355,0.1037242094608233,786358.0704720998,633696.6746806252,152661.3957914746,5.183729228841885,0.2409061020691231,-0.6181521993317309,0.279,-0.29685944259258235
Ye2024,2.0528296855643505e+18,3439745.0,-4.7692,0.0137,11.92,5970,0.564212,-0.06,0.03,1.04,4.94,13.628989336448337,,0.8746063046745554,-0.0581873963308591,1225487.99478543,576260.7424817974,649227.2523036328,5.812396741709764,1.1266206500682117,0.0517777072477117,0.198,0.03666610671204083
Ye2024,2.0528632206694456e+18,3744244.0,-4.759,0.0069,15.69,5933,0.575751,-0.11,0.02,1.0,6.37,14.454397707459272,,1.0854827933718116,0.0356229435869367,1223796.2835105034,551549.0689127453,672247.214597758,5.827529011434827,1.2188348281014088,0.0859448556557786,0.161,-0.017080657498041094
Ye2024,2.05286926798268e+18,3337168.0,-5.044,0.0112,19.94,5798,0.618469,0.28,0.02,1.24,4.5,10.377405303719264,,1.9214822411198975,0.2836363749469853,579061.3529297644,468933.638644504,110127.71428526047,5.041896625479891,0.2348471195276048,-0.6292147622039098,0.026,-0.7166499329023206
Ye2024,2.0528816031290145e+18,3641130.0,-4.7733,0.0087,14.59,5720,0.643607,-0.01,0.02,1.0,3.55,14.454397707459272,,1.0093813865707286,0.0040552918934517,1023047.6257066824,426228.0262706309,596819.5994360514,5.77584307684256,1.4002354670528032,0.1462010738517392,-0.052,0.07089394915026614
Ye2024,2.0529404957214935e+18,3746157.0,-4.7998,0.0081,46.06,5652,0.665803,-0.07,0.02,0.96,11.55,15.354869714245666,,2.9996998253438307,0.4770777978132553,917530.1611431206,391764.5905096211,525765.5706334995,5.720792143251036,1.342044644590174,0.1277669633565644,-0.12,0.16983583242412742
Ye2024,2.0529427978240724e+18,3745516.0,-4.7062,0.0081,18.96,5730,0.640365,0.03,0.02,1.02,3.98,14.032847450821215,,1.3511156639054351,0.1306925289226451,1202348.1084838973,431509.2251740135,770838.8833098838,5.886963613587209,1.7863786874985808,0.2519735287171121,-0.042,0.12680954743670414
Ye2024,2.0530891015912392e+18,3958877.0,-5.0313,0.0129,23.76,5806,0.61591,0.08,0.03,1.2,5.3,10.930356368792774,,2.1737626110560404,0.3372121145719706,599542.3454956827,473514.27049042034,126028.07500526232,5.100467302749942,0.2661547557473497,-0.5748657692944252,0.034,-0.668946118782124
Ye2024,2.053123426970432e+18,4268371.0,-4.8222,0.015,15.19,5670,0.659901,0.05,0.02,1.0,4.33,14.454397707459272,,1.0508912448258647,0.0215577738627864,882559.4554522623,400645.7730953503,481913.682356912,5.6829692568422985,1.2028422979074351,0.0802086916473073,-0.102,-0.006911819668703082
Ye2024,2.0531511552799483e+18,4059778.0,-4.6929,0.0116,13.6,5527,0.70731,-0.02,0.03,0.92,8.14,16.339848430570573,,0.8323210620825263,-0.0797091153027932,1073172.6472428888,334619.0988551848,738553.548387704,5.868381989053793,2.207147024525735,0.3438312637522766,-0.245,0.2152591719799617
Ye2024,2.0531597108549064e+18,4367689.0,-4.8762,0.0079,8.36,6218,0.488672,-0.15,0.02,1.12,2.49,12.171862643132958,,0.6868299655613096,-0.163150765354409,1127235.3699907616,767781.3522510945,359454.0177396671,5.555643342231642,0.468172373144733,-0.3295942176039278,0.446,-0.20058953980144772
Ye2024,2.0531634517618243e+18,4367157.0,-4.9638,0.0123,19.39,5677,0.657612,0.06,0.03,1.0,3.64,14.454397707459272,,1.3414602526118182,0.1275778090787055,640158.2009443715,404145.9251118225,236012.27583254903,5.372934592748428,0.583977868308946,-0.233603611540734,-0.095,-0.12272351662816755
Ye2024,2.053177406120363e+18,4563261.0,-4.689,0.0069,9.03,6040,0.542577,0.0,0.02,1.1,2.34,12.514101920504952,,0.7215859401947106,-0.1417119374330504,1544398.9266120363,625619.7023181735,918779.2242938628,5.963211166239417,1.4685906164550364,0.1669007489604397,0.268,0.09093367286538193
Ye2024,2.0532346838029893e+18,4752155.0,-4.8019,0.0122,24.86,5692,0.652714,0.19,0.02,1.16,5.92,11.52693877886925,,2.156687085522864,0.3337871377363304,939228.5863217352,411734.7138727199,527493.8724490154,5.722217419084353,1.281149863433862,0.1075999346280137,-0.08,-0.08129493822541987
Ye2024,2.0532939543529334e+18,5015027.0,-4.792,0.0111,26.84,5466,0.727908,-0.1,0.02,0.88,6.59,17.42033268532819,,1.540728325045438,0.1877260667941621,817128.2890129995,309436.0245377289,507692.2644752706,5.705600546265944,1.64070187119848,0.2150296734016157,-0.306,0.08882498672190246
Ye2024,2.053449810123926e+18,5009366.0,-4.7735,0.009,6.64,6228,0.48569,-0.12,0.02,1.26,3.35,10.11597610345872,,0.6563874738424639,-0.1828397153901274,1437163.4120458814,776528.9608050457,660634.4512408357,5.819961217847158,0.8507531394011894,-0.0701964396202254,0.456,-0.32923679718100635
Ye2024,2.0534583313397588e+18,5185653.0,-4.9415,0.01,10.2,6068,0.533993,0.0,0.02,1.12,2.22,12.171862643132958,,0.8379982833403538,-0.0767568710315078,879617.8321946427,646355.2540288954,233262.5781657473,5.36784507141401,0.3608891189663313,-0.4426262119945756,0.296,-0.23612559373890002
Ye2024,2.0535525457417457e+18,5880107.0,-4.6315,0.0134,9.09,5871,0.595248,0.02,0.03,1.24,4.64,10.377405303719264,,0.8759415030982883,-0.0575248958066842,1573838.1126378612,512177.1116503118,1061661.0009875493,6.025985864294179,2.07283960340734,0.3165656976316497,0.099,0.21323928988250107
Ye2024,2.0535604828418924e+18,5793668.0,-4.8686,0.0096,11.51,6036,0.543807,-0.15,0.02,1.02,3.85,14.032847450821215,,0.8202184225501877,-0.0860704804496104,1018611.701798734,622704.6076808593,395907.0941178746,5.597593283789698,0.6357863571820235,-0.1966887954903466,0.264,-0.13131410465397006
Ye2024,2.0535855654505528e+18,5792108.0,-4.5728,0.0118,13.33,5298,0.785846,0.14,0.02,0.92,6.01,16.339848430570573,,0.8157970409970644,-0.0884178742591515,1194701.8947548268,248307.1786960466,946394.7160587802,5.976072306859814,3.811386851675618,0.5810830314332679,-0.474,0.3859687664963347
Ye2024,2.0535969041641551e+18,5876824.0,-4.7809,0.0097,9.61,6077,0.531243,0.0,0.02,1.12,1.67,12.171862643132958,,0.7895258336177254,-0.10263365512488,1280762.7324229055,653144.2626143539,627618.4698085518,5.797695715695503,0.9609185990494208,-0.0173134005530753,0.305,-0.00342690283572896
Ye2024,2.0737152181805788e+18,4944361.0,-4.9959,0.0104,7.17,6294,0.466125,0.01,0.02,1.24,1.71,10.377405303719264,,0.6909241559092109,-0.1605696233608516,898294.3972102153,836437.5224643346,61856.87474588072,4.791387973945441,0.0739527736197634,-1.1310455330238292,0.522,-0.4096025487313921
Ye2024,2.0737219183299866e+18,5207287.0,-4.6814,0.0053,12.25,5661,0.66285,0.16,0.01,1.04,2.43,13.628989336448337,,0.8988193986798073,-0.0463275630345255,1212786.5060017488,396183.8262005124,816602.6798012364,5.912010800790235,2.0611711680222555,0.3141140588538473,-0.111,0.15408722198940772
Ye2024,2.0737310923802268e+18,5383022.0,-4.9398,0.0113,7.1,6221,0.487777,0.12,0.02,1.22,1.33,10.648698264908193,,0.6667481623925244,-0.1760381725842974,975556.758513097,770396.7100207937,205160.04849230323,5.312092793044999,0.2663044192994617,-0.5746216264208226,0.449,-0.2530069543593202
Ye2024,2.0753204321333852e+18,5988029.0,-4.7195,0.016,13.24,5904,0.584845,0.06,0.03,1.08,2.05,12.87049780038931,,1.0287092391717367,0.012292640391896,1314307.9409614354,532821.522470877,781486.4184905584,5.892921434785327,1.4666945412913062,0.1663396756396815,0.132,0.006504807003486496
Ye2024,2.076007420741353e+18,8054618.0,-5.0633,0.0195,29.18,5143,0.840955,0.13,0.03,0.88,4.06,17.42033268532819,,1.675054117914526,0.2240288428546404,342908.17105394905,201407.8977720285,141500.27328192056,5.150757278621549,0.7025557331524469,-0.1533192178421335,-0.629,-0.498380924730987
Ye2024,2.076012922605159e+18,8124732.0,-4.4374,0.0098,16.64,5572,0.69226,0.01,0.04,0.96,2.44,15.354869714245666,,1.083695290788566,0.0349071861397482,1996439.563161868,354305.8390302728,1642133.7241315949,6.215408520193741,4.634791593122141,0.6660302105426651,-0.2,0.48757269139783554
Ye2024,2.0761092329486587e+18,8260135.0,-5.134,0.0127,32.33,5482,0.722483,0.4,0.02,1.0,8.81,14.454397707459272,,2.236689528980922,0.3496057046115561,376155.8855587716,315878.5748837278,60277.31067504379,4.780153867646527,0.1908243086674408,-0.7193663023380041,-0.29,-1.0095320564625
Ye2024,2.076324874666584e+18,4851239.0,-4.6144,0.0075,8.04,5683,0.655651,-0.07,0.02,0.96,4.05,15.354869714245666,,0.5236123880973599,-0.2809900870665057,1437217.0503829457,407166.909043728,1030050.1413392174,6.012858366041982,2.529798268131348,0.4030858909266328,-0.089,0.2892522542005193
Ye2024,2.0763717069914982e+18,4850194.0,-4.7053,0.0077,21.94,5860,0.598728,-0.12,0.02,0.98,3.09,14.894693714546571,,1.4730077986479702,0.1682050461642968,1317959.9121384243,505449.9907441835,812509.9213942408,5.90982867276533,1.607498142789492,0.2061504798377891,0.088,0.14992060413230787
Ye2024,2.076372222387624e+18,4850488.0,-4.6187,0.0117,8.78,5766,0.628741,0.24,0.02,1.1,3.58,12.514101920504952,,0.7016084778415901,-0.1539051718404537,1508031.068012323,450989.2586418569,1057041.809370466,6.024092165377232,2.343829235653464,0.3699259671092991,-0.006,0.17355605764995846
Ye2024,2.076373974734337e+18,4938988.0,-4.7292,0.0085,8.92,6198,0.494651,-0.28,0.02,1.18,4.0,11.222913527863296,,0.7948025241265723,-0.0997407623315967,1561054.3515194722,750539.5489695796,810514.8025498926,5.908760950840342,1.0799095179763056,0.0333873689223294,0.426,0.08883057280006898
Ye2024,2.0766562399822464e+18,5631073.0,-4.5909,0.005,6.94,5499,0.716736,0.09,0.01,0.96,3.78,15.354869714245666,,0.4519738772880197,-0.344886665360102,1329984.6094529652,322849.5785098138,1007135.0309431512,6.003087702194182,3.11951787452167,0.4940874784369343,-0.273,0.3379558599957521
Ye2024,2.0766596072366272e+18,5716461.0,-4.7986,0.0078,19.36,5550,0.699603,0.01,0.02,0.96,11.99,15.354869714245666,,1.260837790244389,0.1006592171574178,855428.4088463137,344560.5333574476,510867.8754888661,5.708308594135462,1.4826650937380894,0.171043063120595,-0.222,0.10997282017826746
Ye2024,2.076768523304407e+18,5726373.0,-4.8265,0.0122,28.38,5413,0.745991,-0.2,0.03,0.86,6.15,18.000329833835156,,1.5766377761953123,0.1977319280346962,725878.3527256572,288893.71320242377,436984.6395232334,5.640466171323869,1.512613876844888,0.1797280803318842,-0.359,0.07428386309067293
Ye2024,2.0767781096714107e+18,5810714.0,-4.6395,0.0086,12.61,5608,0.680308,0.05,0.02,0.98,1.95,14.894693714546571,,0.8466102252028669,-0.0723164905013139,1286304.403695766,370763.04046364006,915541.363232126,5.961677970066078,2.4693436597327483,0.3925815351079303,-0.164,0.25027164355097165
Ye2024,2.0768029861174446e+18,5722734.0,-4.8682,0.0098,14.63,6015,0.550275,-0.06,0.02,1.06,1.47,13.24184353201083,,1.1048310580496925,0.0432958742508899,1005435.611262348,607590.8196722509,397844.7915900971,5.599713676841017,0.6547906563247683,-0.1838975264738198,0.243,-0.07906767232166163
Ye2024,2.0768138137437844e+18,5807205.0,-4.8802,0.0126,18.58,6226,0.486286,-0.25,0.03,1.14,5.26,11.843039123414078,,1.5688540590283728,0.1955825456860052,1122659.878131392,774772.6300459836,347887.2480854084,5.5414385098408925,0.4490185050351622,-0.3477357604019052,0.454,-0.3395448980289446
Ye2024,2.076866109263663e+18,5982605.0,-4.7826,0.0066,16.51,5938,0.574187,-0.1,0.01,1.04,1.56,13.628989336448337,,1.211388430383969,0.0832834215277169,1162980.7056724436,554834.378000716,608146.3276717276,5.784008088572713,1.096086240840222,0.039844726089531,0.166,0.06420525251650529
Ye2024,2.0768743212413097e+18,6064684.0,-4.538,0.0113,6.67,5418,0.744278,-0.04,0.03,0.88,6.42,17.42033268532819,,0.3828859138618879,-0.4169306107862433,1415688.614811975,290780.28301815165,1124908.3317938233,6.051117133453468,3.868585311623767,0.5875521785385628,-0.354,0.41350749141581217
Ye2024,2.0770158146430653e+18,6139884.0,-4.9422,0.0117,14.49,5683,0.655651,-0.08,0.02,0.94,4.39,15.836148205371112,,0.9149952256120878,-0.0385811720491084,675650.9018672047,407166.909043728,268483.99282347667,5.428918397910185,0.6593954146569475,-0.1808540772051637,-0.089,-0.04940688145412438
Ye2024,2.0771089982553654e+18,6705706.0,-4.8239,0.0068,14.88,5819,0.611759,0.1,0.01,1.06,1.94,13.24184353201083,,1.123710604496201,0.0506544793354389,975225.762266668,481039.6980321765,494186.0642344916,5.693890494381732,1.0273290671354025,0.0117095761681886,0.047,0.02958749769272539
Ye2024,2.0772622083288852e+18,7462939.0,-4.6095,0.0083,4.46,6210,0.491062,0.06,0.02,1.2,1.11,10.930356368792774,,0.4080379311999133,-0.3892994630250435,2072421.7298858832,760844.2822603538,1311577.4476255295,6.117793940434052,1.7238447842823112,0.2364981591891649,0.438,0.18637982212017545
Ye2024,2.0775100751759882e+18,6372282.0,-4.7313,0.0093,8.55,6014,0.550584,0.01,0.02,1.1,1.38,12.514101920504952,,0.6832292124767194,-0.1654335730183835,1377099.8522126172,606879.0388474129,770220.8133652043,5.886615250209235,1.2691504633740698,0.1035131126695202,0.242,0.01629531244865062
Ye2024,2.0776364846534333e+18,6696928.0,-4.9001,0.0115,29.17,5700,0.650107,0.05,0.02,1.24,5.2,10.377405303719264,,2.810914592450723,0.448847650093081,753374.921657525,415831.8328655477,337543.0887919773,5.528329220219269,0.8117297958309899,-0.0905885122717942,-0.072,-0.07418483877756152
Ye2024,2.0777871220472535e+18,6953889.0,-4.9433,0.015,11.74,5967,0.565145,-0.13,0.03,1.02,4.32,14.032847450821215,,0.8366085387262557,-0.0774777071678066,819098.042413446,574222.3164328769,244875.72598056917,5.388945736553126,0.4264475952480569,-0.3701343302477653,0.195,-0.2441264114390455
Ye2024,2.07779887307916e+18,7037766.0,-4.8596,0.0172,26.46,5854,0.600629,-0.16,0.03,1.04,7.84,13.628989336448337,,1.941449901148384,0.2881261881164054,920073.6836846344,501812.716453145,418260.96723148937,5.62144733743042,0.8335001356438184,-0.0790943251588828,0.082,-0.10373557314306006
Ye2024,2.0778099369149368e+18,7204303.0,-4.792,0.0147,21.56,5873,0.594615,-0.01,0.03,1.22,4.83,10.648698264908193,,2.024660617068004,0.3063522352113283,1089059.8315580934,513408.4425005358,575651.3890575576,5.760159556960054,1.1212347546407104,0.0496965510172085,0.101,0.031634529314569594
Ye2024,2.0780339280487852e+18,7695814.0,-4.6323,0.0128,6.26,5993,0.557076,-0.13,0.03,1.08,5.98,12.87049780038931,,0.4863836735056701,-0.3130210115013553,1705645.7930564042,592096.0417386078,1113549.7513177963,6.046709625267772,1.880691092019484,0.2743174675075525,0.221,0.21088726465368782
Ye2024,2.0781760742860475e+18,7691197.0,-5.0322,0.0129,7.91,6223,0.48718,-0.16,0.03,1.1,1.79,12.514101920504952,,0.632086908852731,-0.1992232042488796,789606.9105281428,772144.5260210762,17462.38450706657,4.242103546789551,0.0226154352178751,-1.645595050150966,0.451,-0.4392821625253554
Ye2024,2.0783283222858824e+18,8240900.0,-4.6843,0.0122,10.65,6089,0.527581,-0.07,0.03,1.2,4.14,10.930356368792774,,0.97435066530921,-0.0112847139624288,1612484.8125087752,662291.4021511062,950193.410357669,5.977812014238075,1.4347059425374755,0.1567628971536928,0.317,0.1031723540715338
Ye2024,2.0783736427766702e+18,8435766.0,-4.5817,0.0057,12.53,5075,0.865658,-0.03,0.01,0.84,0.24,18.60920008626386,,0.6733228694364384,-0.171776634453225,985498.3987416195,183368.24500464395,802130.1537369756,5.904244842677728,4.37442237458651,0.6409207142517108,-0.697,0.36980044401916196
Ye2024,2.0787489498999585e+18,7770198.0,-4.8002,0.018,20.89,5463,0.728926,0.27,0.02,1.0,4.54,14.454397707459272,,1.4452348982496588,0.1599384399803087,800085.755979177,308240.68676996016,491845.0692092168,5.691828321905869,1.5956526517094107,0.2029383582780599,-0.309,-0.03581453239720556
Ye2024,2.0788433060460864e+18,7978967.0,-4.7212,0.006,18.32,5578,0.690263,-0.08,0.01,0.92,6.08,16.339848430570573,,1.1211854306876383,0.0496774456588208,1043099.593950873,357004.3393984444,686095.2545524286,5.836384415494868,1.9218120869581177,0.2837109204881491,-0.194,0.17796622696804018
Ye2024,2.0789717083905213e+18,8703914.0,-4.725,0.0112,25.02,5431,0.73983,0.25,0.02,0.98,6.38,14.894693714546571,,1.679792849688797,0.2252557282830056,929246.5295079132,295734.9208162875,633511.6086916256,5.801754577458644,2.142160306747025,0.3308519677706223,-0.341,0.11171609077136892
Ye2024,2.07909351366413e+18,8517490.0,-4.785,0.0212,17.59,5390,0.753894,0.26,0.03,0.98,3.95,14.894693714546571,,1.180957483054594,0.0722342623830657,785175.6041658638,280350.1511392042,504825.4530266596,5.703141243681304,1.8006962042834609,0.2554404491147962,-0.382,0.018480523983273472
Ye2024,2.0791529216495867e+18,8650925.0,-4.7538,0.0157,12.95,5906,0.584216,0.06,0.03,1.08,2.94,12.87049780038931,,1.006177088162688,0.0026744237054856,1216145.4159292255,534095.3175971321,682050.0983320934,5.833816275873622,1.2770194305402311,0.106197505338751,0.134,0.06642442818035466
Ye2024,2.0791574227753185e+18,8714686.0,-4.7035,0.0084,17.57,5513,0.712017,0.14,0.02,0.98,2.84,14.894693714546571,,1.1796147229829004,0.0717401844208994,1036725.3225737016,328689.1338668201,708036.1887068816,5.850055455647469,2.154121069891429,0.3332701086686229,-0.259,0.163830302126678
Ye2024,2.0791668373439488e+18,8911233.0,-4.6361,0.0169,12.45,5040,0.878502,-0.03,0.03,0.82,2.85,19.248913098918976,,0.6467897660517359,-0.1892368604144016,845734.1792737918,174636.60580531054,671097.5734684813,5.826785668512084,3.842823046026435,0.5846503865711307,-0.732,0.3125381328573359
Ye2024,2.0791802032821064e+18,8979694.0,-4.7782,0.0091,8.25,6111,0.520888,-0.07,0.02,1.18,5.05,11.222913527863296,,0.735103231395092,-0.1336516681577947,1317834.4957903028,679346.903530359,638487.5922599437,5.8051524620295085,0.939855012132856,-0.0269391381952664,0.339,-0.0179401094474983
Ye2024,2.0792200605792512e+18,9046116.0,-4.962,0.0111,10.95,6014,0.550584,0.26,0.03,1.24,3.09,10.377405303719264,,1.055177058187707,0.0233253401474854,809590.5527746866,606879.0388474129,202711.51392727369,5.306878417134381,0.3340229287079418,-0.4762237204053339,0.242,0.3680210872161522
Ye2024,2.0793127932065859e+18,8837309.0,-4.7035,0.0089,11.29,5229,0.810177,0.05,0.02,0.9,2.6,16.867395843027396,,0.6693386522180323,-0.1743540951215363,839047.029023128,226386.96898558963,612660.0600375384,5.787219569134493,2.7062514365680497,0.4323681442354217,-0.543,0.21870913837342648
Ye2024,2.079431613486358e+18,9111835.0,-5.0814,0.0121,27.02,5291,0.7883,-0.19,0.03,0.8,8.91,19.92161221406761,,1.356315930139423,0.1323608626394676,368436.6142953563,246003.4619095026,122433.15238585373,5.087899031769791,0.4976887375304225,-0.3030421870312086,-0.481,-0.6669359784862807
Ye2024,2.0794349463810212e+18,9175366.0,-4.8381,0.0077,24.68,5357,0.765292,-0.14,0.02,0.86,2.73,18.000329833835156,,1.3710859871916954,0.1370646922744451,677951.0256747932,268471.1399958322,409479.88567896094,5.612232573365832,1.5252286919380524,0.1833349664371742,-0.415,0.05056161606440347
Ye2024,2.0795904585570734e+18,8178763.0,-5.0704,0.0092,28.66,5576,0.690928,-0.07,0.01,0.92,6.47,16.339848430570573,,1.7539942381827356,0.2440281623883149,466125.429976981,356102.8864097597,110022.54356722126,5.041481681010397,0.3089627963324642,-0.5100938128737722,-0.196,-0.27658101160032655
Ye2024,2.0796368399003638e+18,8441053.0,-5.0451,0.011,9.99,6075,0.531853,0.09,0.02,1.24,3.6,10.377405303719264,,0.9626683845931684,-0.0165232908026693,696140.4436800553,651630.3296271437,44510.11405291164,4.648458707122035,0.0683057740396765,-1.16554258288393,0.303,-0.456494093431508
Ye2024,2.0797312304049812e+18,8702518.0,-5.0405,0.0096,20.91,5837,0.606027,0.06,0.01,1.1,6.77,12.514101920504952,,1.6709149512149943,0.2229543450711156,599612.2679740661,491628.8244133474,107983.44356071868,5.033357172881215,0.2196442482589859,-0.6582801649554096,0.065,-0.4163719397850531
Ye2024,2.080050844690215e+18,9288124.0,-4.5441,0.0116,7.5,5765,0.629063,-0.1,0.03,0.96,5.11,15.354869714245666,,0.4884443918818656,-0.3111848724232569,1789406.3869686653,450438.1301781258,1338968.2567905397,6.126770281221032,2.97259083342044,0.4731351342244719,-0.007,0.40672743356380636
Ye2024,2.0802743848472968e+18,9724820.0,-4.5757,0.0054,4.13,6074,0.532159,-0.17,0.01,1.04,3.55,13.628989336448337,,0.303030540126335,-0.5185136000786758,2050269.1969854976,650874.4930981946,1399394.7038873034,6.145940225959663,2.1500223449011124,0.3324429735048258,0.302,0.23841416756523226
Ye2024,2.0802805051814584e+18,9664850.0,-5.0329,0.0256,20.84,5777,0.625204,0.12,0.03,1.06,5.63,13.24184353201083,,1.5737989917809698,0.1969492627530659,585492.3254694848,457089.9695452686,128402.35592421616,5.108572992233616,0.2809126528240293,-0.5514286989333421,0.005,-0.314300711930963
Ye2024,2.0803386031982925e+18,9843813.0,-4.8556,0.0088,4.82,6236,0.483307,0.03,0.01,1.4,3.23,8.525863775948729,,0.5653386127980502,-0.2476913510825382,1195738.362195496,783588.4951471986,412149.8670482974,5.615055164084611,0.5259774353512864,-0.2790328868588561,0.464,-0.12602886077818537
Ye2024,2.0804105224312407e+18,9659246.0,-4.9908,0.0164,26.74,5903,0.585159,-0.12,0.03,1.12,5.88,12.171862643132958,,2.196870009462849,0.3418043601325401,703238.8733946424,532185.6031551067,171053.27023953572,5.233131381551823,0.3214165682525648,-0.4929317401575993,0.131,-0.22391266289614428
Ye2024,2.0804124422732751e+18,9658824.0,-4.8338,0.0184,18.83,5433,0.739147,0.14,0.03,0.96,5.62,15.354869714245666,,1.2263210532180704,0.0886041842017077,724386.8481928195,296503.56570450444,427883.2824883151,5.631325318816474,1.443096582908361,0.1592953983287429,-0.339,0.06400697291141036
Ye2024,2.0805104405510305e+18,10019950.0,-4.5646,0.0076,8.44,5794,0.61975,-0.07,0.02,1.0,2.97,14.454397707459272,,0.5839053394555825,-0.2336575533743448,1741508.9073330518,466657.618763614,1274851.2885694378,6.105459527263749,2.731877156419502,0.4364611666461628,0.022,0.30298499200047796
Ye2024,2.0805719788419459e+18,10286632.0,-4.8003,0.013,7.23,6167,0.503957,0.09,0.04,1.24,2.93,10.377405303719264,,0.6967059480088696,-0.1569504817341208,1298995.1522711143,724471.5516832316,574523.6005878829,5.759307873571849,0.793024376530782,-0.1007134628335993,0.395,-0.11158566991568675
Ye2024,2.0806091904388966e+18,10350184.0,-5.0324,0.0127,23.26,5642,0.669089,0.04,0.02,1.0,9.95,14.454397707459272,,1.6091988383574467,0.2066097103924297,533266.2076426467,386904.0063575872,146362.20128505956,5.165428932645434,0.3782907358932532,-0.4221742941809651,-0.13,-0.27062564024490277
Ye2024,2.0806275385391872e+18,10544602.0,-5.012,0.0155,8.78,6174,0.501852,-0.07,0.03,1.12,2.86,12.171862643132958,,0.7213357772282653,-0.1418625268873228,801453.3290654748,730288.9128330308,71164.416232444,4.852262891152602,0.0974469350169562,-1.0112318161272351,0.402,-0.3953986776558715
Ye2024,2.082101983634331e+18,8718318.0,-4.8706,0.0142,21.81,5518,0.710335,-0.28,0.03,0.86,6.83,18.000329833835156,,1.2116444643699706,0.0833752024919413,708171.6245513817,330796.53958281834,377375.08496856334,5.576773223815517,1.1408072328824457,0.0572122660061918,-0.254,0.0012924060661700864
Ye2024,2.0821125964915676e+18,8719482.0,-4.6145,0.0162,10.61,5400,0.750454,0.23,0.03,0.96,5.78,15.354869714245666,,0.6909859997155459,-0.1605307519136163,1171350.2536157188,284037.71273233165,887312.5408833872,5.94807661968863,3.123925102578062,0.4947006129367018,-0.372,0.1893885394763154
Ye2024,2.0821666830227308e+18,8912556.0,-4.7325,0.0132,8.8,5823,0.610484,0.03,0.02,1.04,1.2,13.628989336448337,,0.6456825068067188,-0.1899809795849081,1206976.729699691,483375.7626147192,723600.9670849718,5.859499138618105,1.496974037694412,0.1752142683565269,0.051,0.10858003560962422
Ye2024,2.0822861475318712e+18,9183249.0,-4.6444,0.0116,8.91,5781,0.623919,-0.06,0.03,1.0,2.77,14.454397707459272,,0.6164213950887726,-0.2101222959631251,1436228.7436134478,459325.8993995259,976902.8442139218,5.9898513740361965,2.12681855190622,0.3277304399416332,0.009,0.23704772913522146
Ye2024,2.0851803413128315e+18,9050278.0,-4.8456,0.0086,21.94,5614,0.678323,-0.15,0.02,0.9,9.32,16.867395843027396,,1.3007342807496574,0.1141885861921881,803713.6972228053,373568.6977807095,430144.9994420959,5.633614878469259,1.1514481860966777,0.0612443999653954,-0.158,0.028024727004820782
Ye2024,2.0852434257936123e+18,9240920.0,-4.8279,0.0144,36.93,5618,0.677001,-0.05,0.03,0.94,10.38,15.836148205371112,,2.3320064652763564,0.3677297501306957,839534.7479408402,375449.24108442495,464085.5068564153,5.666598005845087,1.2360805564980732,0.0920467750428939,-0.154,0.0607703251070002
Ye2024,2.0852796753181993e+18,9488723.0,-4.8506,0.0131,17.84,5655,0.664818,0.22,0.03,1.06,5.51,13.24184353201083,,1.347244434422865,0.1294463981656833,817979.0367489125,393232.9445285636,424746.09222034895,5.6281293919320285,1.0801386255405574,0.0334794966386385,-0.117,-0.11092966331836708
Ye2024,2.0853255799271337e+18,9490818.0,-4.7607,0.0095,5.99,6227,0.485988,-0.02,0.02,1.18,2.47,11.222913527863296,,0.5337294977038305,-0.2726787943184084,1479201.026423472,775650.3688236183,703550.6575998537,5.847295373304555,0.907046120105488,-0.0423706300313165,0.455,-0.07571272799966694
Ye2024,2.0854342941414218e+18,10035559.0,-4.8661,0.009,17.33,6060,0.536442,-0.31,0.02,1.0,6.85,14.454397707459272,,1.1989430726025172,0.0787985627139171,1040883.7614806194,640371.5075959974,400512.253884622,5.602615808093317,0.6254373424391959,-0.203816192279001,0.288,-0.08798083762171487
Ye2024,2.0855151769633508e+18,9911201.0,-4.7402,0.0095,19.1,5924,0.578568,-0.24,0.02,0.96,5.42,15.354869714245666,,1.243905051325818,0.0947872314327706,1270199.4958267077,545677.5686183949,724521.9272083126,5.860051533660155,1.327747316135305,0.1231154322235,0.152,0.10008136790549474
Ye2024,2.085521013816855e+18,9668065.0,-4.8619,0.0134,13.54,5861,0.598411,0.34,0.03,1.16,3.36,11.52693877886925,,1.1746397078833295,0.0699046777798299,919599.279119419,506058.3973044646,413540.88181495445,5.616518449484737,0.8171801594790098,-0.0876821862556765,0.089,-0.5643708504169668
Ye2024,2.0855442409999457e+18,9848292.0,-4.4869,0.0066,5.3,5267,0.796738,0.01,0.02,0.86,8.16,18.000329833835156,,0.2944390491132895,-0.5310045934859698,1422214.1985096163,238243.6831198249,1183970.5153897917,6.073340887215486,4.969577786431014,0.6963194927952459,-0.505,0.48917401130980115
Ye2024,2.0855573363634104e+18,9910321.0,-4.7051,0.011,10.49,6247,0.480036,-0.03,0.03,1.36,2.77,8.941232764773126,,1.1732162975701452,0.0693780872914851,1702933.7800803497,793385.240446877,909548.5396334728,5.958825880895338,1.146414746915592,0.0593417639758846,0.475,-0.04242968384658427
Ye2024,2.0855840639367634e+18,10228131.0,-4.8191,0.0079,30.82,5160,0.83483,-0.16,0.02,0.82,3.38,19.248913098918976,,1.601129364635703,0.2044264225362437,609692.0654433485,206148.60318638507,403543.4622569634,5.605890315766585,1.957536728454608,0.291709919294744,-0.612,0.08753629089230172
Ye2024,2.085591043264607e+18,9853379.0,-4.7492,0.0197,29.18,5102,0.85581,0.35,0.03,0.9,8.3,16.867395843027396,,1.7299647362021422,0.2380372505109286,684500.1595811159,190357.59210524472,494142.5674758712,5.693852267416215,2.59586477224754,0.4142820647861287,-0.67,0.020844959540435956
Ye2024,2.0856173628242644e+18,10164382.0,-4.917,0.0123,15.76,5814,0.613355,0.01,0.02,1.02,3.46,14.032847450821215,,1.1230792649340535,0.0504104090741342,784353.513602044,478133.2469953461,306220.2666066979,5.486033930268801,0.6404496414567016,-0.1935150131437831,0.042,-0.12664462478702532
Ye2024,2.085694534798393e+18,10361888.0,-4.8358,0.0086,14.48,5877,0.593352,-0.03,0.02,1.02,3.79,14.032847450821215,,1.0318647053455012,0.0136227577817258,987266.7244403078,515878.7270599661,471387.9973803417,5.673378520195414,0.9137573864827097,-0.0391690993410975,0.105,-0.03202757090014723
Ye2024,2.0857015785448064e+18,10492540.0,-4.7235,0.016,16.51,5561,0.695928,0.02,0.03,0.94,5.23,15.836148205371112,,1.0425514958492457,0.0180975157425106,1024998.705553378,349404.0303992172,675594.6751541607,5.829686217926386,1.933562913920166,0.2863583076342407,-0.211,0.16391448546201093
Ye2024,2.0857068355851085e+18,10557213.0,-4.5493,0.0116,14.59,5260,0.799206,-0.07,0.03,0.86,2.16,18.000329833835156,,0.8105407031250743,-0.0912251711933073,1225334.645991753,236020.3751241957,989314.2708675574,5.995334273824534,4.191647735272739,0.6223847775406721,-0.512,0.42565569081755755
Ye2024,2.0861010062012856e+18,10753865.0,-4.6605,0.0123,7.08,6168,0.503657,0.1,0.03,1.3,2.95,9.620852087644154,,0.7359015537815705,-0.1331802801041872,1793449.6837147546,725300.1604777332,1068149.5232370214,6.028632050980442,1.472699968153135,0.1681142774279939,0.396,0.04541378134204433
Ye2024,2.086406262420143e+18,10486315.0,-4.873,0.0127,13.71,5896,0.587361,-0.06,0.03,1.02,4.54,14.032847450821215,,0.9769934468430124,-0.0101083492898896,917997.7907441251,527752.3765751196,390245.4141690056,5.5913378083064025,0.7394479522792989,-0.131092389393114,0.124,-0.09615130697536244
Ye2024,2.08643271511684e+18,10747044.0,-4.8712,0.0139,32.83,5159,0.83519,-0.12,0.02,0.84,2.24,18.60920008626386,,1.764181149528992,0.246543177281965,540348.3729766678,205867.11172914004,334481.2612475278,5.524371792164366,1.624743546640931,0.2107848206575429,-0.613,0.00911103760557233
Ye2024,2.0864373923403904e+18,10424058.0,-4.771,0.0096,9.1,6117,0.519066,0.2,0.02,1.24,2.49,10.377405303719264,,0.8769051351148981,-0.057047386707558,1345134.3358444644,684063.2942688308,661071.0415756336,5.820248133171612,0.966388705715057,-0.0148481543378963,0.345,-0.07550929687650988
Ye2024,2.0865056307812106e+18,10617017.0,-4.9642,0.0099,7.39,6153,0.508176,0.09,0.02,1.26,3.0,10.11597610345872,,0.7305276252553928,-0.1363633563633191,882590.8017580269,712956.0379666033,169634.76379142364,5.2295148583904325,0.2379315901093045,-0.6235478929801684,0.381,-0.41512858195884206
Ye2024,2.086536137928044e+18,10934285.0,-4.8043,0.0124,6.5,6237,0.48301,-0.1,0.03,1.12,3.0,12.171862643132958,,0.5340185138933627,-0.2724436861505698,1346525.9046007665,784474.7971641409,562051.1074366256,5.749775807861857,0.7164680235342525,-0.1448031876986228,0.465,0.017179597877932176
Ye2024,2.0866419702217866e+18,10931822.0,-4.9291,0.0141,10.93,6024,0.5475,-0.13,0.03,1.04,3.94,13.628989336448337,,0.8019670226587995,-0.0958434897853739,879126.9412137576,614029.1520901066,265097.789123651,5.423406105796457,0.4317348585507367,-0.3647828847116862,0.252,-0.23952364220377764
Ye2024,2.0867155988423867e+18,10876237.0,-4.9712,0.0118,13.5,5924,0.578568,0.02,0.02,1.08,5.09,12.87049780038931,,1.0489104780074356,0.0207384237832211,746228.6793868812,545677.5686183949,200551.11076848628,5.302225071699308,0.3675267636092558,-0.4347110297373468,0.152,-0.29359726585702123
Ye2024,2.0868222858300306e+18,11308629.0,-4.6921,0.0074,10.61,6011,0.55151,0.0,0.01,1.2,4.27,10.930356368792774,,0.970691132293964,-0.0129189378358447,1504175.977562864,604747.9880593764,899427.9895034877,5.953966398350643,1.487277357283541,0.1723919661718954,0.239,0.12226809696089765
Ye2024,2.0868339037199462e+18,11414369.0,-4.9582,0.0112,6.51,6276,0.47144,0.08,0.02,1.38,3.4,8.730003855438706,,0.7457041380278812,-0.1274334469352455,968597.795530476,819718.4140838583,148879.3814466179,5.172834555750876,0.1816225900122177,-0.7408301353991628,0.504,-0.670378246125459
Ye2024,2.0869441984809329e+18,11205191.0,-4.756,0.0152,8.69,6145,0.51059,-0.23,0.04,1.08,2.37,12.87049780038931,,0.6751875595470085,-0.1705755682631185,1418075.2770000328,706446.5440912269,711628.732908806,5.852253474954076,1.007335571050525,0.0031741700356428,0.373,-0.07014428892889038
Ye2024,2.087203442705491e+18,11726065.0,-4.7386,0.0141,15.19,5493,0.718762,0.06,0.03,0.96,3.4,15.354869714245666,,0.9892627083580718,-0.0046883619521706,942432.2358292677,320374.3020776968,622057.9337515708,5.793830833464077,1.9416598950583437,0.288173160363498,-0.279,0.15108969260038427
Ye2024,2.099559685657383e+18,3330409.0,-4.8611,0.013,22.88,5550,0.699603,-0.41,0.03,0.82,7.79,19.248913098918976,,1.188638541948893,0.0750498082748297,740770.4832495754,344560.5333574476,396209.94989212777,5.597925377636117,1.1498993980285577,0.0606598466212499,-0.222,-0.047123791697127285
Ye2024,2.0997320684654172e+18,4644327.0,-5.0055,0.0112,19.42,5747,0.634867,-0.1,0.02,0.94,7.17,15.836148205371112,,1.226308300992874,0.088599668051703,610768.3518568784,440616.1788088976,170152.17304798076,5.230837499930333,0.3861686910996941,-0.4132229398622354,-0.025,-0.19779837376964313
Ye2024,2.0997366383101996e+18,4144574.0,-4.9865,0.0126,23.2,5747,0.634867,0.07,0.03,1.02,5.56,14.032847450821215,,1.6532638925425156,0.2183421808114974,638082.0464450438,440616.1788088976,197465.8676361461,5.295492037793681,0.4481584588426797,-0.348568401998887,-0.025,-0.28736084111847404
Ye2024,2.0997570136355395e+18,4451655.0,-4.8158,0.0116,20.47,5579,0.68993,-0.11,0.03,0.92,3.95,16.339848430570573,,1.2527655985903907,0.0978698189894949,839531.860240601,357455.7997663032,482076.0604742978,5.683115565289155,1.3486312455678957,0.1298932173460528,-0.193,0.07942430199209066
Ye2024,2.1000248477953147e+18,3527869.0,-4.6331,0.0089,3.65,6057,0.537361,-0.08,0.02,1.18,4.47,11.222913527863296,,0.3252274902535861,-0.4878127522512451,1776405.1815162485,638139.8917515443,1138265.2897647042,6.056243492686217,1.7837237641427384,0.2513275983599389,0.285,0.14120413379434796
Ye2024,2.1000601696067418e+18,3938530.0,-4.9387,0.0155,5.24,6282,0.469667,0.06,0.03,1.32,2.41,9.386296808958306,,0.5582606332029614,-0.253162996160883,1016959.0485534696,825259.2883432234,191699.7602102463,5.2826215696363725,0.2322903394339244,-0.6339688514041554,0.51,-0.128467118669929
Ye2024,2.1000612347587113e+18,3938845.0,-4.889,0.0086,10.6,6025,0.547192,0.02,0.02,1.12,3.71,12.171862643132958,,0.8708609611184068,-0.0600511775286551,964805.8800095482,614748.1228610955,350057.7571484527,5.544139705897239,0.5694328199316022,-0.2445575053934467,0.253,-0.09175335509757143
Ye2024,2.1003144660295334e+18,4242173.0,-4.7962,0.0074,14.0,5826,0.609528,-0.02,0.02,1.02,4.43,14.032847450821215,,0.997659245499794,-0.0010177684011642,1044464.438270455,485134.193683534,559330.2445869211,5.747668303508609,1.1529392318031229,0.0618064174524854,0.054,0.05403868226437239
Ye2024,2.100317317887869e+18,4345548.0,-4.8588,0.0125,25.72,5336,0.772582,-0.1,0.03,0.84,7.22,18.60920008626386,,1.3821120671911569,0.1405432588048094,636319.1891933423,261138.88016361743,375180.3090297249,5.574240036785537,1.436707964722275,0.1573684993806636,-0.436,0.05719546956872992
Ye2024,2.1003906029133908e+18,4041607.0,-4.8618,0.0108,15.22,5910,0.582959,0.05,0.02,1.2,4.66,10.930356368792774,,1.3924523123010497,0.1437803306973686,950958.7090858298,536650.7494620593,414307.9596237704,5.617323276980349,0.7720253070345551,-0.1123684632325013,0.138,-0.17180777660653607
Ye2024,2.1003960704081137e+18,4141974.0,-4.8743,0.0126,19.96,5570,0.692927,0.23,0.02,1.02,7.62,14.032847450821215,,1.422377038583992,0.15301473287195,729008.3745083993,353410.237570892,375598.1369375073,5.574723429388092,1.0627822768211816,0.0264443034133045,-0.202,-0.17024225172475357
Ye2024,2.1004379162731197e+18,4041102.0,-4.8367,0.0103,16.21,5873,0.594615,-0.29,0.02,0.92,9.26,16.339848430570573,,0.9920532659086584,-0.0034650088244957,982543.3938237767,513408.4425005358,469134.95132324094,5.671297789803624,0.9137655567920492,-0.0391652161392205,0.101,-0.04667307416668873
Ye2024,2.100439398038056e+18,4141290.0,-4.7748,0.0137,18.86,5795,0.61943,-0.12,0.03,0.96,7.11,15.354869714245666,,1.228274830785598,0.0892955525863525,1074052.469084323,467225.7330819069,606826.736002416,5.783064706990309,1.2987870595219042,0.1135379528780264,0.023,0.07926243675399226
Ye2024,2.1004700812850547e+18,4639149.0,-4.8222,0.0124,35.59,5575,0.691261,-0.12,0.02,0.9,12.82,16.867395843027396,,2.109987832811317,0.3242799509573417,824880.8540579157,355652.8929034321,469227.96115448367,5.671383883693455,1.319342455853128,0.1203575380660593,-0.197,-0.19787977475656593
Ye2024,2.1004786025002435e+18,4546924.0,-4.9219,0.012,22.03,5626,0.67436,0.01,0.02,0.94,8.23,15.836148205371112,,1.3911211056062316,0.1433649396304846,680002.7169629303,379234.7111230045,300768.0058399258,5.478231636353844,0.793091974490626,-0.1006764448418902,-0.146,-0.15176177210952768
Ye2024,2.1006580634129395e+18,4638608.0,-4.584,0.0075,9.17,5296,0.786547,-0.08,0.02,0.84,6.56,18.60920008626386,,0.4927670161797398,-0.3073583697773539,1162528.5902084017,247647.09268694124,914881.4975214604,5.961364844552299,3.694295328061824,0.5675316107092124,-0.476,0.38700070691859484
Ye2024,2.1007886647794007e+18,5084598.0,-4.9325,0.0171,11.06,6012,0.551201,-0.1,0.03,1.12,6.02,12.171862643132958,,0.908653040563168,-0.0416019158247459,865341.6837074914,605457.6236415386,259884.06006595283,5.4147796429573685,0.4292357547715301,-0.3673041090424701,0.24,-0.28819054085455925
Ye2024,2.100877725221796e+18,5690085.0,-4.4936,0.0121,9.81,5728,0.641013,-0.2,0.04,0.92,6.69,16.339848430570573,,0.6003727661051165,-0.2215790162930621,1958951.9060500253,430448.5166604475,1528503.3893895778,6.184266406092241,3.550955178677764,0.5503451905286588,-0.044,0.4247277220813506
Ye2024,2.1009791208106644e+18,4359846.0,-4.7578,0.0112,14.95,5914,0.581704,0.21,0.03,1.24,5.29,10.377405303719264,,1.4406298648316185,0.1585524136317967,1211537.9358695485,539216.66664464,672321.2692249084,5.827576850598618,1.246848086889696,0.0958135432584195,0.142,-0.028942102462575014
Ye2024,2.1009805982795013e+18,4460061.0,-4.7897,0.01,9.05,6093,0.526362,-0.08,0.03,1.24,3.97,10.377405303719264,,0.8720869750318493,-0.0594401998234483,1268342.219506666,665364.7758737601,602977.443632906,5.780301066221434,0.906235895702584,-0.0427587395560731,0.321,0.010849006508918563
Ye2024,2.1009869548317535e+18,4358822.0,-4.6603,0.0079,11.21,6222,0.487479,-0.33,0.02,1.08,4.13,12.87049780038931,,0.8709841821083966,-0.0599897321168118,1857940.337383052,771270.1931460578,1086670.1442369944,6.036097735183112,1.4089357450783897,0.1488911874356862,0.45,0.17032272378598176
Ye2024,2.1009944409540585e+18,4556086.0,-4.9365,0.0114,26.46,5625,0.67469,0.08,0.02,0.98,7.13,14.894693714546571,,1.7764715748507425,0.2495582627770866,657055.180425892,378759.74354500463,278295.43688088737,5.444506085408072,0.7347545287579381,-0.1338577284148993,-0.147,-0.32517131052186726
Ye2024,2.1009978468692623e+18,4649071.0,-4.9162,0.0085,14.78,5918,0.580449,0.23,0.02,1.2,3.81,10.930356368792774,,1.3521974491333448,0.1310401123216215,843551.4570781512,541793.1050321471,301758.35204600403,5.47965929930723,0.5569623334872438,-0.254174174506299,0.146,-0.31638099824818944
Ye2024,2.1010004925680673e+18,4049209.0,-4.9712,0.0082,12.38,5977,0.562037,0.15,0.02,1.28,3.77,9.863939442164517,,1.2550766428147664,0.0986702473590474,773294.2127172261,581041.2341739337,192252.9785432924,5.283873076977476,0.3308766525264225,-0.4803338766499779,0.205,-0.7245819775128793
Ye2024,2.1010083265885665e+18,4356977.0,-4.7636,0.0113,19.39,5695,0.651736,-0.16,0.03,0.9,8.07,16.867395843027396,,1.1495550457491277,0.0605297720322012,1027984.6985679128,413267.0549413797,614717.643626533,5.78867567842048,1.4874586209484526,0.1724448930938906,-0.077,0.12296484933490127
Ye2024,2.1010474966912328e+18,4740598.0,-4.6529,0.0045,9.49,5395,0.752173,-0.03,0.01,0.9,2.96,16.867395843027396,,0.5626238981000113,-0.2497818246192115,1068261.3916190332,282188.76287118945,786072.6287478437,5.895462674292851,2.78562697093173,0.4449229587093978,-0.377,0.2902902439470744
Ye2024,2.1010600723551288e+18,4827905.0,-4.9551,0.0095,23.31,5828,0.608891,-0.03,0.02,1.14,5.84,11.843039123414078,,1.9682447855732708,0.294079109548959,725420.6414207247,486309.528326686,239111.11309403877,5.378599761156593,0.4916850260301956,-0.3083130176839718,0.056,-0.20158997295576236
Ye2024,2.1010614768035617e+18,4739683.0,-4.59,0.0111,6.04,5863,0.597778,-0.02,0.03,1.02,3.04,14.032847450821215,,0.4304187030584825,-0.3661088654582704,1722230.6476073645,507277.0960169975,1214953.551590367,6.084559674910799,2.3950490986678754,0.3793144209079771,0.091,0.2745678813555139
Ye2024,2.1010854642017705e+18,4742786.0,-4.8535,0.0093,16.16,5914,0.581704,0.2,0.02,1.18,4.22,11.222913527863296,,1.4399112993145076,0.1583357397308475,971934.542909544,539216.66664464,432717.876264904,5.636204836966323,0.8024935114813098,-0.0955584703738753,0.142,-0.5027371067046581
Ye2024,2.1011417067952548e+18,4829624.0,-4.631,0.0078,18.09,5275,0.793921,0.03,0.02,0.88,4.63,17.42033268532819,,1.0384417064110274,0.0163821221570214,1026837.196943957,240806.5917625404,786030.6051814166,5.895439456220882,3.2641573448143903,0.5137710852342868,-0.497,0.29948140291738273
Ye2024,2.101145112707199e+18,4829488.0,-4.6974,0.0134,17.84,5368,0.761485,-0.1,0.03,0.86,5.82,18.000329833835156,,0.9910929502228462,-0.0038856130466546,945065.1864451232,272381.85641615547,672683.3300289678,5.827810665431968,2.4696333995213555,0.3926324899473696,-0.404,0.23180673793515083
Ye2024,2.1011468994137083e+18,5005054.0,-4.8012,0.0098,15.62,5908,0.583588,-0.34,0.02,0.94,7.03,15.836148205371112,,0.9863509609427752,-0.0059685279790015,1091876.9128987885,535371.7251040053,556505.1877947832,5.745469217224449,1.0394743721041158,0.0168137864130694,0.136,-0.018817813084570013
Ye2024,2.1011474835293348e+18,4918088.0,-4.7399,0.01,9.42,5963,0.56639,0.02,0.02,1.08,2.68,12.87049780038931,,0.731906422431855,-0.1355444419189076,1304881.1997179866,571514.0426390963,733367.1570788904,5.86532145673068,1.283200590649357,0.1082945508432191,0.191,0.0803303014558754
Ye2024,2.1011545229776883e+18,5093950.0,-5.0594,0.0144,16.53,6085,0.528801,-0.32,0.03,1.2,4.25,10.930356368792774,,1.5123020185503515,0.1796385318342621,678038.0510759677,659230.2189409221,18807.832135045668,4.274338739939261,0.0285299908812753,-1.5446983671516312,0.313,-0.2126209299534829
Ye2024,2.1011568980978586e+18,5181547.0,-4.5942,0.0064,8.14,6015,0.550275,-0.07,0.02,1.06,3.24,13.24184353201083,,0.6147180322983251,-0.2113240469852196,1889532.0524582043,607590.8196722509,1281941.2327859534,6.107868116554274,2.109875908720055,0.3242569132394361,0.243,0.20306009047078522
Ye2024,2.1011679619342428e+18,5180996.0,-4.8037,0.0126,10.85,6041,0.54227,-0.14,0.03,1.1,6.23,12.514101920504952,,0.8670218661254274,-0.0619699495620079,1186716.7698181765,626350.3030595151,560366.4667586614,5.748472138502725,0.8946534615237762,-0.0483451533900109,0.269,-0.14903250254167294
Ye2024,2.1011720808039603e+18,5269052.0,-4.9808,0.0086,10.53,6089,0.527581,0.1,0.02,1.18,3.04,11.222913527863296,,0.9382590335260992,-0.0276772455222333,814696.0915977655,662291.4021511062,152404.6894466593,5.182998330320341,0.2301172700591501,-0.6380507867640401,0.317,-0.43403102415997735
Ye2024,2.1012247242198602e+18,4737848.0,-4.8896,0.0127,19.73,5891,0.588936,-0.1,0.03,1.04,2.38,13.628989336448337,,1.4476495294655185,0.1606634335171144,880577.99299388,524605.2231834437,355972.7698104363,5.55141677782296,0.6785536134205815,-0.1684158324657917,0.119,-0.1338784115341407
Ye2024,2.1013125477118213e+18,5264776.0,-4.9575,0.0133,10.61,5996,0.556147,-0.07,0.03,1.06,2.89,13.24184353201083,,0.8012479511898315,-0.0962330679730803,808273.3009471506,594188.7849683178,214084.51597883276,5.330585257354552,0.3602971334947826,-0.4433391930879517,0.224,-0.32340029616813354
Ye2024,2.101359070797228e+18,5355775.0,-4.8825,0.0133,19.63,5935,0.575125,-0.04,0.03,1.24,4.41,10.377405303719264,,1.8916096486049945,0.2768315205713544,922135.2625072644,552861.183623009,369274.0788842554,5.567348823511718,0.6679327285455801,-0.1752672756870797,0.163,-0.16636338983033266
Ye2024,2.1013603077478164e+18,5268581.0,-4.733,0.0116,9.96,6035,0.544114,0.02,0.03,1.1,2.36,12.514101920504952,,0.7959021001483187,-0.0991403493228574,1390979.8358851357,621977.6580498605,769002.177835275,5.885927569737066,1.2363823167642274,0.0921527849818227,0.263,0.07306399183049442
Ye2024,2.1014153176900508e+18,5871194.0,-4.7046,0.0095,6.85,6096,0.525449,-0.11,0.03,1.08,2.54,12.87049780038931,,0.5322249462482173,-0.2739047732193594,1545936.2110723478,667677.8305459681,878258.3805263797,5.94362230261322,1.3153924547834954,0.1190553463758367,0.324,0.09585131754752806
Ye2024,2.1014260379276923e+18,5612160.0,-4.9771,0.0138,11.36,5977,0.562037,0.01,0.03,1.12,4.78,12.171862643132958,,0.9333000488967076,-0.0299787114184253,762859.8531114447,581041.2341739337,181818.618937511,5.25963835461632,0.3129186161736051,-0.5045685990111337,0.205,-0.05487239956790122
Ye2024,2.1014285461885402e+18,5612032.0,-4.8043,0.0109,9.68,6138,0.512706,-0.01,0.02,1.14,2.92,11.843039123414078,,0.8173577659523492,-0.087587806663224,1263046.3059665335,700792.6413279276,562253.6646386061,5.749932294747311,0.8023110282282576,-0.0956572381281044,0.366,-0.1737023257737285
Ye2024,2.1014396787436e+18,5611371.0,-4.5076,0.0081,9.43,5065,0.869319,0.13,0.02,0.88,1.04,17.42033268532819,,0.5413214644254277,-0.2665447519654639,1159656.9507549556,180836.09504636645,978820.8557085892,5.990703214278711,5.412751560785578,0.733418093919803,-0.707,0.44386873861203585
Ye2024,2.1014592981549307e+18,5870102.0,-4.6548,0.0077,6.48,5783,0.623277,0.04,0.02,1.04,0.78,13.628989336448337,,0.4754571186485838,-0.3228886458644834,1404185.5703536218,460447.37959117006,943738.1907624518,5.974851530233228,2.049611383607817,0.3116715244928876,0.011,0.2229182673069139
Ye2024,2.101501869870951e+18,5360750.0,-4.8628,0.0117,20.35,5678,0.657285,-0.03,0.03,1.12,6.91,12.171862643132958,,1.671888731958451,0.2232073707678134,808338.5470361457,404648.08249056543,403690.46454558027,5.606048491188503,0.9976334548798772,-0.0010289955498559,-0.094,-0.1154352594086003
Ye2024,2.1015073674290898e+18,5446285.0,-4.9326,0.0177,31.52,5311,0.781298,0.27,0.03,0.96,5.28,15.354869714245666,,2.052768964282188,0.3123400730025608,526886.3437066822,252634.65536452757,274251.68834215467,5.438149309849026,1.085566380219831,0.0356563848441077,-0.461,-0.18055252815606632
Ye2024,2.1015075048680612e+18,5446341.0,-4.703,0.0136,26.44,5802,0.617189,0.01,0.03,1.18,5.5,11.222913527863296,,2.355894477343786,0.3721558341058827,1273276.238532599,471219.17814932426,802057.0603832748,5.904205266199473,1.7020891711863042,0.2309823087096215,0.03,-0.2666908520306466
Ye2024,2.1015136209013842e+18,5445867.0,-4.5355,0.0117,8.78,5688,0.654019,-0.14,0.04,0.92,10.46,16.339848430570573,,0.5373366856679839,-0.2697535077669082,1729617.5667317328,409699.1787837767,1319918.387947956,6.120547079115245,3.221676918821841,0.5080819856771914,-0.084,0.4159496123543132
Ye2024,2.101570417549452e+18,5702239.0,-4.4775,0.0044,1.67,6263,0.475289,0.0,0.01,1.2,0.56,10.930356368792774,,0.1527855033865146,-0.8159178505896021,2905637.1759890737,807822.6064675797,2097814.569521494,6.321767097302409,2.596875295053637,0.4144510948081892,0.491,0.2950577942237333
Ye2024,2.1015730632493975e+18,5702730.0,-5.0241,0.0103,16.84,5941,0.57325,-0.02,0.02,1.06,4.05,13.24184353201083,,1.2717262486368297,0.1043936352892097,668266.8931703209,556813.6128405519,111453.280329769,5.047092855303042,0.2001626356819774,-0.698616988952601,0.169,-0.25373431212196046
Ye2024,2.1015961529941036e+18,5957137.0,-4.648,0.0094,13.13,5582,0.688932,-0.04,0.02,0.94,3.66,15.836148205371112,,0.8291157565415261,-0.0813848314308036,1238143.7371826617,358813.1216837064,879330.6154989552,5.944152194175714,2.4506646004827126,0.3892838774997955,-0.19,0.2904862599572826
Ye2024,2.101636487022947e+18,5876359.0,-4.6956,0.0081,20.63,5238,0.806985,0.32,0.02,0.94,6.42,15.836148205371112,,1.3027157697983005,0.1148496704528685,860347.1273931052,229148.34942335263,631198.7779697526,5.800166149387823,2.754542110201326,0.4400494160588686,-0.534,0.0766383685674907
Ye2024,2.1016798876754483e+18,6444796.0,-4.7434,0.0137,16.28,5638,0.670406,-0.04,0.03,0.94,5.5,15.836148205371112,,1.0280277621093714,0.0120048430328994,1034455.999623196,384974.3144947616,649481.6851284343,5.812566908819662,1.6870779703337115,0.2271351544937977,-0.134,0.05055005562289591
Ye2024,2.1016960711128392e+18,6523086.0,-4.7488,0.0127,16.88,5845,0.603485,-0.07,0.03,1.0,2.51,14.454397707459272,,1.167810678911165,0.0673724422896363,1180184.2067820495,496398.9272162799,683785.2795657698,5.834919747130113,1.3774914530946318,0.1390889128702079,0.073,0.10161604082247165
Ye2024,2.1017084406180818e+18,6283862.0,-4.7285,0.0071,6.13,6166,0.504258,0.15,0.01,1.22,2.15,10.648698264908193,,0.5756572162628415,-0.2398360467849577,1531531.0928183347,723643.7553785859,807887.3374397488,5.907350801195735,1.1164158212311106,0.047825982442786,0.394,-0.021865101971223974
Ye2024,2.101748985109902e+18,6691449.0,-4.776,0.0167,19.5,5729,0.640689,-0.19,0.03,0.92,4.22,16.339848430570573,,1.1934015228389163,0.0767865876895072,1023121.0630976984,430978.5908820697,592142.4722156287,5.772426212555322,1.3739486943045365,0.1379705156955508,-0.043,0.16276979614614875
Ye2024,2.101777400611792e+18,5956162.0,-4.9433,0.0171,8.78,6148,0.509684,-0.27,0.04,1.28,3.59,9.863939442164517,,0.8901108985390668,-0.0505558814189492,923096.6437478436,708881.6015498285,214215.04219801503,5.330849963761119,0.3021873352752793,-0.5197237409742171,0.376,-0.1315203480234913
Ye2024,2.1017832374657395e+18,6038870.0,-4.9702,0.0116,27.61,5129,0.846014,0.07,0.02,0.86,5.64,18.000329833835156,,1.5338607822675328,0.1857859435525042,420283.6863935737,197574.33479876927,222709.3515948044,5.347738453499018,1.1272180256693527,0.0520079250854542,-0.643,-0.2208395010802281
Ye2024,2.1017912776444273e+18,5955461.0,-4.6735,0.0086,4.68,6210,0.491062,-0.03,0.02,1.14,1.99,11.843039123414078,,0.395168837257954,-0.4032173108974937,1788455.4948176318,760844.2822603538,1027611.212557278,6.01182883433038,1.3506196162825852,0.130533053085493,0.438,0.03442529311580466
Ye2024,2.10179759983637e+18,6118234.0,-4.8249,0.0105,8.61,6177,0.50095,0.11,0.03,1.24,2.07,10.377405303719264,,0.8296871663010189,-0.0810856275749969,1235441.37552231,732794.3116314723,502647.0638908376,5.701263150056711,0.6859319947118019,-0.1637189393740288,0.405,-0.13147215291571754
Ye2024,2.1018767346165757e+18,6599635.0,-4.9242,0.0102,11.85,6053,0.538587,-0.26,0.02,1.02,4.31,14.032847450821215,,0.844447289940897,-0.0734274537332796,906346.8553703089,635174.787675443,271172.0676948657,5.433244952633303,0.4269251125147418,-0.369648298450186,0.281,-0.3021034075572071
Ye2024,2.1019282699220536e+18,6689030.0,-4.5863,0.0119,9.83,5466,0.727908,-0.04,0.03,0.9,5.07,16.867395843027396,,0.5827811294334153,-0.2344945192143685,1312170.4282617194,309436.0245377289,1002734.4037239904,6.001185915800247,3.24052251260011,0.5106150429359185,-0.306,0.3144512459354566
Ye2024,2.1019649661217055e+18,7116024.0,-4.5972,0.0064,7.81,5966,0.565456,-0.09,0.02,1.02,3.96,14.032847450821215,,0.5565513362395279,-0.2544947702021019,1816120.8013038705,573544.2176192853,1242576.583684585,6.094323165088787,2.1664878583248117,0.3357562594551794,0.194,0.18929343451504138
Ye2024,2.1021101746775695e+18,5695396.0,-4.9664,0.0083,17.73,5723,0.642634,0.21,0.01,1.08,2.54,12.87049780038931,,1.3775690944497654,0.1391133908891328,657213.8699131787,427806.52934644464,229407.34056673408,5.360607310324717,0.536240858495538,-0.270640098329427,-0.049,-0.29326565378653846
Ye2024,2.1021964820416873e+18,5782134.0,-4.8373,0.0102,14.07,5840,0.605073,-0.1,0.02,0.98,4.25,14.894693714546571,,0.9446317104365058,-0.0247374796396497,959319.1745161486,493412.9823210584,465906.19219509023,5.668298482541562,0.9442519935398258,-0.0249120896008537,0.068,0.014684515560769447
Ye2024,2.1022925518716288e+18,6511785.0,-4.9694,0.0129,7.99,6185,0.498548,-0.1,0.03,1.1,3.32,12.514101920504952,,0.6384796968057296,-0.1948529084325647,890370.0696398178,739511.467544,150858.6020958178,5.178570079086637,0.2039976507691436,-0.6903748338675927,0.413,-0.31128249673174313
Ye2024,2.1023209716733292e+18,6681173.0,-4.9851,0.0117,18.32,5699,0.650433,0.0,0.02,1.0,2.38,14.454397707459272,,1.267434338723492,0.1029254693318316,619022.3997094174,415317.7874149921,203704.6122944253,5.309000862438262,0.4904789018604695,-0.3093796692272427,-0.073,-0.14681330371342333
Ye2024,2.1023237891718577e+18,6680846.0,-4.9438,0.0105,10.54,6038,0.543192,0.04,0.02,1.16,3.89,11.52693877886925,,0.9143798021484708,-0.0388733756927677,857796.3054157214,624160.6945559883,233635.61085973307,5.368539038873498,0.374319647003622,-0.4267573773704053,0.266,-0.28649285032226074
Ye2024,2.102393642518591e+18,6431515.0,-4.7279,0.0097,7.29,6086,0.528496,-0.2,0.03,1.24,4.07,10.377405303719264,,0.7024877401085282,-0.153361250710677,1455591.5599130045,659994.3740934618,795597.1858195425,5.900693238271899,1.2054605570120784,0.0811530047157553,0.314,0.028361929440721807
Ye2024,2.1024043928157217e+18,6593559.0,-4.5912,0.0106,5.72,5755,0.632285,-0.05,0.03,1.0,2.04,14.454397707459272,,0.3957273153656317,-0.4026039712069756,1594384.444272682,444958.556029765,1149425.8882429171,6.06048097441803,2.583220105932804,0.4121614122590622,-0.017,0.333081081184498
Ye2024,2.1024044314764718e+18,6593461.0,-5.0573,0.0096,25.46,5631,0.672711,0.23,0.01,1.14,6.5,11.843039123414078,,2.1497860249118608,0.3323952353460189,499636.1417079074,381617.2237646444,118018.91794326302,5.071951628491218,0.3092599353326072,-0.509676339262895,-0.141,-0.36992408559373624
Ye2024,2.1024123685757414e+18,6272252.0,-4.7667,0.009,11.67,5900,0.586103,0.09,0.02,1.08,2.75,12.87049780038931,,0.9067248354330943,-0.0425244886664148,1175762.9835020425,530281.751508605,645481.2319934375,5.809883619243521,1.2172420230511425,0.0853769371664037,0.128,-0.007315542889772329
Ye2024,2.102416934123893e+18,6272547.0,-4.9094,0.0095,19.37,5993,0.557076,-0.39,0.02,0.98,7.31,14.894693714546571,,1.3004631294353317,0.1140980436447152,901132.9031416028,592096.0417386078,309036.86140299507,5.490010284438208,0.5219370501034786,-0.2823818733220115,0.221,-0.22629998682894853
Ye2024,2.102441574354152e+18,6676909.0,-4.8463,0.0106,5.52,6038,0.543192,-0.28,0.02,1.06,6.63,13.24184353201083,,0.4168603855389133,-0.380009374145222,1073703.0118981584,624160.6945559883,449542.3173421701,5.652770579991733,0.7202349030676511,-0.1425258362521703,0.266,-0.026248483821395687
Ye2024,2.1024530848664284e+18,6678230.0,-4.9733,0.0112,13.13,5996,0.556147,-0.15,0.02,1.18,4.75,11.222913527863296,,1.1699279306930377,0.0681591093817595,779396.1090127549,594188.7849683178,185207.32404443703,5.267658156909582,0.3116977780964214,-0.5062662935329221,0.224,-0.26685561815349684
Ye2024,2.1024762733883564e+18,6935035.0,-4.9953,0.0109,12.06,6091,0.526972,-0.09,0.02,1.18,5.12,11.222913527863296,,1.0745872691666436,0.0312416910964126,788980.2548679757,663826.5626699438,125153.69219803192,5.097443666389935,0.1885337213603768,-0.7246109600950853,0.319,-0.3627214708086644
Ye2024,2.1024819126859046e+18,6511221.0,-4.8585,0.0076,39.57,5750,0.633898,0.13,0.01,1.04,3.64,13.628989336448337,,2.9033700902661206,0.462902398530951,858584.6413010564,442240.2888943324,416344.352406724,5.61945267795257,0.9414437419251148,-0.026205627109326,-0.022,-0.02171102145929722
Ye2024,2.10248620335654e+18,6595043.0,-4.9177,0.0166,23.59,5560,0.696262,0.08,0.03,0.98,4.37,14.894693714546571,,1.5837855045626987,0.1996963638111999,654954.1569953244,348961.31166751427,305992.8453278101,5.48571127200126,0.8768675354457519,-0.057066008652247,-0.212,-0.18901609367591982
Ye2024,2.1024867230493699e+18,6595167.0,-4.9546,0.0123,16.28,6181,0.499749,-0.02,0.03,1.3,3.19,9.620852087644154,,1.6921578101079051,0.2284408627592262,918854.4246882062,736146.3148044357,182708.1098837705,5.261757824854463,0.2481953739485996,-0.6052063174679068,0.409,-0.37422341898852085
Ye2024,2.102486993626811e+18,6680396.0,-4.6504,0.0081,21.07,5543,0.701945,-0.1,0.03,0.9,5.58,16.867395843027396,,1.2491554829259472,0.096616498561596,1197267.6580125664,341508.4029024102,855759.2551101563,5.932351604767595,2.505821958807552,0.3989502106907406,-0.229,0.3424304441269071
Ye2024,2.1024882348778609e+18,6680250.0,-4.9815,0.0145,24.88,5609,0.679977,0.19,0.02,1.02,7.94,14.032847450821215,,1.7729830020024908,0.2487045719393788,585670.6986843216,371229.39028639306,214441.30839792851,5.3313084483773086,0.5776517538993696,-0.2383339036897835,-0.163,-0.8059328907814747
Ye2024,2.1024893000297805e+18,6766786.0,-4.8522,0.0116,27.73,5829,0.608572,-0.19,0.03,1.02,8.22,14.032847450821215,,1.9760779198363776,0.2958040654984594,920000.276568124,486898.1114132875,433102.16515483655,5.63659035485071,0.8895129288912192,-0.05084773515138,0.057,-0.1526951768478287
Ye2024,2.1024952099046282e+18,6594104.0,-4.9823,0.0152,9.82,6090,0.527277,-0.14,0.03,1.12,5.78,12.171862643132958,,0.8067787394512034,-0.0932455550064757,812420.5629080071,663058.6011412214,149361.9617667857,5.174240009138228,0.2252620831849731,-0.6473119039235437,0.318,-0.2785268387729207
Ye2024,2.10254376021566e+18,7188873.0,-4.9876,0.014,19.65,5897,0.587046,0.05,0.03,1.14,6.45,11.843039123414078,,1.6592024897689734,0.2198993907398277,705563.730408392,528383.7476262897,177179.9827821023,5.248414655145097,0.335324437169132,-0.4745347956884388,0.125,-0.3775675316517078
Ye2024,2.1025466807934523e+18,7270548.0,-4.7985,0.0141,10.61,6008,0.552436,0.19,0.03,1.3,3.49,9.620852087644154,,1.102812921698088,0.0425018461073843,1174982.592703425,602623.3621978103,572359.2305056148,5.757668691130664,0.949779358732758,-0.0223772730419265,0.236,-0.11002263953273307
Ye2024,2.1025696330988142e+18,7104562.0,-5.0378,0.0112,15.29,5906,0.584216,-0.14,0.02,1.16,5.23,11.52693877886925,,1.3264579862286638,0.1226934988430246,632390.7474857853,534095.3175971321,98295.42988865322,4.992533326374572,0.1840409879099472,-0.7350854441602996,0.134,-0.4130927987151596
Ye2024,2.1025749932180237e+18,7187461.0,-4.9797,0.0152,24.64,5654,0.665146,-0.13,0.03,0.92,6.03,16.339848430570573,,1.507969924243636,0.1783926798193771,607204.460540584,392742.9693327594,214461.4912078246,5.33134932142818,0.546060675693771,-0.262759097853999,-0.118,-0.2473561744187832
Ye2024,2.1025805938553782e+18,7268752.0,-4.9935,0.012,17.31,5902,0.585473,0.23,0.02,1.16,3.52,11.52693877886925,,1.5016996560901354,0.1765830813060983,698406.9577220569,531550.3352608046,166856.62246125226,5.222343448277609,0.3139055916113461,-0.5032009481281711,0.13,-0.4460129871009098
Ye2024,2.1025981130206234e+18,7432354.0,-4.9496,0.0103,24.01,6137,0.513008,-0.01,0.02,1.24,3.59,10.377405303719264,,2.3136804718800774,0.3643033810283757,903308.7763440484,699988.1196740767,203320.65666997165,5.308181503685026,0.2904630106645814,-0.5369091654666932,0.365,-0.3561961642446826
Ye2024,2.102613338686258e+18,7595897.0,-5.0175,0.0139,9.02,6145,0.51059,-0.02,0.03,1.18,3.23,11.222913527863296,,0.8037128663253006,-0.0948990791657781,776603.3963195262,706446.5440912269,70156.85222829937,4.846070095030906,0.0993094988079376,-1.0030092098875272,0.373,-0.4798438299124861
Ye2024,2.1026949430654477e+18,6939527.0,-5.0379,0.0109,6.92,6187,0.497948,0.16,0.02,1.3,2.55,9.620852087644154,,0.7192710101932864,-0.1431074433371984,761433.8867734453,741198.9884437897,20234.89832965564,4.306101026618347,0.0273002238874347,-1.5638337913226583,0.415,-0.53988850880558
Ye2024,2.102699512910864e+18,7025479.0,-4.6196,0.0095,11.75,5378,0.758031,-0.07,0.03,0.88,5.5,17.42033268532819,,0.6744991735947801,-0.1710185780950372,1138924.4810822902,275979.37393505126,862945.1071472389,5.935983170661598,3.1268463829123827,0.4951065455562512,-0.394,0.3520350496463863
Ye2024,2.1027225682917878e+18,7272437.0,-4.9026,0.0094,8.68,6034,0.544422,0.14,0.01,1.3,4.33,9.620852087644154,,0.9022069896644114,-0.0446938126174643,940660.6134235656,621251.4368101673,319409.17661339825,5.504347389245518,0.5141383306144345,-0.2889200169192197,0.262,-0.2379559603447865
Ye2024,2.1027238739654728e+18,7109680.0,-4.9533,0.0107,12.26,6003,0.553981,0.15,0.02,1.22,3.72,10.648698264908193,,1.151314432525683,0.0611939488790235,819945.7328228762,599096.5527871308,220849.18003574535,5.34409579115786,0.36863704023718,-0.4334010295010514,0.231,-0.2958780014159046
Ye2024,2.1027253857939712e+18,7191982.0,-4.8478,0.0133,22.42,5581,0.689265,0.02,0.03,0.96,6.07,15.354869714245666,,1.4601231021321903,0.1643894724439973,781015.8124435113,358360.19046522083,422655.6219782905,5.625986650143352,1.1794156639709388,0.0716668914008932,-0.191,0.025331189924959877
Ye2024,2.1027468949906578e+18,7435274.0,-4.6911,0.0086,11.59,5746,0.63519,0.06,0.02,1.02,3.95,14.032847450821215,,0.8259193325244722,-0.0830623681158062,1258850.6928040397,440075.9474744174,818774.7453296221,5.913164438615363,1.8605305516662425,0.2696368059410634,-0.026,0.16107089951523942
Ye2024,2.1027558628824704e+18,7598730.0,-4.99,0.0102,13.06,6190,0.497049,-0.06,0.02,1.32,3.18,9.386296808958306,,1.3913900514562358,0.1434488937944454,851871.978343022,743736.4656110334,108135.51273198868,5.0339683438213525,0.1453949318501514,-0.8374507317704781,0.418,-0.4327329687910976
Ye2024,2.1027561377604122e+18,7598886.0,-4.7269,0.0141,16.65,5440,0.736757,-0.07,0.04,0.88,7.71,17.42033268532819,,0.95577968003005,-0.0196422068604536,931338.0262236262,299207.3397664711,632130.686457155,5.800806873440452,2.1126844246218286,0.3248346305682851,-0.332,0.19835412694558577
Ye2024,2.1027711143045796e+18,7439043.0,-4.6498,0.0072,10.11,5919,0.580135,-0.07,0.02,1.04,2.78,13.628989336448337,,0.7418011527063553,-0.1297124961440757,1558852.7609709515,542438.862782207,1016413.8981887446,6.007070594852764,1.8737851727206387,0.2727197980511964,0.147,0.2260492818314349
Ye2024,2.1029157731024435e+18,7434544.0,-4.5025,0.0065,7.87,5176,0.829084,-0.01,0.02,0.84,7.93,18.60920008626386,,0.4229090967649457,-0.3737529730883104,1279642.94684267,210697.5991769617,1068945.3476657085,6.028955501453909,5.073362733326246,0.7052959144463687,-0.596,0.47537300262533627
Ye2024,2.1029231604463304e+18,7433253.0,-4.781,0.0108,19.03,6012,0.551201,-0.36,0.03,0.98,7.01,14.894693714546571,,1.2776362082165391,0.1064072112126249,1226556.686328526,605457.6236415386,621099.0626869873,5.7931608738435605,1.025834077290782,0.0110771218437216,0.24,-0.027312134327805663
Ye2024,2.1029332622095867e+18,7673005.0,-4.9532,0.0113,11.72,6243,0.481225,-0.06,0.02,1.34,2.9,9.159880552148511,,1.2794926673198808,0.1070378013200088,959367.6642221614,789810.6967246366,169556.9674975248,5.229315640670019,0.2146805154712154,-0.6682073705955682,0.471,-0.22814899395012597
Ye2024,2.1029508200360668e+18,7744661.0,-4.8778,0.0111,13.28,5961,0.567012,-0.15,0.02,1.18,4.99,11.222913527863296,,1.1832934439911298,0.0730924583242787,948611.147570601,570164.0213919693,378447.1261786317,5.578005211675248,0.6637513276525415,-0.1779945972225709,0.189,-0.08887736584062036
Ye2024,2.1029541829898737e+18,7673172.0,-4.9484,0.0096,21.75,5792,0.620391,-0.05,0.02,1.0,7.22,14.454397707459272,,1.5047323617486872,0.1774592612906562,718664.0977496612,465523.1683286359,253140.92942102527,5.403362370304837,0.5437772954026652,-0.2645789296782506,0.02,-0.09460570078668261
Ye2024,2.1029603376834632e+18,7743620.0,-5.0019,0.0106,8.18,6178,0.50065,0.07,0.02,1.22,2.89,10.648698264908193,,0.7681690096296971,-0.1145432176320497,822438.3488060307,733631.0820018174,88807.26680421329,4.948448504110218,0.121051668860444,-0.917029218846074,0.406,-0.4780394279379558
Ye2024,2.1029629103634028e+18,7813081.0,-4.839,0.0102,15.73,5970,0.564212,0.0,0.02,1.18,4.65,11.222913527863296,,1.4015968278599755,0.146623105915567,1043539.9049701986,576260.7424817974,467279.1624884013,5.6695764148396846,0.8108814778462224,-0.0910426196223683,0.198,-0.05837313355555218
Ye2024,2.1029709505422154e+18,7516073.0,-4.9213,0.0139,31.83,5804,0.61655,-0.38,0.04,0.92,10.9,16.339848430570573,,1.9479984857416768,0.2895886149479923,771296.4841363379,472365.5281359392,298930.95600039867,5.475570891031347,0.632838211501266,-0.1987073055168258,0.032,-0.26896665696673067
Ye2024,2.1030041807098465e+18,7949259.0,-4.5292,0.0058,4.98,6097,0.525144,0.0,0.02,1.12,3.12,12.171862643132958,,0.409140338336761,-0.3881277000337078,2316735.837008966,668450.3806042,1648285.456404766,6.2170324266607375,2.4658306797804665,0.3919632517562035,0.325,0.32339389230759064
Ye2024,2.103085269691445e+18,8225837.0,-4.6953,0.0109,9.68,5881,0.592089,-0.15,0.03,0.98,3.92,14.894693714546571,,0.6498958746997424,-0.1871562197660018,1368095.625483835,518359.2045966554,849736.4208871797,5.929284233118719,1.6392810494189545,0.2146534183343512,0.109,0.14790791948612186
Ye2024,2.1031050566005123e+18,8423087.0,-4.5818,0.0069,5.01,5951,0.570128,-0.07,0.02,1.02,3.2,14.032847450821215,,0.3570194871395691,-0.4473080782121565,1862822.769320788,563454.8861806605,1299367.8831401272,6.113732127976989,2.306072615587384,0.3628729786101853,0.179,0.2358373594148403
Ye2024,2.1031128262016676e+18,8088050.0,-5.0364,0.0148,28.54,5409,0.747363,0.05,0.03,0.9,9.94,16.867395843027396,,1.6920217125157346,0.2284059317321239,446354.2377603935,287392.0294194837,158962.2083409098,5.2012938874661865,0.553119753049536,-0.2571808317003663,-0.363,-0.4318599159209138
Ye2024,2.1031175291855654e+18,8156081.0,-4.9548,0.0091,6.74,6211,0.490763,0.07,0.01,1.24,2.44,10.377405303719264,,0.6494879791949905,-0.1874288824933318,936392.3426742784,761708.4635443493,174683.87912992924,5.242252827547546,0.2293316767377083,-0.6395359536335864,0.439,-0.40183096175758753
Ye2024,2.1033498053163443e+18,4816116.0,-4.731,0.0105,7.11,6208,0.491659,-0.46,0.02,1.02,6.23,14.032847450821215,,0.5066683739645382,-0.2952762033496359,1564654.918346338,759118.4435255525,805536.4748207855,5.906085210124266,1.0611472843152845,0.0257756669608382,0.436,0.21820559079467616
Ye2024,2.1036150281377055e+18,5428553.0,-4.7499,0.0105,20.64,5867,0.596512,-0.06,0.02,1.02,8.2,14.032847450821215,,1.4708347733654106,0.1675638888757715,1195022.519783426,509722.0509875831,685300.468795843,5.835881028906813,1.344459137029834,0.128547606981674,0.095,0.25228143795981656
Ye2024,2.1036568095785152e+18,5685838.0,-4.4957,0.0121,17.97,5881,0.592089,0.08,0.03,1.08,0.94,12.87049780038931,,1.3962163918365642,0.1449527323971888,2166289.2981693563,518359.2045966554,1647930.0935727009,6.216938784655052,3.1791276762510368,0.5023079698706839,0.109,0.4732281262505173
Ye2024,2.1036884892575237e+18,5770074.0,-4.8332,0.0146,18.44,5786,0.622314,0.1,0.03,1.04,5.3,13.628989336448337,,1.3529983438086244,0.1312972649825338,933094.1225612024,462134.0054874152,470960.11707378726,5.672984130763373,1.019098597985801,0.0082162041140265,0.014,-0.6197986298897032
Ye2024,2.1037043290969687e+18,5939938.0,-4.9458,0.0106,25.56,5348,0.768413,0.36,0.01,0.96,8.5,15.354869714245666,,1.664618487533398,0.2213147136714055,525505.5789186242,265307.39785629645,260198.18106232776,5.415304256263403,0.9807422754312486,-0.0084451037957195,-0.424,-0.3854276965593581
Ye2024,2.1037228833558085e+18,6103873.0,-4.6794,0.0163,5.05,6252,0.478551,-0.11,0.04,1.14,1.23,11.843039123414078,,0.4264108179813392,-0.3701717858529563,1812540.060289388,797872.9358621334,1014667.1244272548,6.006323589308097,1.271715180225867,0.1043898554106955,0.48,0.054728791335934876
Ye2024,2.103749099836501e+18,5257199.0,-4.9324,0.0166,13.02,5968,0.564834,-0.2,0.03,1.0,4.65,14.454397707459272,,0.9007639241364556,-0.0453890157678267,840479.2472235677,574901.1031261829,265578.1440973848,5.424192331658094,0.4619544868730126,-0.3354008103174247,0.196,-0.2401655700246781
Ye2024,2.1037521922129736e+18,5344690.0,-4.6279,0.0109,20.04,5932,0.576063,-0.65,0.03,0.84,11.91,18.60920008626386,,1.0768866962095949,0.032170011747833,1653926.8820549047,550894.014311781,1103032.8677431238,6.042588453570562,2.002259670802771,0.3015203999583339,0.16,-0.0027457842374172506
Ye2024,2.1038022887129807e+18,5688301.0,-4.9324,0.0102,10.03,6079,0.530632,0.03,0.02,1.14,3.28,11.843039123414078,,0.8469109909609569,-0.0721622309511996,904774.4128107264,654661.213017692,250113.19979303435,5.398136612346275,0.382049821830937,-0.4178799985140342,0.307,-0.09913560519099353
Ye2024,2.1040241151835889e+18,7016983.0,-4.786,0.0142,20.69,5851,0.601581,-0.01,0.03,1.2,5.11,10.930356368792774,,1.8928934521359209,0.2771261689285492,1087757.6068654626,500002.5182798135,587755.0885856492,5.769196397788643,1.175504256674018,0.0702242061080786,0.079,0.0823450163783798
Ye2024,2.1040407796553818e+18,6105180.0,-4.9378,0.0152,14.2,5890,0.589251,0.02,0.03,1.04,3.98,13.628989336448337,,1.0418967723472052,0.0178246926479797,787540.5339837857,523977.72900228656,263562.8049814991,5.420884120902758,0.5030038308753175,-0.2984287073463076,0.118,-0.1650268126146424
Ye2024,2.104061803516508e+18,6105669.0,-4.7975,0.0093,15.73,5647,0.667445,-0.05,0.02,0.94,5.42,15.836148205371112,,0.9932970944705412,-0.0029208348969961,919142.5841692612,389327.7891242333,529814.795045028,5.724124081776803,1.3608450509962589,0.1338086782318039,-0.125,0.023763242235885704
Ye2024,2.1040648658320722e+18,6268068.0,-4.9526,0.0133,18.33,5812,0.613993,-0.08,0.02,1.0,3.76,14.454397707459272,,1.2681261696944108,0.1031624649622167,721629.301274046,476974.8934506748,244654.4078233712,5.388553044645815,0.5129293201439156,-0.289942475017372,0.04,0.06369810219429006
Ye2024,2.104078541007902e+18,6267544.0,-4.8413,0.0153,20.6,5823,0.610484,0.01,0.03,1.02,4.42,14.032847450821215,,1.4679843183782684,0.1667214162897511,939504.5701966162,483375.7626147192,456128.807581897,5.659087501705465,0.943631937841824,-0.025197368556113,0.051,-0.07844146920115405
Ye2024,2.1040806025922427e+18,6346734.0,-4.8454,0.0133,10.66,6245,0.480631,0.04,0.03,1.4,2.58,8.525863775948729,,1.2503131975990072,0.0970188153691655,1231236.573123454,791596.2371220309,439640.33600142295,5.643097531110895,0.5553845702953346,-0.2554061899956943,0.473,-0.23307870031953754
Ye2024,2.1040820457016061e+18,6425358.0,-4.8341,0.007,10.11,6114,0.519977,0.09,0.01,1.2,3.4,10.930356368792774,,0.9249469696033908,-0.0338831661461843,1160949.8885677329,681701.5986369973,479248.2899307356,5.680560571889234,0.7030176999569175,-0.1530337405607589,0.342,-0.3244826338993352
Ye2024,2.1040894674051894e+18,6504463.0,-4.83,0.0119,20.06,5924,0.578568,0.01,0.03,1.1,6.53,12.514101920504952,,1.6029915792143847,0.2049312409378431,1032932.4852995,545677.5686183949,487254.916681105,5.687756230091763,0.8929355808317161,-0.0491798713448919,0.152,0.06971575613314443
Ye2024,2.104095755237309e+18,6672090.0,-4.7863,0.0121,12.37,6026,0.546884,-0.21,0.02,1.0,3.92,14.454397707459272,,0.8557949110267246,-0.0676303003708792,1223005.0377681144,615467.8159487327,607537.2218193817,5.783572890888553,0.9871145266676112,-0.0056324568396817,0.254,0.04798517873435984
Ye2024,2.1041047231287363e+18,6266866.0,-5.0064,0.0085,30.17,5623,0.67535,0.05,0.01,0.98,8.63,14.894693714546571,,2.0255535681499204,0.3065437331005929,558578.3137794448,377811.3396689362,180766.97411050857,5.257119088353358,0.4784583074423038,-0.3201559003879332,-0.149,-0.20622382336935877
Ye2024,2.104132348358514e+18,6503536.0,-4.9191,0.0164,16.88,6003,0.553981,0.06,0.03,1.12,3.11,12.171862643132958,,1.3868050022338403,0.1420153994962108,887125.5960766011,599096.5527871308,288029.04328947025,5.459436281871736,0.4807723261793026,-0.3180605387871751,0.231,-0.07615122603659762
Ye2024,2.104132447138563e+18,6503434.0,-4.9443,0.0123,3.82,6019,0.549041,-0.04,0.02,1.32,3.58,9.386296808958306,,0.40697626313651,-0.390430920232901,846075.4817938275,610445.1118161589,235630.36997766863,5.372231265163001,0.3859976358507247,-0.4134153552767655,0.247,-0.5773471672610128
Ye2024,2.1041374679597875e+18,6586078.0,-4.9692,0.0137,22.13,5589,0.686606,0.02,0.02,0.96,3.67,15.354869714245666,,1.4412365856460914,0.1587352781123009,593947.6592128028,361997.4179311455,231950.2412816573,5.365394828621271,0.6407510932185044,-0.19331064417086,-0.183,-0.16837241859973434
Ye2024,2.1041728541908547e+18,6587796.0,-4.601,0.0083,10.83,5753,0.63293,0.1,0.02,1.06,1.72,13.24184353201083,,0.8178619520627592,-0.0873199952491005,1556643.7516073675,443869.533617618,1112774.2179897495,6.046407054875349,2.5069848991897143,0.3991517179955795,-0.019,0.2564216723073733
Ye2024,2.10418533107488e+18,6672483.0,-4.8991,0.0153,16.96,5841,0.604756,0.06,0.03,1.08,6.22,12.87049780038931,,1.3177423486671191,0.11983050320891,832646.3096816496,494008.93503821513,338637.3746434344,5.529734888520852,0.6854883598759978,-0.1639999154689886,0.069,0.17122863467789437
Ye2024,2.1042409251319462e+18,6929580.0,-4.7493,0.0104,11.92,5880,0.592405,0.03,0.02,1.06,4.48,13.24184353201083,,0.9001767745695375,-0.0456721964702032,1207316.2356137233,517738.1277039216,689578.1079098016,5.83858346545458,1.3319052065335817,0.1244733166178019,0.108,0.07973368207541101
Ye2024,2.1042415436071916e+18,6843676.0,-5.0122,0.0096,8.88,6165,0.504559,-0.17,0.02,1.2,3.96,10.930356368792774,,0.8124163293845809,-0.0902213559585843,796423.4892111464,722816.7708987029,73606.71831244347,4.866917455544876,0.1018331633629995,-0.9921107650239664,0.393,-0.42700121819346165
Ye2024,2.1043540373893174e+18,5768999.0,-4.902,0.0101,32.79,5694,0.652062,-0.1,0.02,0.94,5.15,15.836148205371112,,2.070579257958617,0.3160918591490822,746932.8978126225,412755.7317420427,334177.1660705798,5.523976771744279,0.8096245318270427,-0.0917163410728234,-0.078,-0.13900535273638445
Ye2024,2.1044386611260795e+18,6181503.0,-5.0251,0.0104,12.39,5964,0.566078,0.18,0.02,1.26,4.98,10.11597610345872,,1.2247953013415855,0.0880635116179186,677114.7521022527,572190.0813037746,104924.67079847808,5.020877615285208,0.1833738022151659,-0.7366627099205375,0.192,-0.4225558355742518
Ye2024,2.1044445065808586e+18,6181735.0,-4.8445,0.0071,11.26,6026,0.546884,0.06,0.01,1.22,4.05,10.648698264908193,,1.057406240639412,0.0242418692119547,1069616.8748568585,615467.8159487327,454149.05890812585,5.657198418576297,0.7378924569891006,-0.1320069291519375,0.254,-1.6387279338021923
Ye2024,2.1044600028230362e+18,6102714.0,-5.061,0.0184,18.33,5767,0.628419,0.05,0.03,1.02,5.11,14.032847450821215,,1.3062209978579444,0.1160166608828143,545018.8741453034,451540.9656829454,93477.908462358,4.970708986631845,0.2070197735458505,-0.6839881708149814,-0.005,-0.3672915286713285
Ye2024,2.1044646070272356e+18,6183716.0,-4.838,0.0128,7.51,6229,0.485392,-0.07,0.03,1.14,1.17,11.843039123414078,,0.6341277708989818,-0.1978232269674493,1239609.968781644,777408.4066824336,462201.56209921045,5.664831408927428,0.5945415024152381,-0.2258178237352642,0.457,-0.24302918366118373
Ye2024,2.1045273479103616e+18,6263957.0,-4.8125,0.0128,9.89,6031,0.545345,0.02,0.03,1.1,2.89,12.514101920504952,,0.790308410689445,-0.1022033961493767,1155231.5747456078,619077.1373478677,536154.4373977401,5.729289904709343,0.8660543332203007,-0.0624548610108744,0.259,-0.11009974526499022
Ye2024,2.1046010839083213e+18,6099826.0,-4.5173,0.0095,6.57,5237,0.807339,0.0,0.02,0.88,3.44,17.42033268532819,,0.3771454953632089,-0.4234910751430115,1296110.5098721536,228840.10902675573,1067270.400845398,6.028274465082827,4.663825783794806,0.6687423190773494,-0.535,0.4744224061368217
Ye2024,2.104675880761199e+18,6497197.0,-4.9599,0.0096,28.96,5740,0.637129,-0.05,0.01,0.98,9.46,14.894693714546571,,1.9443165838124528,0.2887669804507138,675086.3180013968,436846.4807850584,238239.83721633843,5.377014383665026,0.5453628395682546,-0.2633144577406889,-0.032,-0.20852814766765618
Ye2024,2.10469708071959e+18,6580292.0,-4.9097,0.01,24.93,5771,0.627132,-0.11,0.02,0.94,8.01,15.836148205371112,,1.5742464440655175,0.1970727209834904,774312.0784637068,453753.5897644533,320558.48869925353,5.505907281910537,0.7064593998378234,-0.1509127919655358,-0.001,-0.09462584317996753
Ye2024,2.1047280775018184e+18,6922583.0,-4.8083,0.009,16.76,5783,0.623277,-0.1,0.02,0.98,2.94,14.894693714546571,,1.1252329400793062,0.0512424372198622,986108.053862045,460447.37959117006,525660.674270875,5.720705487792641,1.1416302873470747,0.0575254820523002,0.011,0.05080690009582553
Ye2024,2.1047572489190956e+18,6838446.0,-4.6805,0.0079,13.06,5663,0.662194,-0.1,0.02,0.94,3.77,15.836148205371112,,0.8246954897511296,-0.0837063805812278,1217020.75052969,397171.6667856764,819849.0837440136,5.913733915640709,2.0642184533934147,0.3147556561736772,-0.109,0.21943587386571897
Ye2024,2.104785458264845e+18,7093456.0,-4.8252,0.0115,13.98,5976,0.562348,0.01,0.03,1.08,3.22,12.87049780038931,,1.0862050727810333,0.0359118266978776,1081568.6534701777,580356.2303092787,501212.42316089896,5.70002182697367,0.863628917869628,-0.0636728241180939,0.204,-0.010288463994548712
Ye2024,2.1048435262225413e+18,7257684.0,-4.574,0.0053,6.34,6027,0.546576,0.19,0.01,1.16,2.51,11.52693877886925,,0.5500159341196684,-0.2596247286875627,1995338.1331871736,616188.2319586395,1379149.901228534,6.13961147265757,2.2381957812545616,0.3498980728087946,0.255,0.17514126989907977
Ye2024,2.104888090803768e+18,6584248.0,-5.1637,0.0249,21.49,5586,0.687603,-0.05,0.03,0.96,10.61,15.354869714245666,,1.3995559975388387,0.1459902796764862,378717.5770577544,360629.7627195692,18087.814338185184,4.257386091557809,0.0501561884459617,-1.2996754745653438,-0.186,-0.8012423465137068
Ye2024,2.1048995669558723e+18,6841560.0,-5.006,0.0107,4.74,6281,0.469962,0.14,0.02,1.38,2.24,8.730003855438706,,0.5429550866746785,-0.2652360938293524,870416.0893984647,824333.5836109843,46082.50578748039,4.663536086302474,0.0559027397447723,-1.2525669071962409,0.509,-0.27979415558216153
Ye2024,2.104997213033988e+18,7421820.0,-5.0336,0.0122,32.73,5318,0.778853,0.06,0.02,0.9,8.27,16.867395843027396,,1.940429945712684,0.2878979682615,419763.88298376725,254991.5257805221,164772.35720324516,5.2168843546848285,0.6461875809358035,-0.1896413929337874,-0.454,-0.2683138771308529
Ye2024,2.10500656318155e+18,7504769.0,-4.7695,0.0085,21.63,5416,0.744963,0.18,0.01,0.96,6.76,15.354869714245666,,1.4086736261873003,0.1488103836241344,829519.0408990755,290024.3903318324,539494.6505672431,5.731987142734137,1.86016993243216,0.2695526202106668,-0.356,0.06545568697604244
Ye2024,2.105009483759406e+18,7662805.0,-4.7483,0.0097,12.54,6155,0.507572,0.02,0.03,1.18,2.17,11.222913527863296,,1.1173569117205395,0.0481919197869777,1452860.664772178,714591.4304492484,738269.2343229296,5.868214770573106,1.0331347436657552,0.0141569668383939,0.383,0.010792502637025046
Ye2024,2.1050437060584622e+18,7587899.0,-5.0534,0.0107,9.47,6099,0.524536,0.01,0.02,1.3,3.47,9.620852087644154,,0.984320298631564,-0.0068635587906827,693819.1300074358,669997.7822816137,23821.347725822125,4.376966328655155,0.0355543680229817,-1.4491070365166394,0.327,-0.4384378549129364
Ye2024,2.1050521929136369e+18,7588313.0,-4.8127,0.0102,5.72,6267,0.474104,-0.32,0.02,1.12,3.83,12.171862643132958,,0.4699362922261592,-0.3279610140004012,1346326.875869708,811466.9712356244,534859.9046340837,5.72824004255975,0.6591271408368602,-0.181030805075044,0.495,-0.2452833756369619
Ye2024,2.1050944210328087e+18,7663576.0,-4.6909,0.0076,12.0,5661,0.66285,-0.03,0.02,0.96,3.84,15.354869714245666,,0.781511027010985,-0.1070648897673321,1186545.3895347563,396183.8262005124,790361.5633342438,5.897825811592559,1.9949364690476643,0.2999290696561706,-0.111,0.1846791823957988
Ye2024,2.1051358545770445e+18,7941200.0,-4.891,0.0075,17.37,5907,0.583902,0.05,0.01,1.08,2.66,12.87049780038931,,1.3495981483695672,0.1302044737353136,887318.670991827,534733.1945237245,352585.47646810254,5.547264419081662,0.6593671013488193,-0.1808727254656915,0.135,-0.11177652405135725
Ye2024,2.1052098697535012e+18,7732522.0,-4.5919,0.0108,8.03,5688,0.654019,0.03,0.03,0.98,4.17,14.894693714546571,,0.5391181687850136,-0.2683160317957145,1518973.1162486835,409699.1787837767,1109273.9374649068,6.045038809303626,2.7075327335482373,0.4325737158655714,-0.084,0.2948471573581954
Ye2024,2.105221689503594e+18,7939374.0,-4.9879,0.0088,6.28,6237,0.48301,0.06,0.01,1.3,2.5,9.620852087644154,,0.6527488358401502,-0.18525389405676,882296.817757427,784474.7971641409,97822.02059328614,4.99043662928317,0.1246974675883923,-0.9041423662773096,0.465,-0.41479003038545065
Ye2024,2.1052396252864824e+18,7583949.0,-4.9068,0.0115,15.22,5883,0.591458,-0.11,0.02,1.0,4.31,14.454397707459272,,1.0529667377386216,0.0224146524345541,841796.5280217878,519603.2766910856,322193.25133070216,5.508116439433505,0.6200754802442333,-0.2075554416979903,0.111,-0.10069092559176308
Ye2024,2.105242683303541e+18,7660548.0,-4.9502,0.0106,19.02,6075,0.531853,0.1,0.02,1.16,1.56,11.52693877886925,,1.650047802359005,0.2174965260320996,866157.4909090124,651630.3296271437,214527.1612818687,5.331482286022188,0.3292160470870331,-0.4825190039837766,0.303,-0.40304479508186486
Ye2024,2.105243920254102e+18,7660389.0,-4.914,0.0095,19.52,5703,0.649131,0.1,0.02,1.02,4.48,14.032847450821215,,1.3910220337254269,0.1433340092512707,731181.547828702,417377.2465486244,313804.3012800776,5.496658892117076,0.7518481275033267,-0.1238698775579182,-0.069,-0.1403288944850682
Ye2024,2.1052597600936438e+18,7801387.0,-4.7388,0.0122,14.29,5650,0.66646,0.08,0.03,1.0,3.45,14.454397707459272,,0.9886264574431604,-0.0049677712090297,1054400.317203208,390788.3039936839,663612.0132095242,5.821914239352598,1.6981368337478435,0.2299726822255547,-0.122,0.23198737286677523
Ye2024,2.1052629211895293e+18,7870062.0,-4.5657,0.0045,9.83,5501,0.716061,0.22,0.01,1.0,4.58,14.454397707459272,,0.6800698444133148,-0.1674464821678642,1411491.660077308,323678.3092666677,1087813.3508106405,6.036554384638933,3.3607854455098107,0.5264407877430803,-0.271,0.302910693290301
Ye2024,2.1052694151801628e+18,8007895.0,-4.9856,0.0105,21.32,5728,0.641013,0.2,0.01,1.08,5.65,12.87049780038931,,1.6565015845272983,0.2191918556427496,630991.8848202935,430448.5166604475,200543.368159846,5.30220830471604,0.4658939696568671,-0.3317129108475416,-0.044,-0.12550610815881777
Ye2024,2.1053015028756925e+18,7871905.0,-5.0051,0.0109,10.17,6063,0.535523,0.09,0.03,1.26,3.61,10.11597610345872,,1.005340453159316,0.0023131581645997,757289.6295493154,642609.8172589816,114679.8122903338,5.059486973415195,0.1784594776025901,-0.7484603826413172,0.291,-0.43265167416658606
Ye2024,2.1053078937870246e+18,8008974.0,-4.6469,0.0099,14.14,5800,0.617829,-0.12,0.03,0.98,3.36,14.894693714546571,,0.9493313706874338,-0.0225821676135148,1446850.6737988926,470075.2163703225,976775.45742857,5.989794738941281,2.0779131156301425,0.3176273843225732,0.028,0.24495025942605034
Ye2024,2.105329132404419e+18,8078425.0,-4.6674,0.0121,9.63,5618,0.677001,0.17,0.02,1.02,1.98,14.032847450821215,,0.6862470381545012,-0.1635195169548677,1214894.8080870162,375449.24108442495,839445.5670025912,5.9239925400013504,2.235843025219567,0.3494413091991576,-0.154,0.23110293664753234
Ye2024,2.1053358969743887e+18,8213913.0,-4.8405,0.0062,33.06,5348,0.768413,-0.01,0.01,0.88,10.95,17.42033268532819,,1.8977823556632707,0.2782464045326364,669695.4233111058,265307.39785629645,404388.02545480937,5.606798286988459,1.5242244608416304,0.1830489269293364,-0.424,-0.057085271943833615
Ye2024,2.1053609495226772e+18,8411788.0,-4.9309,0.0146,18.32,5787,0.621994,0.03,0.03,1.02,5.13,14.032847450821215,,1.305508384111159,0.1157796652524293,745633.9364459092,462697.3910015398,282936.5454443694,5.451689046643154,0.6114937126227016,-0.213608004019853,0.015,-0.08034260972848006
Ye2024,2.1053942097491953e+18,8410335.0,-4.9809,0.0104,34.65,5311,0.781298,-0.22,0.02,0.8,13.34,19.92161221406761,,1.7393170606710215,0.2403787569012813,471429.7030001048,252634.65536452757,218795.0476355772,5.34003748763908,0.8660531838748606,-0.062455437365838,-0.461,-0.15031012529364055
Ye2024,2.1054071590725942e+18,8476341.0,-4.7935,0.0092,7.78,6179,0.50035,-0.22,0.02,1.08,4.19,12.87049780038931,,0.6044832236220629,-0.218615747722096,1329794.4543634877,734468.672207114,595325.7821563736,5.774754691229365,0.8105529952249573,-0.0912185850334132,0.407,-0.07769666195556514
Ye2024,2.105407575687574e+18,8411245.0,-4.6902,0.0133,14.9,5485,0.721467,-0.07,0.03,0.9,5.45,16.867395843027396,,0.8833610201991748,-0.0538617686342301,1047413.7341595578,317099.2793018212,730314.4548577366,5.863509896564804,2.3031097909327296,0.3623146415941577,-0.287,0.225238869982005
Ye2024,2.1054199451932815e+18,8475297.0,-4.8238,0.0106,19.95,5644,0.668432,0.11,0.02,1.0,4.75,14.454397707459272,,1.3802027869832785,0.1399429000227671,863296.0562549605,387871.9609535244,475424.0953014361,5.677081188732656,1.2257243192642182,0.0883928029023673,-0.128,-0.06209571065918929
Ye2024,2.10542626738527e+18,8605056.0,-4.8759,0.0078,24.78,5679,0.656958,0.11,0.01,1.0,7.04,14.454397707459272,,1.7143571459371252,0.2341013020400447,784872.6782253477,405150.7752112012,379721.9030141465,5.579465648716913,0.937236027294286,-0.0281510255014746,-0.093,-0.14425717676816197
Ye2024,2.1054669493162642e+18,6933237.0,-4.8629,0.0131,18.82,5837,0.606027,0.05,0.03,1.04,5.85,13.628989336448337,,1.3808800884207326,0.1401559673561613,902548.4191525904,491628.8244133474,410919.59473924304,5.613756851128572,0.8358329990711725,-0.0778804867080533,0.065,-0.17324123602581173
Ye2024,2.1054853317765153e+18,7186037.0,-4.8668,0.0123,11.84,5852,0.601264,0.24,0.02,1.12,2.44,12.171862643132958,,0.9727352622303714,-0.0120053404065244,903709.8302967496,500605.2939988955,403104.5362978541,5.605417685471436,0.8052342656582923,-0.0940777525741407,0.08,-0.20719864238738328
Ye2024,2.105486877964584e+18,7018859.0,-5.0072,0.0097,18.83,5939,0.573875,-0.04,0.02,1.04,6.48,13.628989336448337,,1.3816138185421036,0.140386668281588,693849.1134758535,555493.4510236821,138355.66245217132,5.1409969381167135,0.2490680352706316,-0.6036820050862891,0.167,-0.27420051470912427
Ye2024,2.1054894893047565e+18,7102876.0,-4.9631,0.0152,10.74,6012,0.551201,0.26,0.02,1.28,3.26,9.863939442164517,,1.0888144704225031,0.036953884038485,806468.9000172138,605457.6236415386,201011.2763756752,5.303220421253151,0.3319989187132344,-0.4788633307466877,0.24,-0.6515626021721699
Ye2024,2.1054933375958464e+18,7102507.0,-4.8247,0.0088,18.36,5771,0.627132,-0.15,0.02,0.94,5.23,15.836148205371112,,1.1593728324525834,0.0642231193449406,941707.509958952,453753.5897644533,487953.9201944989,5.688378811449124,1.0753720327541634,0.0315587375730507,-0.001,-0.004291186449318391
Ye2024,2.1054965674113423e+18,7185607.0,-4.9452,0.0109,27.19,5483,0.722144,0.07,0.02,0.94,7.65,15.836148205371112,,1.7169579147268923,0.2347596500672171,581412.976016828,316285.02748700563,265127.94852982234,5.423455511409054,0.8382564000463631,-0.0766231220694868,-0.289,-0.13968494324562927
Ye2024,2.1054988351536133e+18,7185532.0,-5.0137,0.0149,20.62,5760,0.630673,0.28,0.02,1.24,4.75,10.377405303719264,,1.9870092182493624,0.2981998819188461,604785.9179125978,447691.1488029511,157094.76910964667,5.196161724284802,0.35089987713559,-0.4548167838488418,-0.012,-0.7981714255976409
Ye2024,2.1055106205440517e+18,6932503.0,-4.6822,0.0137,8.79,6036,0.543807,-0.11,0.03,1.04,4.35,13.628989336448337,,0.6449487766853474,-0.1904747766613048,1564619.2205833995,622704.6076808593,941914.6129025402,5.974011534612362,1.5126186658719545,0.1797294553323175,0.264,0.1344499204946853
Ye2024,2.1055765182240067e+18,7268506.0,-4.9866,0.0097,11.76,6005,0.553363,0.09,0.01,1.22,4.09,10.648698264908193,,1.1043603365825476,0.043110800436747,760437.9520715858,600505.1450858195,159932.80698576628,5.203937559627739,0.2663304524441833,-0.5745791731316822,0.233,-0.3089220801713661
Ye2024,2.1055977911997548e+18,7430069.0,-5.1964,0.0204,20.84,5089,0.860545,0.0,0.03,0.84,10.62,18.60920008626386,,1.1198761850802377,0.0491700091801118,241958.86583607196,186964.3390895886,54994.52674648332,4.740319469092782,0.2941444716905683,-0.531439309563947,-0.683,-0.9712517515139565
Ye2024,2.1056114663758602e+18,7514317.0,-4.908,0.0103,8.05,6123,0.517247,0.1,0.03,1.18,2.48,11.222913527863296,,0.7172825469976353,-0.1443097363398513,985073.8137691764,688807.7565985208,296266.0571706556,5.471681897757838,0.4301142870888684,-0.3664161312640794,0.351,-0.3190978007639466
Ye2024,2.1056311845653202e+18,7669777.0,-4.5796,0.009,9.55,5827,0.609209,-0.13,0.03,0.96,6.97,15.354869714245666,,0.6219525256629089,-0.2062427642312106,1721043.3476986887,485721.5559264273,1235321.7917722615,6.091780102686555,2.54327150339479,0.4053927251509992,0.055,0.3093535256399413
Ye2024,2.1056517359889618e+18,7592977.0,-4.6951,0.0083,11.68,5940,0.573562,-0.15,0.02,1.0,3.84,14.454397707459272,,0.8080585740333179,-0.0925571572236192,1424483.8064850625,556153.1957798367,868330.6107052257,5.938685111198932,1.5613155103561969,0.1934906740815163,0.168,0.1683158524530637
Ye2024,2.10565853491706e+18,7739768.0,-4.8548,0.0083,17.26,5799,0.618149,0.29,0.01,1.12,3.85,12.171862643132958,,1.418024546122991,0.1516837485857654,895827.0490617313,469504.1297601895,426322.9193015419,5.629738681130889,0.908028049762409,-0.0419007355440283,0.027,-0.1395615120351503
Ye2024,2.1056625593069373e+18,7668546.0,-5.0235,0.0121,9.79,6080,0.530327,-0.05,0.02,1.28,3.75,9.863939442164517,,0.9925040656830824,-0.0032677055219139,734050.6941942527,655420.8213183674,78629.87287588534,4.895587573525272,0.1199685306269684,-0.9209326603475114,0.308,-0.5200678743035408
Ye2024,2.1056889132264904e+18,7947574.0,-4.8821,0.0108,29.57,5567,0.693926,0.31,0.02,1.14,6.81,11.843039123414078,,2.496825324298654,0.3973881605545,714490.7684066541,352070.47824942844,362420.2901572257,5.559212503730624,1.029396988805363,0.012582893516708,-0.205,-0.22802718496931657
Ye2024,2.105691421487403e+18,8016222.0,-4.7506,0.0071,5.53,5957,0.568258,-0.13,0.01,1.02,3.93,14.032847450821215,,0.3940754019724186,-0.4044206727747039,1268008.418843118,567472.1869894437,700536.2318536743,5.845430601987528,1.2344855799368115,0.0914860212906746,0.185,0.06523486772774735
Ye2024,2.1056919712432353e+18,8016250.0,-4.9693,0.0171,12.57,5977,0.562037,-0.06,0.03,1.22,4.43,10.648698264908193,,1.180425972010427,0.072038756382585,776684.7177702198,581041.2341739337,195643.48359628604,5.291465387195528,0.336711875318853,-0.4727415664319261,0.205,-0.2181514240903905
Ye2024,2.105697842459075e+18,7877888.0,-4.9393,0.0086,8.84,6124,0.516944,-0.08,0.02,1.1,3.67,12.514101920504952,,0.7064030688063391,-0.1509474227334831,917175.5413584292,689601.2392774703,227574.30208095897,5.3571232195220775,0.3300085456914201,-0.4814748137627972,0.352,-0.42034851385484834
Ye2024,2.1056981903559864e+18,7946696.0,-4.7775,0.0097,13.78,5964,0.566078,-0.3,0.03,0.98,5.75,14.894693714546571,,0.9251616893969472,-0.0337823595027885,1197463.475823228,572190.0813037746,625273.3945194534,5.796069949775804,1.0927721660164482,0.0385296245700588,0.192,-0.011776257493301618
Ye2024,2.1057429224344945e+18,7510049.0,-4.6458,0.0068,6.94,6022,0.548116,0.06,0.01,1.12,2.57,12.171862643132958,,0.5701674594492212,-0.2439975723385704,1685678.4755231142,612593.375077556,1073085.1004455583,6.03063416482558,1.7517086277821774,0.2434618690295574,0.25,0.13975984831368166
Ye2024,2.105762683584807e+18,7667638.0,-4.7641,0.0083,10.73,6137,0.513008,-0.01,0.02,1.18,3.03,11.222913527863296,,0.956079717923556,-0.0195058947417687,1384637.9475372026,699988.1196740767,684649.827863126,5.8354685033010085,0.9780877826639508,-0.0096221658507113,0.365,0.0314946505664397
Ye2024,2.1058476895774397e+18,8081837.0,-4.8812,0.0096,17.07,5880,0.592405,-0.05,0.02,1.04,6.74,13.628989336448337,,1.2524773171807602,0.0977698693796568,891088.9145475257,517738.1277039216,373350.78684360406,5.572117070948794,0.72111897282773,-0.1419930778879836,0.108,-0.20709026437206474
Ye2024,2.1058555579573197e+18,7738921.0,-4.8934,0.0114,13.98,5866,0.596829,0.13,0.02,1.1,3.62,12.514101920504952,,1.1171396947864956,0.0481074836631064,858183.126442742,509109.8661951929,349073.26024754904,5.542916582209444,0.685654086526216,-0.1638949312345155,0.094,-0.34996540933848397
Ye2024,2.1058869627578527e+18,8082956.0,-4.7645,0.0124,22.89,5492,0.7191,-0.14,0.03,0.96,12.24,15.354869714245666,,1.4907322840234538,0.1733996568595859,887225.1636992542,319963.3435165599,567261.8201826942,5.753783554158799,1.772896276017741,0.2486833277775397,-0.28,0.156536088321864
Ye2024,2.1059114612511206e+18,8285506.0,-4.9048,0.0095,21.52,5711,0.646529,-0.03,0.02,0.98,10.18,14.894693714546571,,1.4448098371424023,0.159810689919956,751035.3470089362,421522.4687859324,329512.8782230038,5.517872392623177,0.7817207921847338,-0.1069483365384601,-0.061,-0.12078618640205002
Ye2024,2.1059161341758403e+18,8351635.0,-5.0355,0.0134,36.17,5487,0.720791,-0.22,0.03,0.88,13.47,17.42033268532819,,2.076309370972187,0.3172920640588275,473643.4953367072,317915.32935215946,155728.1659845477,5.192367168929014,0.489841638973141,-0.3099443004533452,-0.285,-0.23901045546231442
Ye2024,2.105929358374888e+18,8150612.0,-4.7566,0.007,12.6,5963,0.56639,0.14,0.01,1.14,2.65,11.843039123414078,,1.063916100309876,0.0269073811459451,1255656.8609993944,571514.0426390963,684142.8183602982,5.835146772409148,1.1970708807103196,0.0781198665216871,0.191,-0.10924424080668227
Ye2024,2.1059300842290967e+18,8082356.0,-4.8037,0.0085,17.45,5759,0.630995,0.12,0.02,1.04,3.97,13.628989336448337,,1.2803590617928684,0.1073317795601219,980166.9413911188,447143.4811781992,533023.4602129194,5.726746324255077,1.1920635828312447,0.0762994206192385,-0.013,-0.008372060033684337
Ye2024,2.1059596679644572e+18,8480493.0,-4.9338,0.0131,31.24,5760,0.630673,-0.04,0.03,1.12,6.26,12.171862643132958,,2.566575134465946,0.4093539824118373,726945.1950743769,447691.1488029511,279254.0462714258,5.445999474574116,0.6237649482642285,-0.2049790335595285,-0.012,-0.14778947534117307
Ye2024,2.1059630352189588e+18,8351510.0,-4.8643,0.0095,29.6,5365,0.762523,-0.14,0.02,0.84,9.0,18.60920008626386,,1.5906110882137732,0.2015640056115636,642082.2168452078,271310.48044112616,370771.7364040817,5.569106620856549,1.3665957017260837,0.1356400504276612,-0.407,-0.23703411733588553
Ye2024,2.10596622637414e+18,8351050.0,-4.939,0.01,20.09,5812,0.613993,0.11,0.02,1.06,4.65,13.24184353201083,,1.5171603524414436,0.1810314848738282,744584.7877752826,476974.8934506748,267609.89432460786,5.427502166536522,0.5610565629326612,-0.250993353126665,0.04,-0.20713389670439428
Ye2024,2.106033781919463e+18,8086876.0,-4.9542,0.0118,19.69,5926,0.577942,-0.16,0.03,1.02,7.29,14.032847450821215,,1.4031364674207816,0.1470999120587159,777066.748067657,546977.6894634927,230089.05860416428,5.361895967209215,0.4206552900354106,-0.376073645156211,0.154,-0.18483652298072156
Ye2024,2.1060403102697574e+18,8155028.0,-4.9908,0.0083,34.94,5628,0.6737,0.22,0.01,1.14,6.58,11.843039123414078,,2.950256233716434,0.4698597366752944,581069.5153902937,380186.17985169374,200883.33553859996,5.302943910945316,0.5283814777721858,-0.2770524148317764,-0.144,-0.4211625688669026
Ye2024,2.1060476632544374e+18,8354979.0,-4.8013,0.0117,17.48,5802,0.617189,-0.11,0.03,0.96,6.31,15.354869714245666,,1.1384010626793348,0.0562952924834272,1015366.041452954,471219.17814932426,544146.8633036297,5.735716130055402,1.15476383079467,0.0624931725655504,0.03,0.012607883868713197
Ye2024,2.1060510305083254e+18,8222161.0,-4.8196,0.0083,17.73,5723,0.642634,0.14,0.02,1.04,5.07,13.628989336448337,,1.300903505191264,0.114245083865841,921524.1482575396,427806.52934644464,493717.6189110951,5.6934786258205685,1.1540675166069627,0.0622312171664252,-0.049,-0.051664690442986674
Ye2024,2.1060528172152187e+18,8288405.0,-4.5279,0.0034,12.88,5419,0.743935,-0.05,0.01,0.9,3.89,16.867395843027396,,0.7636033516889511,-0.1171321740227108,1450067.9065200042,291158.86292142177,1158909.0435985825,6.0640493519141305,3.980332358666169,0.5999193372767749,-0.353,0.41012356862560184
Ye2024,2.106055153677432e+18,8288288.0,-4.78,0.0086,10.12,6010,0.551818,0.01,0.02,1.34,3.46,9.159880552148511,,1.1048179004502725,0.0432907021417172,1227749.1005386428,604039.0663576672,623710.0341809756,5.794982730990965,1.032565721190723,0.0139177033716521,0.238,-0.0016005559356626928
Ye2024,2.1060669734267484e+18,8016413.0,-4.5905,0.011,9.03,5919,0.580135,-0.17,0.04,1.14,5.52,11.843039123414078,,0.7624732052220778,-0.1177754136581119,1786919.9458343391,542438.862782207,1244481.0830521325,6.094988299427124,2.294232895978547,0.3606375026255561,0.147,0.2524651074597522
Ye2024,2.1061222926059638e+18,8483394.0,-4.9201,0.0126,18.06,5835,0.606663,0.22,0.02,1.22,4.63,10.648698264908193,,1.695981945466055,0.2294212246741142,790087.4768704572,490442.4640152555,299645.01285520167,5.476607053908058,0.6109687370910057,-0.2139810117807354,0.063,-0.22229901052536158
Ye2024,2.1061228380616374e+18,8548111.0,-4.5086,0.0074,7.97,5927,0.577629,-0.04,0.02,1.06,6.02,13.24184353201083,,0.6018799407146991,-0.2204901304783086,2169458.993245004,547628.7461140554,1621830.2471309488,6.21000539574914,2.961550610042607,0.4715191587140639,0.155,0.44634178968542065
Ye2024,2.1061286835174815e+18,8613081.0,-4.9349,0.0131,16.78,5856,0.599995,0.23,0.03,1.14,4.14,11.843039123414078,,1.4168660446983907,0.1513287925210638,774668.6998196951,503022.637185577,271646.0626341181,5.434003414546738,0.540027510797494,-0.2675841152081255,0.084,-0.22534640017610053
Ye2024,2.106129916167739e+18,8613190.0,-5.0187,0.0151,23.86,5199,0.820855,-0.17,0.03,0.82,8.92,19.248913098918976,,1.2395505074694313,0.0932642274881662,396817.6733175905,217387.5724842447,179430.1008333458,5.2538953011899165,0.8253926329958448,-0.0833394117168182,-0.573,-0.19420949430286616
Ye2024,2.1061418432973573e+18,8420490.0,-4.7266,0.0097,13.88,5740,0.637129,-0.56,0.03,0.9,12.15,16.867395843027396,,0.8228893261989628,-0.084658570927668,1155205.655034719,436846.4807850584,718359.1742496607,5.856341642559709,1.6444201930131033,0.2160128011539936,-0.032,-0.13689802792933006
Ye2024,2.1061713583120855e+18,8743145.0,-4.7807,0.0073,28.37,5530,0.706303,0.04,0.02,0.94,7.61,15.836148205371112,,1.7914709834792917,0.2532097782755693,878642.6123876417,335901.6798012392,542740.9325864025,5.734592576556517,1.6157732015736122,0.2083804008583934,-0.242,0.011165538706857811
Ye2024,2.1062106314932884e+18,8678345.0,-4.9182,0.0117,25.05,5393,0.752861,-0.1,0.03,0.88,8.02,17.42033268532819,,1.4379748339190843,0.1577512855004722,579073.1358602103,281452.08031144424,297621.05554876605,5.473663652630469,1.05744841260164,0.0242591895989241,-0.379,-0.1182720297005765
Ye2024,2.1062159572523873e+18,8678511.0,-4.8744,0.0103,33.01,5668,0.660556,-0.06,0.02,0.96,7.2,15.354869714245666,,2.149806583469384,0.3323993885153545,781503.8159133377,399650.520666186,381853.29524715175,5.581896542749223,0.9554680289434688,-0.0197838403575095,-0.104,0.0036897908206311096
Ye2024,2.1062241692302738e+18,8873953.0,-4.7317,0.0105,12.62,5923,0.578881,-0.06,0.02,1.04,3.15,13.628989336448337,,0.9259674131705444,-0.0334042968269612,1294430.2905930004,545028.5032923588,749401.7873006415,5.8747147245382445,1.3749772402245444,0.1382955094195926,0.151,0.08811462607858736
Ye2024,2.1062242035899955e+18,8873894.0,-4.5643,0.0082,8.86,5638,0.670406,-0.18,0.03,0.9,6.12,16.867395843027396,,0.5252737341587039,-0.2796143151594534,1562471.2062606642,384974.3144947616,1177496.8917659023,6.070959769396944,3.0586375439391165,0.4855280150710796,-0.134,0.3673451773496045
Ye2024,2.1062792135303306e+18,8352555.0,-5.0361,0.0102,22.75,5540,0.70295,0.19,0.02,1.0,7.05,14.454397707459272,,1.5739154588405808,0.1969814009931313,491530.86680295895,340207.46691969055,151323.3998832684,5.179906090312718,0.444797409220268,-0.3518377510227126,-0.232,-0.3239148810522611
Ye2024,2.1062910676401275e+18,8482555.0,-4.8164,0.0089,9.34,6108,0.521799,0.24,0.02,1.3,2.73,9.620852087644154,,0.9708079819660832,-0.0128666615638628,1204502.9005680378,676999.1916194129,527503.7089486249,5.722225517562638,0.7791792301654187,-0.108362632547266,0.336,-0.44902677883384806
Ye2024,2.1063051851931494e+18,8611548.0,-4.9807,0.0123,12.99,6004,0.553672,0.24,0.02,1.22,2.58,10.648698264908193,,1.219867412602661,0.0863126297696551,770325.8483763875,599800.494090428,170525.3542859595,5.231788960500664,0.2843034575097407,-0.5462178586765262,0.232,-0.35242204335579375
Ye2024,2.1063098924772997e+18,8676086.0,-4.5649,0.0048,9.9,5497,0.717411,-0.06,0.02,0.9,3.7,16.867395843027396,,0.5869311476491161,-0.2314128424489542,1409985.6233833325,322022.66928730975,1087962.9540960228,6.036614107581289,3.378529084625836,0.5287276619728895,-0.275,0.37232868719708273
Ye2024,2.1063163907673928e+18,8677084.0,-4.8393,0.0073,15.66,5888,0.589881,0.15,0.01,1.12,1.73,12.171862643132958,,1.2865738350107785,0.1094347149284992,986695.03291509,522724.6727146641,463970.3602004259,5.666490237424376,0.8875998865538341,-0.0517827619481939,0.116,-0.10712307406708961
Ye2024,2.106323022196922e+18,8741487.0,-4.8325,0.0164,8.91,6030,0.545653,-0.09,0.03,1.06,1.91,13.24184353201083,,0.6728670353535721,-0.1720707478375461,1102506.0597692912,618353.8235844148,484152.2361848764,5.684981942097592,0.7829695842719766,-0.1062551084904733,0.258,-0.25838622725436516
Ye2024,2.1063357353003233e+18,8740530.0,-4.6474,0.0082,10.25,5851,0.601581,-0.04,0.02,1.02,2.96,14.032847450821215,,0.7304290904552062,-0.1364219386876292,1496690.9377205546,500002.5182798135,996688.4194407412,5.998559412206761,1.99336679917074,0.2995872205261971,0.079,0.25220011329082986
Ye2024,2.1063433288025874e+18,8871757.0,-4.7669,0.0114,26.82,5586,0.687603,-0.14,0.03,0.9,13.34,16.867395843027396,,1.5900498363585147,0.2014107364690759,944311.898880306,360629.7627195692,583682.1361607367,5.766176401746793,1.6185079449879354,0.2091148356236399,-0.186,0.10351526785279629
Ye2024,2.1063459358443628e+18,8939284.0,-4.6824,0.0076,7.43,6201,0.493753,-0.21,0.02,1.08,4.11,12.87049780038931,,0.5772892482663146,-0.2386065309512097,1742042.162581871,753104.4364659812,988937.7261158898,5.995168944725852,1.313148187994457,0.1183137387298471,0.429,0.041653419290206516
Ye2024,2.1063670670845133e+18,8739535.0,-4.9436,0.011,10.41,5981,0.560796,-0.04,0.02,1.27,4.03,9.988812039318097,,1.0421659711909703,0.0179368884764351,826241.3888599726,583788.1927096279,242453.19615034468,5.3846279135961455,0.4153102086991663,-0.3816273934092064,0.209,-0.3763326761616615
Ye2024,2.1063776842422436e+18,8937840.0,-4.8415,0.0085,10.81,5948,0.571064,0.0,0.02,1.04,0.7,13.628989336448337,,0.7931622612023443,-0.1006379577817663,1022340.5242953276,561455.4048709547,460885.119424373,5.6635926863058845,0.8208757372819364,-0.0857225806360287,0.176,-0.047750310451003565
Ye2024,2.1063926693869036e+18,9007381.0,-4.8071,0.009,20.37,5928,0.577315,-0.24,0.03,1.0,7.97,14.454397707459272,,1.409259687761874,0.1489910290001642,1091803.586272393,548280.4676716047,543523.118600788,5.735218021407076,0.9913231469086982,-0.0037847531403898,0.156,-0.03981457581455765
Ye2024,2.1063936314595604e+18,9007208.0,-5.0126,0.0241,40.15,5134,0.844206,0.16,0.03,0.86,10.27,18.000329833835156,,2.230514683377089,0.3484050865279408,382679.4965757977,198936.2117264825,183743.28484931524,5.2642114761579855,0.9236291535597552,-0.0345023674067593,-0.638,-0.2995740700748843
Ye2024,2.1064322518048863e+18,9077161.0,-4.6047,0.0075,4.84,5956,0.56857,-0.13,0.02,1.0,3.57,14.454397707459272,,0.3348461899247653,-0.4751546383555874,1773088.82621974,566800.93502978,1206287.8911899598,6.081450968363254,2.1282390635551454,0.3280204103482779,0.184,0.2334632760750878
Ye2024,2.106435099364727e+18,9143239.0,-4.8574,0.0121,9.17,6112,0.520584,-0.11,0.03,1.18,4.18,11.222913527863296,,0.8170783796233932,-0.0877362810376987,1098866.968581509,680131.025133541,418735.9434479681,5.621940241452794,0.6156695224508411,-0.2106523447990225,0.34,-0.09303415435871175
Ye2024,2.10646011755279e+18,9207290.0,-4.8605,0.0118,30.21,5145,0.840233,0.25,0.02,0.88,11.86,17.42033268532819,,1.7341804284509197,0.2390942805704881,547839.3873869152,201960.72573685096,345878.66165006417,5.5389237698389255,1.7126035786816003,0.2336568471948418,-0.627,-0.08004824398156803
Ye2024,2.1064805959569024e+18,9393218.0,-4.8426,0.0127,12.59,5988,0.558625,-0.14,0.03,1.02,4.27,14.032847450821215,,0.8971807072030289,-0.0471200739715397,1047463.5117407304,588622.1914719605,458841.32026876986,5.661662520730278,0.7795175358940356,-0.1081741105503761,0.216,-0.08778487834102493
Ye2024,2.1064881550996388e+18,9515217.0,-4.8295,0.0098,19.39,5647,0.667445,0.12,0.02,1.02,8.17,14.032847450821215,,1.3817580550172146,0.1404320049993031,853852.565351292,389327.7891242333,464524.7762270587,5.667008882789795,1.1931456967712888,0.0766934792447966,-0.125,0.04526489421406333
Ye2024,2.1064921365304115e+18,9206098.0,-4.6616,0.0086,16.51,6076,0.531548,-0.09,0.03,1.06,3.58,13.24184353201083,,1.2468052473274382,0.0957986213883727,1684545.6997894356,652386.9192571156,1032158.78053232,6.013746511443094,1.5821267258204033,0.1992412668483177,0.304,0.11319250971262408
Ye2024,2.1064921365322327e+18,9206101.0,-4.8784,0.0135,16.54,5874,0.594299,0.03,0.03,1.06,2.0,13.24184353201083,,1.2490707929010192,0.0965870533421069,893197.5134330757,514025.0599637409,379172.45346933487,5.578836778716624,0.7376536340389349,-0.1321475137001873,0.102,-0.16689128137617168
Ye2024,2.1064930298836157e+18,9142010.0,-4.6307,0.0117,15.0,5482,0.722483,0.1,0.03,0.94,7.26,15.836148205371112,,0.9472000265135484,-0.0235582984646017,1198582.3040042932,315878.5748837278,882703.7291205653,5.945814961336475,2.7944400136839955,0.4462947913519433,-0.29,0.26514480484500963
Ye2024,2.1065163945051756e+18,9329766.0,-4.7694,0.0059,15.4,5913,0.582018,-0.24,0.01,0.98,6.16,14.894693714546571,,1.0339252552041358,0.0144891437620675,1178808.483380312,538574.2023895612,640234.2809907506,5.80633892448872,1.1887577944694363,0.0750933775450226,0.141,0.013100538154973508
Ye2024,2.1065278019388037e+18,9453090.0,-4.9,0.0121,22.24,5670,0.659901,0.06,0.03,1.14,6.48,11.843039123414078,,1.87789635483267,0.2736716189384021,737809.0401401375,400645.7730953503,337163.26704478724,5.527840253411977,0.8415495424796239,-0.0749203117830142,-0.102,-0.10863296853802817
Ye2024,2.1065340253503232e+18,9514986.0,-4.8402,0.0122,19.49,5831,0.607936,0.03,0.02,1.1,6.68,12.514101920504952,,1.55744296504927,0.1924121513710652,947073.9742871844,488077.1117632623,458996.86252392223,5.661809716924615,0.9404187401161208,-0.0266787250937496,0.059,-0.09236895316245851
Ye2024,2.1065353997401354e+18,9515113.0,-4.4918,0.0084,6.94,5582,0.688932,-0.12,0.03,0.9,6.45,16.867395843027396,,0.4114446630994814,-0.3856885665916493,1774071.279880894,358813.1216837064,1415258.1581971878,6.150835667036447,3.9442764845281695,0.5959673503605287,-0.19,0.45666657936558763
Ye2024,2.1065377705617984e+18,9576188.0,-4.9144,0.0123,19.9,5829,0.608572,0.17,0.02,1.1,5.38,12.514101920504952,,1.5902060033083876,0.2014533886631504,797237.9392822022,486898.1114132875,310339.82786891464,5.491837514912977,0.637381457422604,-0.195600575089113,0.057,-0.35335953776615797
Ye2024,2.106538835713689e+18,9576101.0,-5.0419,0.0134,10.78,6126,0.516338,-0.06,0.03,1.1,3.88,12.514101920504952,,0.8614281766665537,-0.0647809268958363,725136.4005933726,691190.5581279641,33945.842465408496,4.530786591432501,0.0491121327776064,-1.3088112054849048,0.354,-0.19167983437904118
Ye2024,2.1065422029688888e+18,9514388.0,-4.8868,0.0085,22.58,5462,0.729266,0.21,0.02,0.98,5.57,14.894693714546571,,1.5159761209421676,0.1806923605145534,654965.6440289293,307843.12244371744,347122.52158521186,5.540482791956848,1.12759550653491,0.0521533365406594,-0.31,-0.032792325110702875
Ye2024,2.106601056900717e+18,8149174.0,-4.8151,0.0083,10.46,6118,0.518763,-0.12,0.02,1.08,4.28,12.87049780038931,,0.8127113777746502,-0.0900636601805295,1216044.9463134485,684852.0848185548,531192.8614948934,5.725252230075684,0.7756315170386435,-0.1103445520973648,0.346,-0.3204401850955432
Ye2024,2.1066776490569367e+18,8478715.0,-4.8098,0.0083,16.64,5984,0.559865,-0.03,0.02,1.16,4.84,11.52693877886925,,1.4435749438093506,0.1594393353854097,1126621.6067931158,585855.7182817529,540765.888511363,5.733009288520633,0.923035948334458,-0.0347813847170228,0.212,-0.003358085842753198
Ye2024,2.1067018039523896e+18,8350180.0,-4.8693,0.0132,31.66,5781,0.623919,-0.1,0.03,0.98,7.92,14.894693714546571,,2.1255891934911,0.3274793334519416,855704.1024872654,459325.8993995259,396378.2030877395,5.598109764534256,0.8629563532252861,-0.0640111695603082,0.009,0.03238185859404679
Ye2024,2.1067086716029005e+18,8415377.0,-4.8564,0.0077,16.07,5950,0.57044,-0.01,0.01,1.06,5.18,13.24184353201083,,1.2135772455815828,0.0840674248889236,989189.731760856,562787.7145627139,426402.0171981421,5.629819250558736,0.757660492872444,-0.1205253578275389,0.178,-0.16795371228173442
Ye2024,2.1067167117816694e+18,8609302.0,-4.9177,0.0133,18.66,5935,0.575125,0.22,0.02,1.3,3.75,9.620852087644154,,1.9395371459836308,0.2876981016165248,850343.9571145624,552861.183623009,297482.7734915534,5.473461821848868,0.5380786032799224,-0.2691542773499305,0.163,-0.3693068178056872
Ye2024,2.1067187433033544e+18,8479581.0,-5.0044,0.0166,23.31,5777,0.625204,-0.06,0.03,1.0,6.57,14.454397707459272,,1.6126579932120413,0.2075422735205768,625203.220977686,457089.9695452686,168113.25143241737,5.225601947806823,0.3677902877625233,-0.4343997433601342,0.005,-0.18177806718664336
Ye2024,2.1067279517133235e+18,8608958.0,-5.0115,0.0122,41.76,5695,0.651736,0.01,0.02,1.04,8.62,13.628989336448337,,3.064056986846429,0.486296838259129,580880.3029972845,413267.0549413797,167613.2480559048,5.2243083420400245,0.4055809580071174,-0.3919224432865653,-0.077,-0.3086992640013918
Ye2024,2.1067422797245545e+18,8738643.0,-4.9604,0.0144,20.83,5791,0.620711,0.09,0.03,1.06,5.88,13.24184353201083,,1.5730438099231094,0.1967408180733249,698595.8419080366,464956.8311791264,233639.01072891025,5.36854535868782,0.5024961352571243,-0.2988672740924672,0.019,-0.22003800753315497
Ye2024,2.1067462611545664e+18,8739075.0,-4.9327,0.0105,18.34,5772,0.626811,-0.16,0.02,0.96,6.06,15.354869714245666,,1.1944093529484554,0.0771531955190453,734881.0122904824,454308.1973031192,280572.8149873632,5.448045589454554,0.6175825500242119,-0.2093049836167154,0.0,-0.12154598954083509
Ye2024,2.106754099474509e+18,8738187.0,-4.6635,0.0066,10.39,5842,0.604438,-0.15,0.02,0.96,4.39,15.354869714245666,,0.6766582975536779,-0.1696305882577795,1433368.800607219,494605.505351992,938763.295255227,5.972556100760659,1.8980041368264688,0.2782971546660632,0.07,0.19987481810641022
Ye2024,2.1067551989861768e+18,8738442.0,-4.6306,0.0126,10.25,5548,0.700272,0.13,0.03,0.98,4.58,14.894693714546571,,0.6881645367430124,-0.1623077116826224,1257643.4874906568,343686.11700731795,913957.3704833388,5.960925939502308,2.659279282042918,0.4247639500735135,-0.224,0.20683853446322065
Ye2024,2.1067649227921976e+18,8936598.0,-5.0131,0.0131,15.41,6053,0.538587,-0.29,0.03,1.02,6.51,14.032847450821215,,1.098137783796559,0.040656834639017,738574.7094128663,635174.787675443,103399.92173742328,5.014520210044016,0.162789713546152,-0.7883730410394734,0.281,-0.3680344896245289
Ye2024,2.1067710388253578e+18,8543434.0,-4.8503,0.02,30.64,5339,0.771539,0.17,0.03,0.94,7.48,15.836148205371112,,1.9348139208250084,0.2866392034402833,650356.4024970748,262175.7035129249,388180.6989841499,5.589033937716262,1.4806127867032235,0.1704414956680072,-0.433,0.03485124242835939
Ye2024,2.106795125002247e+18,8801554.0,-4.9016,0.0146,21.81,5360,0.764253,-0.03,0.03,0.88,4.7,17.42033268532819,,1.2519852745618854,0.0975992208759079,587044.3268159154,269532.88962271897,317511.43719319644,5.501759373786834,1.178006282044599,0.0711476064528058,-0.412,-0.08871302026510379
Ye2024,2.1068246743773537e+18,9003558.0,-5.0952,0.0181,18.73,5680,0.656631,0.27,0.02,1.08,5.54,12.87049780038931,,1.4552661668947606,0.1629424326634523,474029.1832043912,405654.0037500204,68375.17945437081,4.834898479172431,0.1685554162470592,-0.7732572875902517,-0.092,-0.5612069760198781
Ye2024,2.1069811486249193e+18,8801363.0,-4.988,0.0114,15.1,5961,0.567012,-0.09,0.02,1.16,5.01,11.52693877886925,,1.3099748588654565,0.1172629607238739,736017.6413958677,570164.0213919693,165853.6200038984,5.219724955087097,0.2908875582836529,-0.536274853810722,0.189,-0.1422448696862783
Ye2024,2.1069907306930673e+18,9002888.0,-4.5514,0.0092,11.51,5537,0.703955,-0.1,0.02,0.9,4.95,16.867395843027396,,0.682381566610235,-0.1659727134167124,1497303.4686479575,338910.786054206,1158392.6825937517,6.063855805483603,3.417987064030698,0.5337704147244732,-0.235,0.3645467686787776
Ye2024,2.106991284747813e+18,9002718.0,-4.7821,0.0095,15.52,5917,0.580763,-0.14,0.02,1.0,5.9,14.454397707459272,,1.0737216668661898,0.0308917169221697,1147936.893103137,541148.0071060244,606788.8859971123,5.783037617608547,1.1212993081913487,0.0497215542056121,0.145,0.06386740680480181
Ye2024,2.1070245793345736e+18,9264619.0,-4.7948,0.0056,21.04,5476,0.724515,-0.34,0.01,0.84,6.97,18.60920008626386,,1.1306235572978982,0.0533180300343264,817834.6268095251,313449.2595131407,504385.3672963844,5.7027624787840425,1.6091451869428934,0.2065952305772789,-0.296,0.11083237415061097
Ye2024,2.1070821275982344e+18,9386391.0,-4.9942,0.0126,19.1,5996,0.556147,0.04,0.02,1.37,3.33,8.834712020579083,,2.161926722173799,0.3348409695919013,742776.6338736517,594188.7849683178,148587.8489053339,5.171983295500384,0.2500684170827233,-0.6019411549421199,0.224,-0.36913181011626256
Ye2024,2.1071039846902492e+18,9632205.0,-4.9278,0.0119,20.93,5673,0.65892,-0.24,0.03,0.88,13.19,17.42033268532819,,1.2014695917735103,0.0797127836358941,693526.1974568845,402142.63950154657,291383.557955338,5.46446504197505,0.7245776232943271,-0.1399150821560973,-0.099,-0.07118614572757558
Ye2024,2.1071242912953897e+18,8869855.0,-4.7818,0.0084,16.97,5741,0.636805,-0.14,0.02,0.94,4.38,15.836148205371112,,1.0715989633289944,0.0300322847973927,1018033.1594318036,437383.3085226712,580649.8509091325,5.763914318862797,1.327553748839584,0.1230521134460804,-0.031,0.08351937583332562
Ye2024,2.1071647627679334e+18,9204525.0,-4.9842,0.0125,11.11,6038,0.543192,0.09,0.03,1.14,2.17,11.843039123414078,,0.9381037995589464,-0.0277491050307501,781599.3173053033,624160.6945559883,157438.622749315,5.197111281957509,0.2522405273553996,-0.5981851342863941,0.266,-0.41446741480792504
Ye2024,2.1071693712722944e+18,9328987.0,-5.1156,0.0159,36.68,5041,0.878134,0.18,0.03,0.86,8.86,18.000329833835156,,2.0377404380142377,0.3091488639112246,280594.09445518465,174881.0358201729,105713.05863501177,5.024128638611377,0.6044855472134476,-0.2186140783275824,-0.731,-0.8076354479721887
Ye2024,2.1071824279731336e+18,9328072.0,-4.891,0.014,24.53,5591,0.685942,-0.14,0.03,0.9,6.76,16.867395843027396,,1.4542849547305878,0.1626495111598815,712147.0927220571,362911.658778322,349235.43394373514,5.543118301429656,0.9623152783775936,-0.0166826189939883,-0.181,-0.10294928258068194
Ye2024,2.1072166502723425e+18,9326811.0,-4.8496,0.0099,28.15,5340,0.771191,-0.09,0.02,0.86,7.54,18.000329833835156,,1.563860232554547,0.194197936100606,651893.6711290779,262522.0953994092,389371.5757296687,5.5903642446819,1.483195443557872,0.1711983826305777,-0.432,0.09154483600527011
Ye2024,2.107243072911617e+18,9573539.0,-4.6628,0.0104,15.4,5527,0.70731,-0.09,0.02,0.9,7.71,16.867395843027396,,0.9130040074541806,-0.0395273162100411,1150190.0199244907,334619.0988551848,815570.9210693059,5.911461732745784,2.437311330583272,0.3869110074442677,-0.245,0.186824482811827
Ye2024,2.1072665706727347e+18,9451706.0,-5.0402,0.0081,9.76,6069,0.533687,0.18,0.01,1.24,3.15,10.377405303719264,,0.9405048482111434,-0.0266389613619598,701261.9686879166,647106.5850794673,54155.38360844937,4.733641636496411,0.0836885064332931,-1.0773341828113852,0.297,-0.5018249911802027
Ye2024,2.1072775013689093e+18,9574801.0,-4.6363,0.0092,13.79,5667,0.660884,-0.26,0.03,0.92,11.67,16.339848430570573,,0.843949076920444,-0.0736837574971609,1351215.40274178,399153.690584336,952061.712157444,5.978665100044982,2.38520082518512,0.3775249509224363,-0.105,0.2422811237561978
Ye2024,2.1073025796785216e+18,9636421.0,-4.7273,0.0104,6.79,6265,0.474696,-0.05,0.03,1.16,2.43,11.52693877886925,,0.5890549199798972,-0.2298442122887938,1636801.588869763,809643.0292028214,827158.5596669416,5.917588768304513,1.0216336457331894,0.0092951872268233,0.493,-0.15362048516545554
Ye2024,2.1073245054913567e+18,9818107.0,-4.9649,0.0137,23.57,5646,0.667774,-0.07,0.03,0.94,5.62,15.836148205371112,,1.4883669749949555,0.1727100250040407,624705.3594818099,388841.9929438331,235863.3665379768,5.372660493043859,0.6065789467652647,-0.2171126673229872,-0.126,-0.27050492020096695
Ye2024,2.1074010890501665e+18,10191892.0,-4.8619,0.0105,14.11,5951,0.570128,0.2,0.02,1.18,3.78,11.222913527863296,,1.2572492842405756,0.0994213970466279,977398.2062963996,563454.8861806605,413943.320115739,5.616940878690537,0.734652108390833,-0.1339182706762662,0.179,-0.2128144193320456
Ye2024,2.1074126382199122e+18,9449320.0,-4.649,0.0097,13.98,5630,0.673041,0.03,0.02,0.96,5.4,15.354869714245666,,0.9104603464677976,-0.0407389644052943,1278336.872757468,381139.696404836,897197.1763526321,5.952887898107096,2.3539851262295546,0.3718037144051061,-0.142,0.24270607309665906
Ye2024,2.107481254616946e+18,9693342.0,-4.8638,0.0139,9.98,6072,0.53277,0.21,0.03,1.28,3.04,9.863939442164517,,1.0117661466309666,0.0050801439623193,1054723.9023240872,649365.0768404714,405358.8254836159,5.607839632927761,0.6242387217001505,-0.2046492954285767,0.3,-0.37510587244197996
Ye2024,2.1075319352314097e+18,9993816.0,-4.6561,0.0057,5.38,6140,0.512101,-0.05,0.01,1.12,2.22,12.171862643132958,,0.4420030161148141,-0.3545747671270362,1779037.985815305,702404.0654232707,1076633.9203920343,6.03206805856254,1.5327842952378865,0.1854810420173068,0.368,0.09810904419921664
Ye2024,2.1075334814196695e+18,10056241.0,-4.6367,0.0092,19.25,5253,0.801678,0.08,0.02,0.88,8.58,17.42033268532819,,1.1050305609957034,0.0433742891417271,996646.9449392076,233814.8958373217,762832.0491018859,5.882428930907409,3.262546838045046,0.513556755245492,-0.519,0.23127362850094968
Ye2024,2.1075868721553464e+18,10191036.0,-4.8367,0.0121,13.32,5898,0.586732,-0.11,0.02,1.02,4.81,14.032847450821215,,0.9492015107183752,-0.02264157924512,999380.3579959718,529015.7667620745,470364.59123389726,5.672434620868822,0.8891315170298966,-0.0510339950524229,0.126,-0.008431466585491236
Ye2024,2.1076169755830953e+18,10122419.0,-4.9007,0.0106,14.57,5937,0.5745,0.01,0.02,1.06,3.65,13.24184353201083,,1.1002999669025302,0.0415110998955691,885482.3976108746,554175.9761399516,331306.421470923,5.520229853576981,0.5978361310040889,-0.2234178413517332,0.165,-0.1530546737317632
Ye2024,2.107623778811349e+18,10190163.0,-4.9505,0.0108,20.55,5921,0.579508,-0.08,0.03,1.08,6.68,12.87049780038931,,1.596674838744652,0.203216481500303,781073.6393726696,543732.360007474,237341.2793651957,5.37537327905774,0.4365038699589872,-0.3600119015703634,0.149,-0.32324800486383964
Ye2024,2.1076240880493711e+18,10190029.0,-4.907,0.0133,25.75,5476,0.724515,-0.05,0.02,0.88,9.3,17.42033268532819,,1.478157763409837,0.1697207886744175,631633.9927640522,313449.2595131407,318184.7332509115,5.502679338026007,1.0151076245805335,0.006512089819243,-0.296,-0.01522119646946276
Ye2024,2.1076324331668595e+18,10189476.0,-4.766,0.009,10.74,5958,0.567947,-0.03,0.02,1.04,3.84,13.628989336448337,,0.7880261503527454,-0.1034593703715399,1224654.9215333215,568144.1210268775,656510.8005064442,5.817241875226362,1.1555356752083443,0.0627833581292377,0.186,0.015953784886899088
Ye2024,2.1076499952917714e+18,10322381.0,-4.7232,0.0086,12.93,6105,0.522711,-0.47,0.02,1.04,6.72,13.628989336448337,,0.9487130469330536,-0.0228651268546827,1489890.701653292,674658.4456090613,815232.2560442307,5.911281354934675,1.208362929938961,0.0821973935543235,0.333,-0.0642467492435627
Ye2024,2.1076635673886996e+18,10517557.0,-4.9776,0.012,42.37,5564,0.694927,0.14,0.02,1.06,8.84,13.24184353201083,,3.1997055317543035,0.5051100121265687,572216.2961299901,350735.079810446,221481.21631954407,5.345336899883312,0.631477229022096,-0.199642305422748,-0.208,-0.26349249652850204
Ye2024,2.1169366079398769e+18,7867628.0,-4.984,0.0126,28.27,5651,0.666131,0.02,0.03,0.98,9.43,14.894693714546571,,1.8979913613390205,0.278294231415124,599947.1102462296,391276.185946892,208670.9242993376,5.31946193974082,0.5333085216887199,-0.2730214767093621,-0.121,-0.21350114863912256
Ye2024,2.1169419680589414e+18,7868216.0,-4.8135,0.0138,29.39,5391,0.75355,0.24,0.03,0.96,9.79,15.354869714245666,,1.9140507569877372,0.2819534502576556,735849.6098331462,280717.04875601,455132.56107713626,5.658137906897894,1.621321409205618,0.2098691175060082,-0.381,-0.0247953238297219
Ye2024,2.1169436860457938e+18,7798670.0,-4.8108,0.0089,15.67,5976,0.562348,-0.21,0.02,0.98,5.56,14.894693714546571,,1.0520525161720005,0.0220374193941946,1118031.634105367,580356.2303092787,537675.403796088,5.7305201699345165,0.926457537139826,-0.033174481157248,0.204,-0.04649237308534721
Ye2024,2.1169470533002527e+18,7868378.0,-4.8304,0.0121,15.5,5943,0.572625,-0.27,0.03,0.96,6.09,15.354869714245666,,1.0094517432225223,0.0040855623553345,1045284.85416599,558136.4661631373,487148.3880028527,5.687661269787151,0.8728123273358462,-0.0590791285332257,0.171,-0.026786241897110725
Ye2024,2.1169562960697956e+18,7867871.0,-4.9124,0.0123,27.35,5451,0.733008,0.08,0.02,0.94,6.59,15.836148205371112,,1.72706138167637,0.2373077731491665,612514.6277271671,303498.8733996783,309015.7543274888,5.489980621311827,1.0181775993630964,0.0078235380165676,-0.321,-0.044000517183079624
Ye2024,2.1170176625620498e+18,7581081.0,-4.8645,0.0107,16.51,5818,0.612078,0.02,0.02,1.02,4.44,14.032847450821215,,1.1765252959429713,0.0706012691833913,887578.1537671143,480457.1980489555,407120.95571815874,5.609723457374561,0.847361549314692,-0.071931246848272,0.046,-0.06932604214664112
Ye2024,2.1171207074170476e+18,7867091.0,-4.7665,0.0135,28.84,5257,0.800265,0.13,0.03,0.9,5.96,16.867395843027396,,1.7098075048687382,0.2329472190008872,741418.8863002094,235072.99359078883,506345.89270942064,5.704447291493521,2.1539943188491453,0.3332445535136244,-0.515,0.08731670142822114
Ye2024,2.1171256552194237e+18,7935997.0,-4.5909,0.0047,7.45,5616,0.677662,-0.13,0.01,0.92,5.0,16.339848430570573,,0.4559405818025603,-0.3410917509247179,1446838.7545361822,374507.9564979077,1072330.7980382745,6.03032877938782,2.8633057841169407,0.4568677305794898,-0.156,0.33312465600201463
Ye2024,2.1172729554187151e+18,7868899.0,-4.8795,0.0137,22.42,5522,0.70899,0.26,0.02,1.02,4.61,14.032847450821215,,1.5976800202932415,0.2034898041795521,695820.7022242375,332490.80255256407,363329.8996716734,5.560301138925481,1.0927517299196086,0.0385215026876068,-0.25,-0.07977024388911783
Ye2024,2.11729635010187e+18,8143646.0,-4.8128,0.0078,23.65,5641,0.669418,-0.38,0.02,0.84,9.7,18.60920008626386,,1.2708767647383692,0.1041034396264553,883560.1810711599,386420.80692140927,497139.3741497506,5.696478161245572,1.2865233063157997,0.1094176581815482,-0.131,0.057362452689014805
Ye2024,2.1174034193443543e+18,8409671.0,-4.5379,0.0074,5.08,5873,0.594615,-0.2,0.02,0.96,6.21,15.354869714245666,,0.330839668101317,-0.4803824235310377,1955022.4100529936,513408.4425005358,1441613.967552458,6.158848981460717,2.807928051457692,0.4483859755178721,0.101,0.34093016310733276
Ye2024,2.1191316111046282e+18,9813472.0,-4.598,0.0105,13.06,5342,0.770496,0.03,0.02,0.9,6.59,16.867395843027396,,0.7742748271007532,-0.111104860107449,1165271.8935568358,263216.0575542508,902055.836002585,5.955233420598816,3.427054733606686,0.5349210406170679,-0.43,0.33715172886506495
Ye2024,2.119149168931182e+18,9872950.0,-4.916,0.0111,12.22,6042,0.541963,0.06,0.02,1.12,3.67,12.171862643132958,,1.003954806119522,0.00171416311311,916926.7026036466,627081.6358565692,289845.0667470774,5.46216591294293,0.4622126533033618,-0.3351581696647644,0.27,-0.2570947450798643
Ye2024,2.1191671734339354e+18,9751937.0,-4.6423,0.0083,9.46,5953,0.569505,0.14,0.02,1.14,2.32,11.843039123414078,,0.798781453089796,-0.0975720275698249,1622763.6347237625,564791.265839046,1057972.3688847162,6.024474325357392,1.8732095074328163,0.2725863533675326,0.181,0.10269147420481184
Ye2024,2.119215380147029e+18,10053675.0,-4.5593,0.0093,7.93,5721,0.643282,-0.09,0.03,0.94,5.7,15.836148205371112,,0.5007530806834959,-0.3003763702026792,1675712.5709537682,426753.637666918,1248958.9332868503,6.096548158678281,2.9266509363926385,0.4663709269303233,-0.051,0.36547650716617025
Ye2024,2.1196798894496484e+18,10646158.0,-4.7678,0.0106,17.24,5808,0.615271,-0.1,0.02,0.96,6.01,15.354869714245666,,1.122770842139115,0.0502911256737369,1101331.7698517237,474665.4093788188,626666.3604729046,5.797036382344612,1.3202275710231448,0.1206487981157498,0.036,-0.012603003299786624
Ye2024,2.1197000586161976e+18,10904269.0,-4.8866,0.0119,30.0,5279,0.792514,-0.03,0.02,0.84,8.82,18.60920008626386,,1.6121058326490942,0.2073935492722874,571766.0765043802,242096.8936891932,329669.182815187,5.518078351574932,1.361724133637254,0.1340891344681733,-0.493,-0.003858267460609561
Ye2024,2.125776028596985e+18,6948764.0,-5.0997,0.0177,24.36,5677,0.657612,0.27,0.03,1.1,7.19,12.514101920504952,,1.9466039316880568,0.2892775962142815,468152.4640018159,404145.9251118225,64006.53888999339,4.806224343652327,0.1583748218475381,-0.8003138606368345,-0.095,-0.5473036780593031
Ye2024,2.1257876765469448e+18,7033367.0,-4.694,0.0111,13.88,5810,0.614632,0.08,0.02,1.06,2.1,13.24184353201083,,1.048192418710166,0.0204410142444151,1307122.4271297052,475818.9489730052,831303.4781567,5.919759597584899,1.7471004043680125,0.2423178642330682,0.038,0.14689863826523272
Ye2024,2.1257917997155139e+18,7032843.0,-5.1017,0.016,28.79,5648,0.667117,0.21,0.02,1.18,6.04,11.222913527863296,,2.565287519013903,0.4091360481703621,456552.2514391049,389814.1060487106,66738.1453903942,4.8243741337255885,0.1712050548064433,-0.7664834169828287,-0.124,-0.4012581512666499
Ye2024,2.1258621298002191e+18,7364715.0,-4.9404,0.0109,8.32,6120,0.518156,0.38,0.02,1.34,2.24,9.159880552148511,,0.9083087877219632,-0.041766484071339,912467.5428109402,686432.0077898391,226035.53502110112,5.354176719901521,0.3292904941144661,-0.4824208062246868,0.348,-0.6552447703904256
Ye2024,2.1258843304906273e+18,7611858.0,-5.0648,0.0086,23.03,5821,0.611121,0.06,0.01,1.18,5.36,11.222913527863296,,2.052051808367148,0.3121883212565113,560792.4186377667,482206.5163408808,78585.90229688596,4.8953446439553545,0.1629714647848767,-0.7878884310030541,0.049,-0.8322915965727044
Ye2024,2.126098632179076e+18,8026699.0,-5.0018,0.0122,20.1,5905,0.58453,0.03,0.02,1.08,2.65,12.87049780038931,,1.561711156144404,0.1936007127087038,686580.3100147162,533458.0937655981,153122.2162491181,5.185038206337921,0.2870370101018658,-0.5420621024062916,0.133,-0.25328438284440047
Ye2024,2.1261116888797737e+18,8094082.0,-4.8409,0.0101,20.78,5775,0.625846,0.28,0.02,1.12,3.77,12.171862643132958,,1.7072161105698582,0.2322885004277332,909745.0283179962,455975.5117006608,453769.5166173354,5.656835317442376,0.995162031673373,-0.0021062019351065,0.003,-0.07612214929053641
Ye2024,2.1261470063885783e+18,8096156.0,-4.9988,0.0105,9.13,6058,0.537054,0.19,0.02,1.32,3.3,9.386296808958306,,0.9726945765540148,-0.0120235056103107,765823.7180747039,638883.0209747299,126940.69709997404,5.103600878930204,0.1986916116604623,-0.701820467497495,0.286,-0.4007173125461998
Ye2024,2.126169859915413e+18,8233588.0,-5.01,0.0117,11.57,5980,0.561106,0.24,0.02,1.3,3.5,9.620852087644154,,1.2025961832277925,0.0801198211577932,708625.0042079212,583100.410440697,125524.59376722424,5.098728824549963,0.2152709748092184,-0.6670145225683329,0.208,-0.6609062409173793
Ye2024,2.126177552195976e+18,8299279.0,-4.6465,0.0102,11.12,5600,0.682957,-0.11,0.02,0.92,4.47,16.339848430570573,,0.6805448684086538,-0.1671432364269721,1258530.7888552696,367050.30593781447,891480.482917455,5.950111839654912,2.428769213636044,0.385386249261202,-0.172,0.3395945389264071
Ye2024,2.12622204805715e+18,8428580.0,-4.7827,0.0067,17.71,5842,0.604438,-0.27,0.02,0.96,4.01,15.354869714245666,,1.1533800240303786,0.0619724253751177,1089326.1948686943,494605.505351992,594720.6895167024,5.774313047271165,1.2024142131080044,0.0800541011765687,0.07,-0.09023867309099468
Ye2024,2.1262312951280753e+18,8363992.0,-4.5085,0.0101,3.31,6115,0.519673,-0.23,0.03,1.04,3.29,13.628989336448337,,0.2428646701738908,-0.614635657959358,2458654.940962178,682488.0518213708,1776166.889140807,6.249483769791547,2.6024878888366056,0.4153887171168022,0.343,0.24279561822508436
Ye2024,2.1262331462526428e+18,8428992.0,-5.0091,0.012,13.84,5942,0.572937,0.15,0.02,1.26,4.83,10.11597610345872,,1.3681329274065814,0.1361282953625941,692217.104664771,557474.7027775995,134742.40188717155,5.12950428471955,0.2417013744584677,-0.6167208799273479,0.17,-0.4620519237700518
Ye2024,2.126261011999622e+18,8687184.0,-4.8586,0.0087,12.67,6170,0.503055,-0.37,0.02,1.26,3.54,10.11597610345872,,1.2524742912024125,0.0977688201252964,1138026.5462019444,726959.8181989437,411066.7280030006,5.6139123261370205,0.565460040173095,-0.2475980802973315,0.398,-0.22158257788952512
Ye2024,2.126338463152002e+18,8167544.0,-4.9503,0.0175,29.95,5484,0.721806,-0.17,0.03,0.98,11.44,14.894693714546571,,2.01078320736129,0.3033652496509346,575044.5888313429,316691.9288218883,258352.6600094546,5.412212937418281,0.8157854258254732,-0.0884240577099192,-0.288,-0.05201882355222141
Ye2024,2.1263605221048492e+18,8367182.0,-5.0292,0.0184,6.88,6213,0.490165,-0.24,0.04,1.06,3.55,13.24184353201083,,0.519565118207921,-0.2843600136389096,789981.9185385084,763439.3533682044,26542.56517030392,4.423942892359388,0.0347670906054308,-1.458831650613071,0.441,-0.12197060895098955
Ye2024,2.1263651263097613e+18,8431917.0,-4.8511,0.0103,20.74,5425,0.741881,0.19,0.02,0.94,11.17,15.836148205371112,,1.309661903326066,0.117159194532739,692007.3491465864,293439.2370203183,398568.1121262681,5.600502549553687,1.3582645462599483,0.1329843647836897,-0.347,-0.13618858437697237
Ye2024,2.1263856004128957e+18,8432609.0,-4.6157,0.0072,12.0,5637,0.670735,-0.15,0.02,0.9,12.98,16.867395843027396,,0.7114316941201407,-0.1478667909988793,1387087.5571148111,384493.18410253513,1002594.373012276,6.001125262837801,2.607573851673033,0.4162366173554744,-0.135,0.3202100094877931
Ye2024,2.1264183839029335e+18,8564441.0,-4.533,0.0073,5.88,5893,0.588306,0.06,0.02,1.12,6.59,12.171862643132958,,0.4830813633373804,-0.3159797167172868,2004275.884235469,525862.1463830824,1478413.737852387,6.169795989485992,2.8114093171014924,0.4489240797651888,0.121,0.3377280002690271
Ye2024,2.1264196852726083e+18,8629109.0,-4.5906,0.0079,13.36,6038,0.543192,-0.28,0.03,0.98,5.7,14.894693714546571,,0.89696372789138,-0.0472251189348686,1934568.7644410324,624160.6945559883,1310408.069885044,6.117406558939964,2.099472269424518,0.3221101426960603,0.266,0.20971399565565205
Ye2024,2.126486961640316e+18,8756593.0,-4.8644,0.0087,12.56,6215,0.489568,-0.07,0.02,1.3,3.17,9.620852087644154,,1.3054976716803004,0.1157761016072211,1156049.0696471424,765173.6174353741,390875.4522117684,5.592038396695408,0.5108323696808345,-0.29172159079712,0.443,-0.20499838848507762
Ye2024,2.1266343649167283e+18,8752225.0,-4.8226,0.0083,13.55,5983,0.560175,-0.07,0.02,1.04,5.19,13.628989336448337,,0.9942043144580728,-0.0025243565246521,1093170.108753776,585165.8460420435,508004.2627117324,5.705867356505211,0.8681372403187606,-0.0614116135312181,0.211,0.01289700611594751
Ye2024,2.12664876594909e+18,9020155.0,-4.9938,0.0127,22.53,6226,0.486286,-0.01,0.03,1.32,2.93,9.386296808958306,,2.400307646195176,0.3802669085792211,864267.5397124729,774772.6300459836,89494.90966648934,4.951798334012848,0.1155111915365127,-0.93737593622995,0.454,-0.31289780480206
Ye2024,2.1268181895179213e+18,9649205.0,-5.0087,0.0102,25.52,5562,0.695594,0.12,0.01,0.98,7.78,14.894693714546571,,1.713361851481139,0.2338490929747291,531906.9620060301,349847.2310416966,182059.73096433352,5.260213896624373,0.5203978045566828,-0.2836645442990163,-0.21,-0.24668232987840127
Ye2024,2.1268368511573558e+18,8024703.0,-4.8246,0.0137,19.51,5816,0.612716,0.12,0.03,1.14,6.75,11.843039123414078,,1.6473811997655303,0.2167941054229004,971648.8209886652,479294.0137963739,492354.8071922912,5.692278182586342,1.027250065763321,0.0116761777369232,0.044,-0.001710496564252338
Ye2024,2.126838908441668e+18,8024282.0,-4.7984,0.0092,20.66,5574,0.691594,0.04,0.02,0.98,3.49,14.894693714546571,,1.3870711540595744,0.1420987401092062,870722.1533403633,355203.38746598864,515518.76587437466,5.712244479061535,1.4513340358380915,0.1617673802016736,-0.198,-0.0399058756205691
Ye2024,2.1268433451466378e+18,7885698.0,-4.9769,0.0153,29.59,5746,0.63519,0.31,0.02,1.18,6.5,11.222913527863296,,2.63657025660373,0.4210393484529132,651889.8562596734,440075.9474744174,211813.908785256,5.325954474706107,0.481312168958221,-0.3175731579681922,-0.026,-0.1233540050925932
Ye2024,2.1268605593758797e+18,8024926.0,-4.8285,0.0092,34.22,5612,0.678984,-0.16,0.02,0.92,10.29,16.339848430570573,,2.0942666723870627,0.3210319815320707,834799.8955403862,372631.4612920682,462168.434248318,5.664800280174001,1.2402829128968014,0.0935207605619276,-0.16,0.056964534282909124
Ye2024,2.1268871881736727e+18,8295509.0,-4.5727,0.0107,8.03,6022,0.548116,-0.03,0.04,1.08,1.35,12.87049780038931,,0.6239074917333116,-0.2048797994331041,1994686.926899521,612593.375077556,1382093.5518219648,6.1405374407697,2.256135322467351,0.3533651449736776,0.25,0.20903236385005158
Ye2024,2.1268904523488553e+18,8426595.0,-4.6185,0.0063,7.92,6070,0.533382,0.15,0.02,1.18,1.84,11.222913527863296,,0.7056991021392883,-0.1513804351182263,1852961.9483684227,647858.6654823512,1205103.2828860716,6.081024269537687,1.8601329998246363,0.269543997457121,0.298,0.11689296778712532
Ye2024,2.126921994588355e+18,8293302.0,-4.9435,0.0159,6.85,6215,0.489568,-0.17,0.04,1.22,3.64,10.648698264908193,,0.6432711144209566,-0.1916059498109471,963554.465701655,765173.6174353741,198380.84826628093,5.297499742950486,0.2592625304191647,-0.5862602445420421,0.443,-0.28429531329305996
Ye2024,2.1269313017773133e+18,8294354.0,-4.7508,0.0075,6.79,6203,0.493155,0.0,0.02,1.3,3.05,9.620852087644154,,0.7057586935278056,-0.1513437635134545,1490111.8255088646,754818.537155636,735293.2883532286,5.866460601814987,0.9741325261088792,-0.011381955398027,0.431,-0.017384274128213993
Ye2024,2.1269491044224077e+18,8489323.0,-4.7922,0.011,5.22,6328,0.456126,0.03,0.02,1.32,2.34,9.386296808958306,,0.5561298674273776,-0.2548237801423476,1467160.474671713,868817.613871112,598342.8608006011,5.776950113559887,0.688686383940375,-0.1619785033919369,0.556,-0.571057105589647
Ye2024,2.126951780180291e+18,8554094.0,-5.0051,0.0183,24.5,5606,0.68097,0.08,0.03,0.98,6.86,14.894693714546571,,1.6448810878247613,0.2161345072901369,553508.2652058961,369831.8488685485,183676.4163373476,5.264053397394177,0.4966484549648204,-0.3039509112469097,-0.166,-0.26054691512824496
Ye2024,2.1269923633313513e+18,8556311.0,-4.9118,0.0095,10.05,6014,0.550584,0.28,0.02,1.36,3.05,8.941232764773126,,1.124006081084839,0.0507686608544349,908793.9593745482,606879.0388474129,301914.92052713525,5.479884576231054,0.4974878043251144,-0.30321756130866,0.242,-0.31380386116453907
Ye2024,2.1269928443677368e+18,8621114.0,-4.8224,0.0103,16.57,5214,0.815508,0.07,0.02,0.86,11.06,18.000329833835156,,0.9205386875107938,-0.0359579546674221,630806.0412853684,221848.1130663898,408957.9282189786,5.611678632011849,1.8434140483159969,0.26562289284406,-0.558,0.022935905634660803
Ye2024,2.1270109863098752e+18,8750985.0,-4.6435,0.0078,7.24,6078,0.530937,0.11,0.02,1.16,2.07,11.52693877886925,,0.628093905840126,-0.2019754203721485,1758549.1848410494,653902.3603255241,1104646.8245155253,6.043223448445602,1.6893146309574607,0.2277105434509357,0.306,0.05649624128230072
Ye2024,2.1270124251179965e+18,8751312.0,-4.912,0.0138,11.44,5971,0.563901,-0.04,0.03,1.04,4.95,13.628989336448337,,0.8393872588487343,-0.0760376272780713,882673.3641165103,576941.5963100195,305731.7678064908,5.485340567500222,0.5299180536849449,-0.2757912843313246,0.199,-0.22022579111274895
Ye2024,2.1270586089078804e+18,8748022.0,-4.779,0.0102,17.47,5841,0.604756,-0.03,0.02,1.0,4.55,14.454397707459272,,1.2086287061953822,0.082292904982931,1097894.3789926472,494008.93503821513,603885.443954432,5.780954561506883,1.222418059923789,0.0872197575170421,0.069,-0.07680000775340622
Ye2024,2.1270745518262323e+18,8881201.0,-4.7106,0.0139,20.62,5682,0.655978,0.07,0.03,1.0,4.33,14.454397707459272,,1.4265554620348475,0.1542886609474978,1150844.5202789253,406662.0701891336,744182.4500897918,5.871679423923848,1.8299775283780009,0.2624457567460829,-0.09,0.1596284510311523
Ye2024,2.127096572119535e+18,9083564.0,-5.0356,0.011,15.02,5993,0.557076,0.05,0.02,1.12,4.03,12.171862643132958,,1.2339935505658934,0.0913128898747241,673889.7448725809,592096.0417386078,81793.70313397306,4.912719870915444,0.1381426278307776,-0.8596722868447754,0.221,-0.3939118270439594
Ye2024,2.1271191851253366e+18,8553325.0,-5.0415,0.0155,9.11,6007,0.552745,-0.36,0.04,0.98,7.56,14.894693714546571,,0.6116272126564725,-0.2135132001013973,671030.5062346318,601916.5785417781,69113.92769285361,4.839565574301092,0.1148231003377431,-0.9399707309277636,0.235,-0.43489526035775056
Ye2024,2.1271207313135027e+18,8488035.0,-4.9379,0.0281,28.53,5100,0.856538,-0.17,0.03,0.8,7.76,19.92161221406761,,1.4321130083966591,0.1559772896105322,442580.66908884543,189832.13907005408,252748.53001879132,5.402688638420966,1.3314317125485222,0.124318896930515,-0.672,-0.07151407769213808
Ye2024,2.1271317951494477e+18,8552124.0,-4.7911,0.0083,13.15,5942,0.572937,-0.14,0.02,1.0,5.63,14.454397707459272,,0.9097577267584016,-0.0410742471742232,1143516.2129868972,557474.7027775995,586041.5102092978,5.767928378844648,1.0512432354138497,0.02170321419775,0.17,-0.15174745983819518
Ye2024,2.1273057585048438e+18,9274642.0,-4.9546,0.0152,9.72,6125,0.516641,-0.2,0.04,1.04,2.82,13.628989336448337,,0.7131856779728757,-0.1467973868088022,886004.8694715138,690395.5062382987,195609.36323321503,5.291389639322714,0.2833294270685736,-0.5477083165851033,0.353,-0.2868529779889538
Ye2024,2.1273240378854692e+18,9211183.0,-4.8098,0.0104,14.19,5957,0.568258,-0.04,0.02,1.04,4.06,13.628989336448337,,1.041163042225834,0.0175187437223972,1106425.3994577562,567472.1869894437,538953.2124683125,5.731551064910676,0.9497438373633248,-0.0223935157861772,0.185,-0.042800965138695884
Ye2024,2.1273293292853379e+18,9274513.0,-4.7407,0.0128,15.97,5743,0.636159,0.13,0.03,1.04,3.26,13.628989336448337,,1.1717670038299204,0.0688412644034062,1120642.2750661946,438458.6625553741,682183.6125108205,5.83390128252725,1.555867566933213,0.1919726277450262,-0.029,0.07910046374476203
Ye2024,2.1273432793393743e+18,9396652.0,-4.776,0.0123,8.97,6080,0.530327,-0.2,0.02,1.02,3.55,14.032847450821215,,0.6392145308666537,-0.1943533610353101,1297854.6388134507,655420.8213183674,642433.8174950833,5.807828393984427,0.9801852437382734,-0.0086918398883557,0.308,-0.05764432099006304
Ye2024,2.1273460281184855e+18,9397038.0,-4.9859,0.0133,43.63,5565,0.694593,0.11,0.03,1.02,10.19,14.032847450821215,,3.1091337772254293,0.4926394089074178,561787.9392461072,351179.72881324834,210608.2104328589,5.323475297885458,0.5997163080698684,-0.2220541412431672,-0.207,-0.28246564046887646
Ye2024,2.1273502543662925e+18,9457426.0,-4.6367,0.0084,11.29,5686,0.654672,-0.17,0.02,0.92,5.05,16.339848430570573,,0.6909488816846854,-0.1605540817480429,1368167.14790864,408684.6538806267,959482.4940280134,5.982037055344142,2.347733111379,0.3706487250954588,-0.086,0.29000192616389847
Ye2024,2.1273534498217329e+18,9336082.0,-5.0573,0.0185,23.68,5470,0.72655,-0.07,0.04,0.88,10.77,17.42033268532819,,1.3593311004871822,0.1333252533480898,444898.6029082613,311035.9946308925,133862.60827736877,5.126659282862556,0.4303765820937347,-0.3661513677881334,-0.302,-0.33940818409499984
Ye2024,2.1273954374218685e+18,9019366.0,-4.9752,0.0086,17.21,5814,0.613355,0.13,0.01,1.06,3.74,13.24184353201083,,1.2996679773776627,0.1138324184531393,685980.6199433529,478133.2469953461,207847.37294800684,5.317744539684695,0.4347059616835847,-0.3618044037278894,0.042,-0.24302979637445177
Ye2024,2.1274027904059346e+18,9086251.0,-4.9883,0.012,10.24,6051,0.5392,0.09,0.02,1.22,3.8,10.648698264908193,,0.9616198849154156,-0.0169965646635607,780944.8195911618,633696.6746806252,147248.1449105366,5.1680498320826205,0.2323637645483112,-0.6338315960909948,0.279,-0.3528760684943153
Ye2024,2.1274099715928376e+18,9018496.0,-4.6879,0.0051,7.34,5801,0.617509,-0.01,0.01,1.02,0.64,14.032847450821215,,0.5230584901406062,-0.2814497441633317,1317416.8034321235,470646.8989936591,846769.9044384644,5.927765414098706,1.7991617627759462,0.2550702125521462,0.029,0.16232620309751933
Ye2024,2.1274640538196997e+18,9150496.0,-4.5691,0.0106,7.45,5284,0.790757,-0.02,0.03,0.88,1.98,17.42033268532819,,0.4276611781515839,-0.3689001719544995,1192238.0342760207,243718.1108262185,948519.9234498022,5.977046457579384,3.8918729520521262,0.5901586545348326,-0.488,0.36089158434608043
Ye2024,2.1274674511332293e+18,9214930.0,-4.8943,0.0089,11.57,6003,0.553981,-0.16,0.02,1.0,6.0,14.454397707459272,,0.8004484333532097,-0.0966666410482503,939258.4482316466,599096.5527871308,340161.89544451574,5.53168566281851,0.5677914417334012,-0.2458111578404009,0.231,-0.1420539320926855
Ye2024,2.1274697575364434e+18,9277694.0,-4.856,0.0219,17.84,5839,0.605391,0.1,0.03,1.06,5.14,13.24184353201083,,1.347244434422865,0.1294463981656833,918259.9387871724,492817.6466667365,425442.292120436,5.628840659806445,0.8632854261571066,-0.0638455907151297,0.067,-0.09019022822360657
Ye2024,2.1275218426018929e+18,9645350.0,-4.9509,0.0094,10.92,5965,0.565767,0.13,0.01,1.22,5.39,10.648698264908193,,1.02547745539808,0.0109261170653457,803810.2291538127,572866.8061034476,230943.4230503652,5.363505598651819,0.403136332197718,-0.3945480597930251,0.193,-0.282243235549283
Ye2024,2.1275342851247631e+18,9402384.0,-4.7776,0.0126,8.11,6151,0.508779,-0.43,0.03,1.28,3.5,9.863939442164517,,0.8221867183544227,-0.0850295431138957,1354548.7652130327,711323.8583563959,643224.9068566369,5.80836285275061,0.9042644912022068,-0.0437045227668107,0.379,-0.18958009069648415
Ye2024,2.1276184664840796e+18,9767233.0,-4.8804,0.0123,24.67,5892,0.588621,-0.27,0.03,0.94,9.53,15.836148205371112,,1.5578283102726165,0.192519591969453,900041.8202471371,525233.362126075,374808.4581210621,5.573809382839693,0.7136036762856938,-0.1465429212629898,0.12,-0.1248253140226185
Ye2024,2.1276208029468308e+18,9827711.0,-4.4998,0.01,26.62,5807,0.61559,-0.58,0.03,0.82,13.74,19.248913098918976,,1.382935226690539,0.1408018392924995,2039947.735664303,474089.5401072735,1565858.1955570297,6.194752429704314,3.302874379389848,0.5188920561693798,0.035,0.12554498309746406
Ye2024,2.127629736478439e+18,9948224.0,-4.8205,0.0083,6.24,6223,0.48718,0.19,0.02,1.36,2.3,8.941232764773126,,0.6978903428825268,-0.1562128112196487,1285615.0284688114,772144.5260210762,513470.5024477352,5.710515499555226,0.6649927379446573,-0.1771830973852916,0.451,-0.22048918613019863
Ye2024,2.1276775995933345e+18,9459767.0,-4.5591,0.0105,8.21,5225,0.811597,-0.07,0.02,0.82,10.76,19.248913098918976,,0.4265175886975705,-0.3700630547267159,1166425.2590300834,225168.88549304832,941256.3735370352,5.973707929960516,4.180223974888816,0.6211995517397186,-0.547,0.3984224734923237
Ye2024,2.1276822037983688e+18,9583359.0,-5.0649,0.0155,15.87,5809,0.614951,0.0,0.03,1.02,4.0,14.032847450821215,,1.130918016148695,0.0534311226754459,556054.3499426802,475241.87882671866,80812.47111596155,4.907478386998721,0.170044928101606,-0.7694363171586901,0.037,-0.3754016044697967
Ye2024,2.1277137417382776e+18,9706034.0,-4.9885,0.0107,10.82,6041,0.54227,0.08,0.02,1.22,3.94,10.648698264908193,,1.0160866362094527,0.0069307394671779,775437.9998899415,626350.3030595151,149087.69683042646,5.173441805631947,0.2380260632144378,-0.6233754862607892,0.269,-0.2956869116430622
Ye2024,2.127730960267822e+18,9765828.0,-5.0056,0.0099,18.86,5790,0.621032,-0.15,0.02,0.96,4.27,15.354869714245666,,1.228274830785598,0.0892955525863525,629109.1351678243,464391.085386986,164718.04978083837,5.21674119170593,0.3546968384278429,-0.4501426825724927,0.018,-0.3117569033974396
Ye2024,2.1277983740742938e+18,10004664.0,-4.5339,0.0078,12.35,5497,0.717411,-0.07,0.02,0.9,3.84,16.867395843027396,,0.7321817851986449,-0.1353810794508196,1514309.631067068,322022.66928730975,1192286.961779758,6.076380794765516,3.702493878516346,0.5684943491571165,-0.275,0.41847887143153367
Ye2024,2.1278134880588677e+18,9886812.0,-4.6453,0.0047,5.33,5785,0.622635,-0.02,0.01,1.0,2.62,14.454397707459272,,0.3687459074997932,-0.4332727909734276,1437226.4123721577,461571.2087567268,975655.2036154307,5.989296365183406,2.1137696310032505,0.3250576540046372,0.013,0.21574051721573703
Ye2024,2.1278363759444314e+18,10135493.0,-4.6094,0.0099,6.89,5898,0.586732,0.04,0.03,1.06,2.16,13.24184353201083,,0.5203203000657812,-0.2837292299667951,1686672.6761776127,529015.7667620745,1157656.9094155382,6.063579868178044,2.1883221297942823,0.3401112522567986,0.126,0.2538038690528238
Ye2024,2.1278423888993976e+18,10135544.0,-4.8564,0.0135,31.2,5731,0.640041,-0.36,0.04,0.88,11.07,17.42033268532819,,1.7910105715878415,0.2530981493156505,851399.4601280192,432040.4200301612,419359.04009785806,5.622586009514676,0.9706477002049536,-0.0129383701124594,-0.041,-0.21573273721548333
Ye2024,2.1278670248312806e+18,10334851.0,-4.6687,0.012,8.61,6051,0.5392,-0.11,0.04,1.06,2.73,13.24184353201083,,0.6502115796177614,-0.1869453004207662,1630122.899674938,633696.6746806252,996426.2249943129,5.998445149234238,1.5724024834065895,0.1965637210606225,0.279,0.1327006521029773
Ye2024,2.127892141799894e+18,10268920.0,-4.9057,0.0164,18.44,5762,0.630029,-0.04,0.03,0.98,4.27,14.894693714546571,,1.2380247861015756,0.092729339643215,776613.1722444851,448788.2111873429,327824.96105714224,5.515642018290811,0.7304669616651193,-0.1363994220171678,-0.01,-0.08498908534915223
Ye2024,2.127901212771143e+18,10267917.0,-4.8978,0.0143,31.9,5897,0.587046,-0.3,0.03,1.15,5.26,11.683440060674576,,2.730360222189402,0.4362199482088026,867633.3713897016,528383.7476262897,339249.6237634119,5.530519374688253,0.6420515871039871,-0.1924300761452826,0.125,-0.2290365779949654
Ye2024,2.1279047174639457e+18,10267555.0,-4.9889,0.0132,14.7,5872,0.594931,-0.37,0.03,1.0,8.43,14.454397707459272,,1.0169915272508367,0.0073173347481761,691601.4963711365,512792.45991130354,178809.03645983298,5.252389462924519,0.3486966959123407,-0.4575521677769818,0.1,-0.26698622691526763
Ye2024,2.127913650996456e+18,10463931.0,-4.7229,0.0084,7.81,6084,0.529106,0.02,0.02,1.12,2.73,12.171862643132958,,0.6416437836164866,-0.192706008916125,1470511.950103836,658466.8231706431,812045.1269331928,5.909580164504107,1.233236206226824,0.0910462665683348,0.312,0.02728123616791406
Ye2024,2.1279335796443425e+18,10464300.0,-5.0281,0.0136,35.16,5813,0.613674,-0.01,0.03,1.06,7.71,13.24184353201083,,2.655219412236991,0.4241004145273133,606894.2578939802,477553.76882793446,129340.4890660458,5.111734498781218,0.2708396363062689,-0.5672877780613159,0.041,-0.3233220990024307
Ye2024,2.127941654183583e+18,10593761.0,-4.826,0.0086,8.14,6185,0.498548,-0.19,0.02,1.08,3.04,12.87049780038931,,0.6324541697022612,-0.1989709398225837,1238712.5922682988,739511.467544,499201.1247242988,5.698275555161961,0.6750417628846263,-0.1706693577922699,0.413,0.7040256611924232
Ye2024,2.1279427880547512e+18,10594312.0,-4.8981,0.0107,11.35,6001,0.5546,0.22,0.02,1.18,2.76,11.222913527863296,,1.011323839555672,0.0048902448214216,929835.7583888024,597690.7968702991,332144.96151850314,5.521327668786275,0.5557136955390994,-0.2551488999147033,0.229,-0.2523806999766116
Ye2024,2.128038101970987e+18,9346156.0,-4.6411,0.0142,13.9,5651,0.666131,0.14,0.03,1.02,2.96,14.032847450821215,,0.9905331080319384,-0.0041310038253071,1321335.0819170133,391276.185946892,930058.8959701211,5.968510451118391,2.3769882486442926,0.376027034668208,-0.121,0.18993868842958028
Ye2024,2.1280538344286792e+18,9467905.0,-4.8452,0.0102,9.92,6124,0.516944,-0.22,0.02,1.16,4.43,11.52693877886925,,0.8605927549632666,-0.0652023144151168,1139075.3789997704,689601.2392774703,449474.1397223001,5.652704709864612,0.6517884744424715,-0.1858933234202627,0.352,0.042390780478643
Ye2024,2.1280772033535534e+18,9591807.0,-4.9163,0.0161,26.85,5343,0.770149,0.3,0.02,0.96,8.46,15.354869714245666,,1.748630922937079,0.2426981542206174,560341.0419525565,263563.6285658603,296777.4133866962,5.472430845344235,1.126018089072318,0.0515453673547486,-0.429,-0.25392602185514873
Ye2024,2.1280862399647846e+18,9653126.0,-4.6082,0.0084,10.61,5646,0.667774,-0.04,0.02,0.96,3.73,15.354869714245666,,0.6909859997155459,-0.1605307519136163,1420284.1218954255,388841.9929438331,1031442.1289515924,6.013444866063856,2.6525996360186865,0.4236717056970096,-0.126,0.31213347096663546
Ye2024,2.1281177091820803e+18,9654342.0,-4.9199,0.013,9.37,6126,0.516338,-0.31,0.03,1.16,4.67,11.52693877886925,,0.8128784389118758,-0.0899743956815172,960328.2539873602,691190.5581279641,269137.695859396,5.429974530008984,0.3893827725140438,-0.4096232669084225,0.354,-0.41111247634902154
Ye2024,2.1281242074747272e+18,9715580.0,-4.5861,0.008,4.88,6183,0.499149,0.05,0.03,1.18,2.7,11.222913527863296,,0.4348246992979453,-0.3616857947050093,2149357.8239225745,737827.2447916513,1411530.5791309234,6.149690291058191,1.9130908882736004,0.2817356032411187,0.411,0.08618016934269866
Ye2024,2.1281828939082783e+18,9774536.0,-4.9695,0.0149,12.48,6020,0.548733,0.08,0.03,1.14,2.77,11.843039123414078,,1.0537835660212107,0.0227514213747875,798909.7137192895,611160.4800741681,187749.23364512145,5.273578172976476,0.307201201266052,-0.5125770903911843,0.248,-0.4346178526142009
Ye2024,2.1281854708886118e+18,9774082.0,-4.7675,0.0158,20.07,5661,0.66285,-0.08,0.03,0.94,4.19,15.836148205371112,,1.2673536354751278,0.1028978149672025,994682.2227245248,396183.8262005124,598498.3965240123,5.77706299119739,1.510658328139591,0.1791662492610016,-0.111,0.058414328155496055
Ye2024,2.1282159093158764e+18,9955598.0,-4.927,0.0061,34.81,5364,0.762869,0.08,0.01,0.9,9.93,16.867395843027396,,2.0637447726935085,0.3146559862377842,555350.047491069,270954.1597053741,284395.88778569485,5.453923312434337,1.0496088640784729,0.0210274897184301,-0.408,-0.18296920978939854
Ye2024,2.128216738250756e+18,10015980.0,-4.9263,0.0169,8.1,6129,0.515429,0.08,0.03,1.2,3.19,10.930356368792774,,0.7410554355872865,-0.1301493028585356,948135.0946720056,693580.4298458679,254554.6648261377,5.405781060083582,0.3670153508839725,-0.4353157704487938,0.357,-0.3118760477715051
Ye2024,2.1282173524249736e+18,10016298.0,-4.9847,0.0101,15.86,6081,0.530021,-0.13,0.02,1.06,4.9,13.24184353201083,,1.1977184265665155,0.0783547311071641,803177.9004163773,656181.1858554556,146996.71456092177,5.167307628190302,0.2240184841162184,-0.649716145869031,0.309,-0.36209389749792903
Ye2024,2.128223708976568e+18,10080239.0,-4.7533,0.0166,16.42,5626,0.67436,0.11,0.03,1.0,2.68,14.454397707459272,,1.135986454248894,0.055373152783422,1002560.634230544,379234.7111230045,623325.9231075395,5.7947151888660855,1.6436415360337735,0.215807107670351,-0.146,0.143993940110636
Ye2024,2.1282597566419405e+18,9651253.0,-4.8583,0.0078,10.35,6079,0.530632,0.0,0.01,1.12,2.77,12.171862643132958,,0.8503217875071237,-0.0704166930004888,1073100.28487902,654661.213017692,418439.071861328,5.621632230117152,0.6391688762688615,-0.1943843807431574,0.307,-0.09681416520553132
Ye2024,2.1282618869457912e+18,9651429.0,-4.8327,0.0211,16.87,5798,0.618469,0.14,0.03,1.08,2.95,12.87049780038931,,1.3107496121470696,0.1175197378773402,941942.90818572,468933.638644504,473009.269541216,5.674869651670483,1.0086912743314662,0.003758263986682,0.026,-0.2698109116381546
Ye2024,2.128273637976366e+18,9712730.0,-5.1361,0.0123,20.09,5569,0.69326,-0.29,0.02,0.86,13.54,18.000329833835156,,1.1160906597520728,0.0476994736614901,398676.473625922,352963.1658550663,45713.30777085567,4.660042647556126,0.1295129696043877,-0.8876867385666741,-0.203,-0.22726643603939622
Ye2024,2.128296727720699e+18,9893496.0,-4.7304,0.0063,25.4,5086,0.86164,-0.15,0.02,0.8,3.69,19.92161221406761,,1.274997210419739,0.1055092345733938,705857.7053851803,186188.69530191697,519669.0100832633,5.715726818898817,2.791087875880899,0.4457735102290015,-0.686,0.18003580202105146
Ye2024,2.1283082038728287e+18,9649809.0,-4.8103,0.0131,21.06,5707,0.64783,-0.24,0.03,0.92,6.52,16.339848430570573,,1.2888736446660296,0.1102103431764569,930986.164274016,419445.4633177445,511540.7009562714,5.708880194250507,1.2195642716220334,0.086204692780352,-0.065,0.06677085191478871
Ye2024,2.1283094064637202e+18,9711194.0,-4.8693,0.0138,13.63,5948,0.571064,0.04,0.03,1.16,5.83,11.52693877886925,,1.1824475050553755,0.0727818692653781,958949.1444515692,561455.4048709547,397493.7395806145,5.599330293025183,0.7079702789075024,-0.14998497391673,0.176,-0.05933014519422889
Ye2024,2.1283208138973356e+18,9710739.0,-5.0876,0.0165,17.01,5859,0.599045,0.07,0.03,1.12,6.83,12.171862643132958,,1.3974853725117078,0.1453472708191436,546142.1914637284,504842.2119928088,41299.97947091964,4.61594983578065,0.0818076985042366,-1.0872058251723449,0.087,-0.5064238376665579
Ye2024,2.128387746666608e+18,10014689.0,-4.7701,0.0138,21.04,5557,0.697263,-0.02,0.03,0.94,5.43,15.836148205371112,,1.3286059038563374,0.1233961779614184,918064.7737142544,347636.04256394465,570428.7311503096,5.756201391783842,1.6408791417115045,0.2150765944469184,-0.215,0.049967778981674246
Ye2024,2.1284095608003336e+18,10079027.0,-4.5965,0.0097,4.1,5992,0.557385,0.04,0.03,1.1,0.89,12.514101920504952,,0.3276303825911753,-0.4846158310268207,1850968.1907858823,591399.8677528822,1259568.323033,6.100221730001217,2.129808259543463,0.3283405069267755,0.22,0.222770171799624
Ye2024,2.1284403127665987e+18,10407733.0,-4.9879,0.0111,10.44,6220,0.488075,0.02,0.02,1.38,2.74,8.730003855438706,,1.1958757605239754,0.0776860631628058,872716.6775634444,769524.0759558113,103192.60160763306,5.0136485616695055,0.1340992502144387,-0.8725736504007666,0.448,-0.3938975904359687
Ye2024,2.1284701069598794e+18,10341130.0,-5.0602,0.0118,10.28,6122,0.51755,-0.16,0.03,1.08,3.9,12.87049780038931,,0.7987259047345509,-0.0976022300525281,693401.916495148,688015.0575549239,5386.858940224047,3.7313356033008462,0.0078295654739998,-2.10626233979143,0.35,-0.6719806215995447
Ye2024,2.1284814113140708e+18,10407464.0,-4.9986,0.0115,19.84,5999,0.555219,-0.23,0.03,0.98,7.45,14.894693714546571,,1.3320179911201333,0.1245100907437643,736761.9427101241,596287.8725663596,140474.0701437645,5.147596166000833,0.2355809611541805,-0.6278598106582244,0.227,-0.2992090756530899
Ye2024,2.128489107895527e+18,10472907.0,-5.0429,0.0138,29.38,5835,0.606663,-0.09,0.03,1.0,7.34,14.454397707459272,,2.032599392559836,0.3080517914542378,595490.9671265197,490442.4640152555,105048.50311126414,5.021389868306467,0.2141912881099882,-0.6691981973823259,0.063,-0.35388699180624505
Ye2024,2.1284971480753623e+18,10472135.0,-4.9899,0.0132,19.1,5563,0.69526,-0.32,0.03,0.86,13.27,18.000329833835156,,1.0610916675592132,0.0257529041609686,555837.6701579012,350290.91403273994,205546.7561251613,5.312910627270302,0.5867887172944197,-0.2315182453125358,-0.209,-0.2542509324676107
Ye2024,2.1285095175800417e+18,10601726.0,-4.8596,0.0137,16.83,5858,0.599362,0.23,0.03,1.12,3.1,12.171862643132958,,1.3826971675115836,0.1407270731823983,922590.9836746512,504235.0605095004,418355.92316515086,5.621545922191649,0.8296843197345825,-0.0810871175946894,0.086,-0.4022412906512375
Ye2024,2.1285255292179635e+18,10019668.0,-4.7598,0.0108,13.98,5860,0.598728,-0.01,0.03,1.04,1.07,13.628989336448337,,1.0257547096770372,0.0110435196745858,1162524.731164534,505449.9907441835,657074.7404203506,5.817614772156406,1.2999797258932129,0.1139365792288656,0.088,0.07599560635453523
Ye2024,2.12853734896802e+18,10017668.0,-4.9128,0.0108,30.6,5640,0.669747,-0.13,0.02,0.96,10.39,15.354869714245666,,1.992853118878012,0.299475290666623,701339.2628665277,385938.1254411737,315401.1374253539,5.498863255183956,0.8172323920183124,-0.0876544278986058,-0.132,-0.11698821269629463
Ye2024,2.12854652301833e+18,10214458.0,-4.8576,0.0091,11.49,5967,0.565145,0.07,0.02,1.18,5.62,11.222913527863296,,1.023798318633892,0.0102144119805653,997782.512348836,574222.3164328769,423560.1959159592,5.626915140514084,0.7376240591747724,-0.1321649262868069,0.195,-0.09368096759726736
Ye2024,2.1285494779556132e+18,10083396.0,-4.955,0.0119,10.74,6078,0.530937,0.03,0.02,1.26,3.63,10.11597610345872,,1.061686968233142,0.0259964866053919,858330.4496779109,653902.3603255241,204428.0893523868,5.310540569606514,0.3126278505106157,-0.5049723353881513,0.306,-0.2681990281014697
Ye2024,2.128600360426749e+18,10345854.0,-4.9233,0.0174,18.73,5492,0.7191,-0.03,0.03,0.92,3.65,16.339848430570573,,1.1462774627063028,0.0592897537022266,615508.2110053739,319963.3435165599,295544.86748881394,5.470623421676308,0.9236835202452428,-0.0344768047049511,-0.28,-0.10307964919175536
Ye2024,2.1286039381409787e+18,10213263.0,-5.0121,0.0162,18.98,5801,0.617509,0.11,0.03,1.18,5.38,11.222913527863296,,1.691182949318648,0.228190591383554,624486.7072887961,470646.8989936591,153839.80829513696,5.187068730042071,0.326868845038772,-0.4856264715044883,0.029,-0.3154561202385987
Ye2024,2.1286924488270833e+18,10675144.0,-4.602,0.0075,10.45,5791,0.620711,0.04,0.02,1.14,6.04,11.843039123414078,,0.8823748609712861,-0.0543468735245449,1594505.4072752148,464956.8311791264,1129548.5760960884,6.052904912438192,2.429362255484156,0.3854922796579045,0.019,0.27804450335967695
Ye2024,2.1287487644388142e+18,10866952.0,-4.9322,0.0087,17.26,5617,0.677332,-0.19,0.01,0.96,11.63,15.354869714245666,,1.1240733605174669,0.0507946555642338,659826.0113951392,374978.34532974736,284847.6660653918,5.454612665361686,0.7596376420481116,-0.1193935229651161,-0.155,-0.12028611949957657
Ye2024,2.1287949782874388e+18,11196062.0,-4.9954,0.0121,19.91,6036,0.543807,-0.11,0.02,1.22,4.21,10.648698264908193,,1.8697121004556567,0.2717747387240368,760691.6709201805,622704.6076808593,137987.06323932123,5.139838371711826,0.2215931302535674,-0.654443707568219,0.264,-0.30040088326209263
Ye2024,2.1288205762908483e+18,10603346.0,-5.0457,0.0094,25.53,5625,0.67469,0.18,0.01,1.02,6.38,14.032847450821215,,1.8193028955435528,0.259905010724848,510977.5783591005,378759.74354500463,132217.8348140958,5.121290040920621,0.3490810126139647,-0.4570737729023501,-0.147,-0.40841019660902944
Ye2024,2.1288230501920837e+18,10603741.0,-4.774,0.0068,20.93,5669,0.660229,-0.23,0.02,0.92,5.69,16.339848430570573,,1.2809176345137705,0.1075212046656757,985456.7409043144,400147.881345552,585308.8595587623,5.767385097885516,1.4627313721881547,0.1651645760991758,-0.103,0.07839082937151037
Ye2024,2.128826348726959e+18,10603599.0,-4.9992,0.0076,21.19,5265,0.797443,-0.35,0.01,0.8,4.61,19.92161221406761,,1.0636689326296955,0.0268064746642504,436521.0977774413,237606.62601472464,198914.47176271665,5.298666380801947,0.8371587741428969,-0.0771921666246666,-0.507,-0.045863910232521295
Ye2024,2.1288273752193055e+18,10669119.0,-4.7752,0.0079,11.41,6057,0.537361,-0.18,0.02,1.02,4.83,14.032847450821215,,0.813092285082332,-0.0898601596611876,1280684.1400767553,638139.8917515443,642544.248325211,5.807903040395211,1.006901866864298,0.0029871460689326,0.285,0.002822072167983749
Ye2024,2.1288392336291564e+18,10670942.0,-4.8771,0.0079,16.0,5939,0.573875,0.15,0.02,1.14,3.73,11.843039123414078,,1.351004571822065,0.130656818684307,936192.2416119466,555493.4510236821,380698.79058826447,5.580581497140931,0.6853344353325855,-0.1640974460620719,0.167,-0.1616297180225462
Ye2024,2.1288404362200013e+18,10736408.0,-4.8339,0.0121,21.81,5745,0.635513,0.18,0.03,1.18,5.54,11.222913527863296,,1.943345633542661,0.2885500488709803,905465.4191518225,439536.2846535916,465929.1344982309,5.668319867684136,1.0600470331259229,0.0253251348627925,-0.027,0.030907154796466586
Ye2024,2.128843146338008e+18,10802568.0,-4.9999,0.0092,6.71,6197,0.494951,0.14,0.02,1.36,2.62,8.941232764773126,,0.7504558014009223,-0.1246748807330806,836445.6390239534,749686.2540285944,86759.384995359,4.938316464802868,0.11572759208154,-0.9365630830523688,0.425,-0.5537582844593439
Ye2024,2.1288544549930936e+18,10800931.0,-4.8466,0.0121,43.26,5522,0.70899,0.17,0.02,1.0,10.46,14.454397707459272,,2.99286078019532,0.4760865151030727,750580.6184511491,332490.80255256407,418089.815898585,5.621269588854133,1.257447763032448,0.09948995261626,-0.25,0.10332672838486388
Ye2024,2.128866407882096e+18,10603071.0,-5.0071,0.0094,22.81,5737,0.638099,-0.01,0.02,0.98,6.31,14.894693714546571,,1.5314178617666452,0.185093708202253,604297.9711347803,435239.38871562027,169058.58241916003,5.228037223032406,0.3884266608269242,-0.4106909686388025,-0.035,-0.2855982274124828
Ye2024,2.1288801861371617e+18,10799881.0,-4.8881,0.0109,11.23,6092,0.526667,-0.02,0.02,1.12,3.28,12.171862643132958,,0.9226196786188404,-0.0349772865319676,1010534.896053935,664595.287369806,345939.6086841291,5.539000289820505,0.5205267254500334,-0.2835569675607294,0.32,-0.22351737164405996
Ye2024,2.1288897381444209e+18,10862932.0,-5.0182,0.0172,18.26,6006,0.553054,-0.14,0.04,1.08,5.97,12.87049780038931,,1.418748542845613,0.1519054284864952,707543.3411481495,601210.5063704243,106332.83477772516,5.026667392094975,0.1768645651581648,-0.7523591693389093,0.234,-0.379994283178314
Ye2024,2.1289213491060209e+18,11032171.0,-4.9266,0.0085,17.88,5842,0.604438,-0.2,0.02,0.96,3.36,15.354869714245666,,1.1644514302463675,0.0661213786449418,782092.1866588652,494605.505351992,287486.6813068732,5.458617729481596,0.5812444022479688,-0.2356412166129996,0.07,-0.11865091160974439
Ye2024,2.1289259232495657e+18,11086137.0,-4.7898,0.0115,9.04,6039,0.542884,-0.05,0.03,1.1,3.16,12.514101920504952,,0.7223850386888354,-0.1412312572711929,1223691.2512140416,624889.8330207808,598801.4181932608,5.777282820249469,0.9582511773292806,-0.0185206384891637,0.267,-0.1434758947090397
Ye2024,2.12894014818032e+18,10924986.0,-4.7411,0.0132,29.42,5532,0.705632,-0.07,0.03,0.92,4.82,16.339848430570573,,1.8005062975344064,0.2553946447185006,963918.7371052114,336759.07553592906,627159.6615692823,5.797378117085097,1.8623393016838536,0.2700588084523207,-0.24,0.1499555257024385
Ye2024,2.128961726095953e+18,11087683.0,-4.7042,0.009,7.44,6069,0.533687,0.01,0.03,1.12,2.0,12.171862643132958,,0.6112458066717875,-0.2137841072475466,1520128.4480787353,647106.5850794673,873021.862999268,5.941025119835063,1.3491160237413709,0.1300493005272676,0.297,0.1358910041714725
Ye2024,2.1290085240595676e+18,11140626.0,-4.9851,0.0096,20.23,5591,0.685942,-0.42,0.02,0.82,9.14,19.248913098918976,,1.0509684311025396,0.0215896709246478,573415.8663562123,362911.658778322,210504.2075778903,5.323260780977376,0.5800425599070461,-0.2365401394462684,-0.181,-0.22746462267261192
Ye2024,2.12900924561504e+18,11140963.0,-4.8489,0.0124,22.1,5931,0.576376,-0.07,0.03,1.08,6.49,12.87049780038931,,1.7171053010343946,0.2347969289733257,993627.111203858,550239.6274552557,443387.48374860233,5.646783429383707,0.805807981877237,-0.0937684350513011,0.159,0.1285600179379968
Ye2024,2.1290135062216543e+18,11140660.0,-4.8975,0.0091,9.45,6063,0.535523,0.21,0.02,1.22,2.47,10.648698264908193,,0.8874324133252613,-0.0518647127941097,970201.6515161516,642609.8172589816,327591.83425716986,5.515333067748789,0.5097834260523681,-0.292614288307724,0.291,-0.1394331172188764
Ye2024,2.1290190338412754e+18,11247688.0,-4.5324,0.0052,6.67,5823,0.610484,-0.02,0.02,1.02,8.23,14.032847450821215,,0.4753133691059732,-0.3230199701628533,1913369.7213012192,483375.7626147192,1429993.9586865,6.155334202699566,2.958348492591456,0.4710493324379879,0.051,0.30286407047267905
Ye2024,2.1290194805178732e+18,11247610.0,-4.9877,0.0103,13.78,6033,0.544729,0.06,0.02,1.4,3.02,8.525863775948729,,1.6162585237255458,0.2085108282502191,772760.7189888866,620525.9433524599,152234.77563642664,5.182513871500699,0.2453318467459417,-0.6102460719799506,0.261,-0.5390694311918603
Ye2024,2.1290245700577825e+18,11193107.0,-4.733,0.0101,22.58,5172,0.830519,0.04,0.03,0.86,4.21,18.000329833835156,,1.2544214582977502,0.09844347450219,750318.7536666685,209552.35179867587,540766.4018679927,5.73300970080227,2.580579016300068,0.4117171615333561,-0.6,0.17810105489982944
Ye2024,2.1290326789560591e+18,11299248.0,-4.7806,0.0098,7.54,6175,0.501551,-0.25,0.02,1.08,1.9,12.87049780038931,,0.585835926235264,-0.2322239988420109,1366342.5223456123,731123.2277163516,635219.2946292609,5.802923681207065,0.868826581550904,-0.0610669004114439,0.403,-0.09830853050882464
Ye2024,2.1291168903771976e+18,10140949.0,-4.9468,0.0102,22.44,5615,0.677992,0.13,0.02,1.0,6.15,14.454397707459272,,1.552468698742094,0.1910228525841239,637104.6561023648,374038.0741333131,263066.5819690517,5.4200656820339095,0.703314983584507,-0.1528501301782991,-0.157,-0.17793413448327347
Ye2024,2.129144382465424e+18,10403889.0,-4.8066,0.01,19.39,5512,0.712354,-0.03,0.02,0.92,4.53,16.339848430570573,,1.186669514248543,0.0743297854056946,817049.8831578383,328269.03822104825,488780.84493679,5.689114177796572,1.4889641971280188,0.1728842550546088,-0.26,0.11750863299451597
Ye2024,2.1291622838888668e+18,10337258.0,-4.6526,0.0083,6.87,6208,0.491659,-0.02,0.02,1.16,2.44,11.52693877886925,,0.5959951841328268,-0.224757249509745,1874211.3760583245,759118.4435255525,1115092.932532772,6.047311063262483,1.4689314191260814,0.1670015200990552,0.436,0.08696908561841228
Ye2024,2.1291687091605248e+18,10336945.0,-4.7661,0.0081,12.79,5950,0.57044,0.06,0.02,1.24,4.28,10.377405303719264,,1.232485349243906,0.0907817654500022,1217810.1783776502,562787.7145627139,655022.4638149363,5.816256194256789,1.16388905952556,0.0659115858705148,0.178,0.05371474795731107
Ye2024,2.1291736226025124e+18,10271799.0,-4.5991,0.0108,7.49,6151,0.508779,-0.17,0.04,1.1,3.31,12.514101920504952,,0.5985247720994886,-0.2229178700470897,2043123.6206258084,711323.8583563959,1331799.7622694126,6.124438933033556,1.872283273819474,0.2723715575161342,0.379,0.1836060455927765
Ye2024,2.12918351820728e+18,10337983.0,-4.8538,0.0112,16.98,5847,0.60285,0.15,0.02,1.3,4.21,9.620852087644154,,1.764916438306648,0.2467241481139776,927991.7429210776,497597.6395780854,430394.10334299225,5.633866312604562,0.8649440212536473,-0.0630119989482888,0.075,-0.048959495344457704
Ye2024,2.1292417236034813e+18,10534629.0,-5.0239,0.0104,14.79,6058,0.537054,-0.23,0.02,1.0,6.41,14.454397707459272,,1.0232180059891072,0.0099681739968924,722817.7562640948,638883.0209747299,83934.73528936494,4.923941725103216,0.1313773140524341,-0.8814796213244842,0.286,-0.3022506291629078
Ye2024,2.1292483507361859e+18,10599644.0,-4.9846,0.0092,24.02,6209,0.49136,0.11,0.02,1.36,2.63,8.941232764773126,,2.6864304544933164,0.4291756021648145,873169.1355011985,759980.9424821255,113188.193019073,5.053801126727712,0.1489355675806767,-0.8270015751864694,0.437,-0.7184165434258014
Ye2024,2.1292548103637025e+18,10666494.0,-5.0263,0.0129,24.16,5634,0.671723,-0.07,0.03,0.94,5.33,15.836148205371112,,1.5256235093711554,0.1834473724288112,537748.3756670255,383052.88770045066,154695.4879665748,5.189477646732362,0.4038489016366519,-0.393781093948407,-0.138,-0.29365132609668204
Ye2024,2.1292821650162632e+18,10920626.0,-4.9843,0.0153,18.59,5812,0.613993,-0.03,0.03,1.12,6.05,12.171862643132958,,1.5272929497350174,0.1839223469784732,670832.5993279857,476974.8934506748,193857.7058773109,5.287483068967057,0.406431677094883,-0.39101245069613,0.04,-0.15594557168734935
Ye2024,2.129285837208235e+18,10920360.0,-5.0027,0.0138,13.82,5965,0.565767,-0.19,0.03,1.0,4.07,14.454397707459272,,0.9561104018099704,-0.0194919569618203,713433.5499833943,572866.8061034476,140566.74387994676,5.147882584853126,0.2453742168027857,-0.6101710735917183,0.193,-0.19951674400178748
Ye2024,2.129305495278181e+18,10663835.0,-5.0293,0.0154,9.67,6048,0.540121,0.21,0.03,1.26,3.17,10.11597610345872,,0.9559136855506968,-0.0195813206751431,709183.8983262385,631485.0401190649,77698.85820717365,4.890414636845092,0.1230414867666916,-0.909948429731616,0.276,-0.4444076687831888
Ye2024,2.1293112677142167e+18,10794926.0,-4.6787,0.0106,24.37,5532,0.705632,-0.08,0.02,0.92,5.76,16.339848430570573,,1.4914459031581742,0.1736075055117136,1112859.7173905182,336759.07553592906,776100.6418545891,5.889918042608723,2.3046168558916427,0.3625987339759469,-0.24,0.23048277825048322
Ye2024,2.1293165591140925e+18,10860133.0,-4.8514,0.0088,12.38,6014,0.550584,0.2,0.02,1.24,3.27,10.377405303719264,,1.1929764365629054,0.0766318656554475,1044396.5575814828,606879.0388474129,437517.5187340698,5.640995447386245,0.7209303514008406,-0.1421066901534694,0.242,-0.12093602621658499
Ye2024,2.1293182427417984e+18,10919030.0,-4.7898,0.0121,19.79,5774,0.626168,-0.21,0.03,1.24,4.62,10.377405303719264,,1.9070277608707509,0.2803570151777446,1022630.7669451588,455419.1577619935,567211.6091831652,5.753745111019495,1.2454715606838735,0.0953338152293501,0.002,-0.003372778841790607
Ye2024,2.1293188955766008e+18,10859606.0,-4.9197,0.0094,16.89,5763,0.629707,0.14,0.02,1.08,7.04,12.87049780038931,,1.3123035535959695,0.1180343048592237,752499.4987034077,449337.6069568906,303161.8917465171,5.481674608423204,0.6746862204560644,-0.1708981596253565,-0.009,-0.1183097033355652
Ye2024,2.1293205405445437e+18,10918580.0,-4.5453,0.0054,2.06,6197,0.494951,-0.07,0.02,1.26,3.38,10.11597610345872,,0.2036382825475114,-0.6911405743889915,2382526.3978610216,749686.2540285944,1632840.1438324272,6.212943669090786,2.178031323180894,0.3380641212355498,0.425,0.22112779051777506
Ye2024,2.1293273480720845e+18,10975246.0,-4.9633,0.0111,8.83,6149,0.509383,-0.06,0.03,1.2,3.68,10.930356368792774,,0.8078419131155234,-0.0926736181596167,882124.1435801968,709694.88634824,172429.2572319568,5.236610957407232,0.2429625188920236,-0.6144607185575403,0.377,-0.5187956909429059
Ye2024,2.12933744983541e+18,11029069.0,-4.8801,0.0113,18.17,5888,0.589881,-0.05,0.02,1.04,4.87,13.628989336448337,,1.3331876305316,0.1248912755729575,898220.4570658414,522724.6727146641,375495.7843511773,5.574605065592388,0.7183433343620772,-0.1436679337801813,0.116,-0.09520851480356472
Ye2024,2.1293562789720425e+18,11136525.0,-4.8527,0.0131,9.76,6103,0.523319,-0.28,0.03,1.04,3.87,13.628989336448337,,0.7161205984583607,-0.1450138340683849,1104295.281398868,673101.8096883838,431193.4717104841,5.6346721769895,0.6406066147855218,-0.1934085812044804,0.331,-0.2084421993025855
Ye2024,2.129367136648172e+18,10401690.0,-4.6851,0.0088,6.42,6175,0.501551,-0.37,0.02,1.04,5.22,13.628989336448337,,0.4710547379203562,-0.3269286236662235,1702392.0572245808,731123.2277163516,971268.8295082292,5.987339451342822,1.3284611850480628,0.123348869724313,0.403,0.056229131253681605
Ye2024,2.129375108107492e+18,10596512.0,-4.8807,0.0141,20.48,5613,0.678654,-0.27,0.03,0.9,2.88,16.867395843027396,,1.2141767579650402,0.0842819152572889,740784.5320832991,373099.8269851621,367684.705098137,5.565475564517666,0.9854861313370686,-0.0063494831310254,-0.159,0.04344331414399076
Ye2024,2.1293881304487043e+18,10661712.0,-4.9955,0.0098,33.88,5692,0.652714,-0.05,0.02,0.96,10.4,15.354869714245666,,2.206466132927681,0.3436972658437123,601410.9100583892,411734.7138727199,189676.19618566928,5.278012831606264,0.4606757453157183,-0.3366046528500752,-0.08,-0.1643533574694294
Ye2024,2.1294074706823406e+18,10794224.0,-4.8247,0.0084,11.59,6107,0.522103,-0.26,0.01,1.08,5.4,12.87049780038931,,0.9005090696374947,-0.045511908748189,1180927.9909930583,676218.1698134303,504709.821179628,5.703041755779097,0.7463712803204893,-0.1270450801917566,0.335,-0.12946723141139682
Ye2024,2.1294668142500954e+18,10916765.0,-4.9148,0.0129,19.65,5964,0.566078,-0.19,0.03,1.0,7.95,14.454397707459272,,1.3594478578557103,0.1333625547114455,872895.5425075116,572190.0813037746,300705.4612037369,5.47814131552689,0.5255342080005281,-0.2793990096788556,0.192,-0.13257589403625036
Ye2024,2.1295280433028915e+18,11135275.0,-4.7945,0.0134,24.68,5457,0.730966,-0.01,0.03,0.92,5.48,16.339848430570573,,1.510417927367408,0.1790971316881933,807100.3799494561,305861.8944736583,501238.4854757978,5.700044409066122,1.6387738862938543,0.2145190348949442,-0.315,0.1016037550027318
Ye2024,2.129536908116799e+18,11136148.0,-4.8008,0.013,11.36,5946,0.571688,0.15,0.03,1.28,3.96,9.863939442164517,,1.1516696819366514,0.0613279340499483,1121272.9781433623,560125.8027381012,561147.1754052611,5.749076781191343,1.0018234701243312,0.0007912018654625,0.174,-0.12139862537771967
Ye2024,2.129558657830208e+18,11241813.0,-4.8432,0.011,34.9,5756,0.631962,-0.22,0.03,0.92,10.01,16.339848430570573,,2.135882725491189,0.3295774032861692,893089.2825557463,445503.926521714,447585.3560340322,5.650875868969694,1.0046720789389425,0.0020243328544906,-0.016,-0.0337846161179158
Ye2024,2.1295738104745231e+18,11080883.0,-4.7572,0.0113,9.42,6068,0.533993,0.03,0.02,1.24,3.83,10.377405303719264,,0.907741359646411,-0.0420378762357743,1344602.842691188,646355.2540288954,698247.5886622926,5.8440094445771695,1.080284540598903,0.033538161168584,0.296,-0.01296749551111157
Ye2024,2.1295774182471112e+18,11187247.0,-4.9485,0.016,24.0,5794,0.61975,-0.02,0.03,1.04,7.83,13.628989336448337,,1.7609522912910511,0.2457475899765292,719491.553848285,466657.618763614,252833.935084671,5.402835364036473,0.5417975083200011,-0.2661629965811128,0.022,-0.14389185111472655
Ye2024,2.1296084794508652e+18,11347865.0,-4.9993,0.016,8.01,6172,0.502453,-0.03,0.03,1.16,2.51,11.52693877886925,,0.6948939483120732,-0.1580814704850578,824167.3510569222,728622.7338718434,95544.6171850788,4.9802062246964445,0.1311304365667569,-0.882296492910887,0.4,-0.4073222389571453
Ye2024,2.1296432858654036e+18,10921306.0,-4.951,0.0143,7.41,6146,0.510288,-0.23,0.03,1.22,3.93,10.648698264908193,,0.6958597018772685,-0.1574783133240445,905694.9794211783,707257.4310779575,198437.54834322096,5.29762385277461,0.2805732956962712,-0.5519536664639233,0.374,-0.26268917193050506
Ye2024,2.1296461377252326e+18,10920939.0,-5.1407,0.0133,26.47,5759,0.630995,0.18,0.02,1.34,4.1,9.159880552148511,,2.889775674399082,0.4608641309392852,451128.2779823944,447143.4811781992,3984.7968041951535,3.600406180420531,0.0089116737063803,-2.050040723215308,-0.013,-1.2838703902210744
Ye2024,2.1296492988196365e+18,10977193.0,-4.8379,0.02,23.54,5053,0.873721,0.24,0.03,0.88,5.03,17.42033268532819,,1.3512945145890316,0.1307500138046235,536919.1940065728,177837.17571232255,359082.01829425024,5.55519365755962,2.0191617239531374,0.3051711049800975,-0.719,-0.059122828543577914
Ye2024,2.1296716326500895e+18,11137913.0,-4.8964,0.0149,17.92,5893,0.588306,0.11,0.03,1.22,4.56,10.648698264908193,,1.6828347986019774,0.2260414840227337,868075.5037111886,525862.1463830824,342213.3573281062,5.534296956989637,0.650766288621218,-0.1865749527311653,0.121,-0.19218244418706454
Ye2024,2.1296809097792049e+18,11138780.0,-4.9295,0.0138,10.17,6108,0.521799,-0.15,0.03,1.18,4.23,11.222913527863296,,0.9061818016106772,-0.0427846637849752,928341.6813626433,676999.1916194129,251342.48974323028,5.400265912791457,0.3712596600625292,-0.4303222373184472,0.336,-0.25109712007220364
Ye2024,2.129689053037302e+18,11245710.0,-4.9134,0.0216,25.23,5384,0.755961,0.22,0.03,0.96,8.0,15.354869714245666,,1.643126934290596,0.2156711147026176,581610.1024018486,278157.3954055785,303452.70699627016,5.482091016034095,1.0909388425708,0.037800404961858,-0.388,-0.1506226385163986
Ye2024,2.1296914539194386e+18,11298442.0,-4.924,0.0149,18.57,5705,0.64848,-0.4,0.04,0.86,9.26,18.000329833835156,,1.0316477626478842,0.0135314406530214,715540.6837636613,418410.2582893399,297130.4254743214,5.472947124839887,0.7101413495193256,-0.1486551988774561,-0.067,-0.10031310589789796
Ye2024,2.1297282231390912e+18,11189912.0,-4.8988,0.009,30.78,5797,0.618789,-0.41,0.02,0.88,10.88,17.42033268532819,,1.7669008138933897,0.2472121707926675,808397.4559484364,468363.74250485474,340033.71344358166,5.53152197832653,0.7260034938337634,-0.1390612892874089,0.025,-0.29792490642121094
Ye2024,2.1297328273445294e+18,11243362.0,-5.0663,0.0118,36.17,5136,0.843483,0.18,0.02,0.88,6.52,17.42033268532819,,2.076309370972187,0.3172920640588275,338697.3485732308,199483.21371675283,139214.1348564779,5.143683332821381,0.6978739326615658,-0.1562230233572357,-0.636,-0.5106903310968747
Ye2024,2.1297456435266191e+18,11244528.0,-4.8461,0.015,20.35,5350,0.767719,0.1,0.03,0.92,3.92,16.339848430570573,,1.2454215892190743,0.0953163898882281,662104.9956792406,266007.6725096448,396097.3231695958,5.5978019074469545,1.4890447310508848,0.1729077441972935,-0.422,0.00851886491520928
Ye2024,2.129753924223613e+18,11402999.0,-5.1308,0.0156,35.61,5752,0.633253,-0.04,0.03,1.18,5.62,11.222913527863296,,3.172972856967179,0.5014663569665337,459290.27113787446,443325.8806924759,15964.390445398574,4.203152340899036,0.0360105086138038,-1.4435707445934882,-0.02,-0.9560838679015813
Ye2024,2.129768389673597e+18,11402271.0,-4.9112,0.0117,8.76,6150,0.509081,0.05,0.03,1.28,3.0,9.863939442164517,,0.8880833110708685,-0.051546291156971,995204.1989657125,710508.9717311907,284695.22723452176,5.454380186489824,0.4006919526165132,-0.3971893797268647,0.378,-0.2099153070548177
Ye2024,2.129781412013834e+18,11299029.0,-4.8028,0.0078,11.2,5936,0.574812,0.02,0.02,1.08,4.37,12.87049780038931,,0.8702072113839465,-0.0603773220416034,1108631.7335476417,553518.2448707833,555113.4886768584,5.744381780361504,1.0028820076318306,0.001249839851162,0.164,-0.021014951283931334
Ye2024,2.1298039863619922e+18,11456064.0,-4.7835,0.0148,10.54,6072,0.53277,-0.24,0.04,1.02,4.33,14.032847450821215,,0.7510948891119876,-0.1243051932028745,1268933.2814832502,649365.0768404714,619568.2046427788,5.792089122285195,0.9541138363296788,-0.0203998060711427,0.3,-0.037055147299729585
Ye2024,2.129809243402113e+18,11509051.0,-4.7827,0.0157,9.04,5675,0.658266,0.07,0.03,1.02,1.61,14.032847450821215,,0.6442028270941526,-0.190977373604039,970007.7409630532,403143.2144764801,566864.526486573,5.753479280358115,1.406112036941266,0.1480199260087336,-0.097,0.014853518564982708
Ye2024,2.1298144317226035e+18,11612115.0,-4.7931,0.0154,19.24,5719,0.643931,0.09,0.03,1.02,2.89,14.032847450821215,,1.371068848815431,0.1370592636223918,976769.5734851093,425702.9705155664,551066.6029695428,5.741204091690435,1.2944861585112957,0.1120974110363958,-0.053,-0.0333856647012831
Ye2024,2.1298175584588557e+18,11509603.0,-4.6182,0.0099,13.5,5431,0.73983,-0.07,0.03,0.88,7.4,17.42033268532819,,0.7749564973216622,-0.1107226762077862,1188313.2722947055,295734.9208162875,892578.3514784182,5.9506463492897685,3.0181702891722204,0.4797437396017466,-0.341,0.33562523655068194
Ye2024,2.129855418590042e+18,11507863.0,-4.9563,0.0099,17.96,5852,0.601264,0.13,0.02,1.22,4.75,10.648698264908193,,1.6865911262774282,0.2270098110279129,735409.1116555162,500605.2939988955,234803.8176566207,5.370705153792466,0.4690398213350471,-0.3287902842531114,0.08,-0.20535159738813427
Ye2024,2.1298579998672323e+18,11559725.0,-5.066,0.0102,28.72,5572,0.69226,-0.09,0.01,0.92,10.83,16.339848430570573,,1.7576662428683938,0.244936411897252,469522.23912037065,354305.8390302728,115216.40009009786,5.061514301671362,0.325189108950173,-0.4878640079797131,-0.2,-0.3795556374779636
Ye2024,2.129926165291545e+18,11295582.0,-4.9103,0.0099,13.13,5927,0.577629,0.25,0.02,1.26,3.68,10.11597610345872,,1.297946917402342,0.1132569313313345,860303.0163026557,547628.7461140554,312674.2701886003,5.495092144834673,0.570960294555975,-0.2433940922004034,0.155,-0.32791578569779406
Ye2024,2.1299394324502e+18,11348829.0,-5.0548,0.0163,49.35,5602,0.682294,0.18,0.02,1.16,6.64,11.52693877886925,,4.281275449338429,0.6315731704363601,492248.220223504,367975.4852176014,124272.7350059026,5.094375856434636,0.3377201471245135,-0.4714430302025883,-0.17,-0.4240109868021964
Ye2024,2.130035296120773e+18,11811765.0,-5.0351,0.0167,14.96,5906,0.584216,0.0,0.03,1.06,4.92,13.24184353201083,,1.129752059359084,0.0529831416540216,636334.5545393621,534095.3175971321,102239.23694223004,5.009617599489838,0.191425076336934,-0.718001171045033,0.134,-0.8160015945414931
Ye2024,2.1300475625475702e+18,11861755.0,-5.0168,0.015,18.88,6082,0.529716,-0.45,0.04,0.96,7.78,15.354869714245666,,1.2295773491639497,0.0897558541470931,746444.2893965802,656942.3072572898,89501.98213929043,4.951832653445789,0.1362402468992413,-0.8656945780014085,0.31,-0.5385986077249677
Ye2024,2.130058450284094e+18,11912033.0,-4.7009,0.0158,19.39,5558,0.696929,-0.21,0.03,0.88,4.62,17.42033268532819,,1.113067146893854,0.046521364375913,1077422.1666682654,348077.3181868646,729344.8484814008,5.8629329197869575,2.095352987320632,0.3212571955754207,-0.214,0.2951378631111418
Ye2024,2.1300589356210652e+18,11911820.0,-4.7427,0.012,21.98,5554,0.698265,-0.11,0.03,0.9,6.21,16.867395843027396,,1.303105719730058,0.1149796510409676,975742.5370704988,346315.09492757206,629427.4421429269,5.798945673612851,1.817499298650452,0.2594742519424661,-0.218,0.1749509028896495
Ye2024,2.1301030878839588e+18,11963261.0,-4.8075,0.0099,7.54,6220,0.488075,0.05,0.02,1.2,2.6,10.930356368792774,,0.6898219733738444,-0.1612629758674113,1322127.307665279,769524.0759558113,552603.2317094674,5.742413420409456,0.7181103866348683,-0.1438087916608172,0.448,-0.26048741878592635
Ye2024,2.1301143578786775e+18,12111243.0,-5.0191,0.0105,19.28,6016,0.549967,0.11,0.02,1.4,3.08,8.525863775948729,,2.261354451192201,0.3543686402454241,710792.844196243,608303.3167797738,102489.52741646918,5.010679490585899,0.1684842488760813,-0.7734406938783828,0.244,-0.7182883592822318
Ye2024,2.1301175189741107e+18,12013059.0,-4.8987,0.0071,25.88,5689,0.653693,0.15,0.01,1.12,6.47,12.171862643132958,,2.126215252240035,0.3276072292032373,749989.9981614754,410207.2511759922,339782.7469854832,5.53120132309327,0.8283196993992322,-0.0818020099695188,-0.083,-0.05846489628742542
Ye2024,2.130122947813147e+18,12061487.0,-4.7088,0.0101,19.93,5435,0.738463,-0.01,0.02,0.92,4.61,16.339848430570573,,1.2197175564194669,0.0862592750274768,967408.5698921668,297273.9243728123,670134.6455193544,5.826162071254715,2.254266488166436,0.3530052548774068,-0.337,0.164149529871086
Ye2024,2.1301451785637494e+18,12060997.0,-4.6407,0.0119,7.15,5808,0.615271,-0.19,0.03,1.24,4.68,10.377405303719264,,0.6889968918759913,-0.161782737227571,1475768.2662741025,474665.4093788188,1001102.8568952834,6.000478700743236,2.109070593969336,0.3240911165143734,0.036,0.2476619242600207
Ye2024,2.1301598501719404e+18,12060457.0,-4.8864,0.012,28.16,5476,0.724515,-0.08,0.03,0.92,7.35,16.339848430570573,,1.723394199135584,0.2363846267970638,662316.3778485722,313449.2595131407,348867.1183354315,5.542660037953596,1.112993914476949,0.0464927897468324,-0.296,-0.14060105750575028
Ye2024,2.1301612589212677e+18,12109687.0,-5.0412,0.0176,18.43,5782,0.623598,0.26,0.03,1.1,3.75,12.514101920504952,,1.4727385246720397,0.1681256474725176,576400.1510642527,459886.34612996783,116513.80493428488,5.066377385032349,0.2533534772553501,-0.5962731306768533,0.01,-0.39354272641484883
Ye2024,2.1301981913414825e+18,12356201.0,-4.6449,0.0068,17.57,5767,0.628419,-0.19,0.02,0.92,5.19,16.339848430570573,,1.0752853721169109,0.0315237378222842,1420729.971175527,451540.9656829454,969189.0054925816,5.986408478844559,2.1464032704689493,0.3317113213977327,-0.005,0.181953175291862
Ye2024,2.130206815636283e+18,8943155.0,-4.961,0.0098,9.27,6153,0.508176,-0.08,0.02,1.12,3.7,12.171862643132958,,0.7615925575063803,-0.1182773086489283,889117.9886269777,712956.0379666033,176161.95066037436,5.245912110644174,0.2470866943813248,-0.6071506407264263,0.381,-0.4546731706199596
Ye2024,2.1302840219673935e+18,9271825.0,-4.7852,0.0084,21.05,5442,0.736075,0.1,0.02,0.96,3.6,15.354869714245666,,1.3709005932151028,0.1370059643567301,815541.1634182076,299983.72180426103,515557.4416139465,5.7122770598934185,1.7186180587170228,0.2351793709150572,-0.33,0.08912134780518663
Ye2024,2.1303025805254264e+18,9455176.0,-4.9782,0.0125,6.42,6189,0.497348,-0.03,0.03,1.3,3.18,9.620852087644154,,0.6673005614798987,-0.175678509725103,874769.5705377224,742889.8128803602,131879.75765736226,5.120178140411007,0.1775226357540604,-0.7507462625733319,0.417,-0.3124328752873408
Ye2024,2.1303384177327813e+18,9639728.0,-4.7191,0.0108,14.19,5654,0.665146,-0.04,0.03,0.96,3.3,15.354869714245666,,0.9241367894404896,-0.0342637403574829,1106458.0510332093,392742.9693327594,713715.0817004498,5.853524874044415,1.8172574366206928,0.2594164547622356,-0.118,0.15353956172499603
Ye2024,2.130350508062097e+18,9457004.0,-4.9151,0.0115,22.96,5931,0.576376,-0.37,0.03,0.96,8.17,15.354869714245666,,1.4952910983476846,0.1747257479109789,853146.1450595416,550239.6274552557,302906.51760428585,5.481308618097214,0.5504992779330812,-0.2592432463377954,0.159,-0.21544453556967533
Ye2024,2.130371334361427e+18,9579750.0,-4.8135,0.0131,14.67,5878,0.593036,0.04,0.03,1.06,1.96,13.24184353201083,,1.1078517854811338,0.0444816619688617,1039992.1556811428,516497.889483748,523494.2661973948,5.718911929238416,1.0135457992299637,0.0058433779954289,0.106,0.006547456384676481
Ye2024,2.1303741518599567e+18,9579686.0,-5.0237,0.0098,20.32,6141,0.511799,0.04,0.02,1.32,3.85,9.386296808958306,,2.164858027993163,0.3354294204672718,763603.879476519,703210.9691711135,60392.9103054055,4.780985958555555,0.0858816385879071,-1.0660996779887308,0.369,-0.34476513362389893
Ye2024,2.1303750752731418e+18,9640798.0,-4.9955,0.0107,26.99,5713,0.645879,0.01,0.02,1.0,9.27,14.454397707459272,,1.86725179051021,0.2712028845565167,610335.5021834013,422564.2770136913,187771.22516970997,5.273629039966885,0.4443613324266548,-0.3522637396599851,-0.059,-0.23920367174592552
Ye2024,2.1303875135003064e+18,9703015.0,-4.7669,0.0155,19.52,5546,0.700941,0.02,0.03,0.96,5.16,15.354869714245666,,1.2712579372712025,0.104233677515716,917553.080456304,342813.60565141373,574739.4748048901,5.759471026786011,1.6765363606638988,0.2244129768310174,-0.226,0.12008286898055051
Ye2024,2.130389785541179e+18,9763612.0,-4.7151,0.0128,11.21,5297,0.786197,0.04,0.03,0.88,1.83,17.42033268532819,,0.6435009137019136,-0.1914508321078191,860263.760865515,247976.9472112277,612286.8136542873,5.786954906473385,2.469127959433822,0.3925435972774224,-0.475,0.2267755564447016
Ye2024,2.1304077556843336e+18,9883245.0,-4.9282,0.0115,21.43,5818,0.612078,-0.09,0.02,0.98,8.2,14.894693714546571,,1.438767416819781,0.1579905939674331,766490.196006126,480457.1980489555,286032.9979571705,5.456416138038306,0.5953350248860785,-0.2252385661845266,0.046,-0.08739106425161848
Ye2024,2.130412291169793e+18,9943581.0,-4.9464,0.0089,7.43,6201,0.493753,-0.02,0.01,1.16,1.85,11.52693877886925,,0.6445770332033338,-0.1907251728087201,948546.5788891786,753104.4364659812,195442.1424231974,5.291018214697435,0.2595153247806233,-0.58583699129857,0.429,-0.27413287691336974
Ye2024,2.1304332119504527e+18,9761459.0,-5.0486,0.0115,13.06,6040,0.542577,0.13,0.02,1.18,3.41,11.222913527863296,,1.1636906911539275,0.0658375602313352,674775.7881096478,625619.7023181735,49156.085791474325,4.69157729352193,0.0785718314326278,-1.1047331237570477,0.268,-0.3902348248663872
Ye2024,2.1304433137135176e+18,9881857.0,-4.5111,0.0077,7.6,5050,0.874823,-0.02,0.02,0.82,3.53,19.248913098918976,,0.3948274877102966,-0.4035926195653654,1136782.159193258,177094.15019540122,959688.0089978568,5.9821300684636665,5.419083622688617,0.7339258527271023,-0.722,0.4548468048298392
Ye2024,2.1304595358103055e+18,10002817.0,-5.0533,0.0101,23.7,5761,0.630351,-0.05,0.02,1.16,5.95,11.52693877886925,,2.0560532553053847,0.3130343594408083,552463.0510382799,448239.3919710757,104223.65906720416,5.017966316238152,0.2325178485739369,-0.6335437041088632,-0.011,-0.47754302359316586
Ye2024,2.1304772997950054e+18,10130757.0,-4.9336,0.014,11.68,6007,0.552745,-0.23,0.03,0.98,6.55,14.894693714546571,,0.7841718818691107,-0.1055887342980148,860284.8293299827,601916.5785417781,258368.2507882046,5.412239144947492,0.4292426226473701,-0.3672971602813639,0.235,-0.3289394583231833
Ye2024,2.1304776777522875e+18,10131101.0,-4.7446,0.0111,7.71,6156,0.507271,-0.14,0.03,1.1,2.18,12.514101920504952,,0.6161049389702347,-0.2103453096955992,1466243.7748317183,715410.3331666223,750833.4416650962,5.875543607592326,1.0495143931478883,0.020988398918269,0.384,-0.08675800063118895
Ye2024,2.1305313777229542e+18,9760862.0,-4.9127,0.0112,6.91,6180,0.500049,0.18,0.02,1.34,2.54,9.159880552148511,,0.7543766494181208,-0.1224117629878646,1011266.537901798,735307.0829177168,275959.4549840811,5.440845278550104,0.3752982412314962,-0.4256234708260487,0.408,-0.29331677735038814
Ye2024,2.130633842762775e+18,9941901.0,-4.5668,0.0045,10.82,5612,0.678984,0.02,0.01,0.96,5.03,15.354869714245666,,0.7046624426882382,-0.1520188750444063,1525044.04243278,372631.4612920682,1152412.581140712,6.061607990922296,3.0926336094778963,0.4903284713102226,-0.16,0.35442560890201924
Ye2024,2.130644043305078e+18,9941130.0,-4.6638,0.0084,10.89,5989,0.558315,-0.18,0.02,1.1,5.8,12.514101920504952,,0.8702182601019268,-0.0603718079907812,1582081.998337795,589315.5587759111,992766.439561884,5.996847087427582,1.6846092467403972,0.2264991801839108,0.217,0.15555504454520394
Ye2024,2.1306513318689894e+18,10064019.0,-4.9264,0.0145,18.86,5930,0.576689,-0.33,0.03,0.98,8.78,14.894693714546571,,1.2662227476071428,0.102510111326914,830673.7949021516,549585.9077749092,281087.8871272424,5.448842131032047,0.5114539567895289,-0.2911934571860053,0.158,-0.14526355552853126
Ye2024,2.1307941610043837e+18,10067180.0,-4.8605,0.0133,33.11,5642,0.669089,0.11,0.02,1.24,5.33,10.377405303719264,,3.190585606994975,0.5038704017234167,792216.829094447,386904.0063575872,405312.8227368598,5.6077903435782845,1.047579802940212,0.020187116751885,-0.13,-0.2364874337192502
Ye2024,2.1307963299655885e+18,10199661.0,-4.9304,0.0149,17.96,5564,0.694927,0.07,0.03,0.96,5.29,15.354869714245666,,1.1696615037597742,0.0680601965163285,637911.1921376684,350735.079810446,287176.1123272224,5.45814831190754,0.8187835459242516,-0.0868308933985196,-0.208,-0.06575858349684668
Ye2024,2.1308057402362115e+18,10133176.0,-4.6496,0.0112,10.98,5508,0.713701,-0.01,0.03,0.94,3.07,15.836148205371112,,0.6933504194079175,-0.1590472174062099,1169465.630875206,326593.2598809776,842872.3709942282,5.925761818077572,2.580801487763101,0.4117546004041233,-0.264,0.27405313617673355
Ye2024,2.130835156470433e+18,10462071.0,-5.01,0.0152,25.38,5537,0.703955,0.33,0.02,1.04,7.17,13.628989336448337,,1.8622070480402864,0.2700279660236092,520846.5966029006,338910.786054206,181935.81054869463,5.2599181899541065,0.5368250821016818,-0.2701672008050228,-0.235,-0.4325699439955689
Ye2024,2.1308558410322908e+18,10198505.0,-4.9758,0.0099,12.52,6055,0.537974,-0.03,0.02,1.24,3.98,10.377405303719264,,1.206467284795442,0.0815155498457591,805876.1937453677,636655.8583862409,169220.3353591268,5.228452551395607,0.2657956148994794,-0.5754521883318429,0.283,-0.328137959677394
Ye2024,2.1308961450068948e+18,10590455.0,-4.6979,0.0081,9.43,5518,0.710335,0.07,0.02,0.96,4.2,15.354869714245666,,0.614137415392799,-0.2117344430776286,1053994.9285172566,330796.53958281834,723198.3889344383,5.859257449992662,2.1862332352282,0.3396964921833372,-0.254,0.16171367518402363
Ye2024,2.1309367925762596e+18,10723510.0,-4.7953,0.0159,19.09,5752,0.633253,0.01,0.03,1.0,4.35,14.454397707459272,,1.32070532348425,0.1208059283936668,994459.832537742,443325.8806924759,551133.9518452662,5.741257165960808,1.2431801883174378,0.0945340804682834,-0.02,0.045765860100633736
Ye2024,2.1309369300151882e+18,10723397.0,-4.8617,0.0112,21.34,5907,0.583902,-0.2,0.03,0.98,4.97,14.894693714546571,,1.4327249964971596,0.1561628380140556,949247.845406142,534733.1945237245,414514.6508824176,5.617539885151532,0.7751803238091792,-0.110597259395821,0.135,-0.06011714105558093
Ye2024,2.1309499480578363e+18,10724037.0,-4.9466,0.016,19.64,5774,0.626168,-0.02,0.03,1.0,4.74,14.454397707459272,,1.3587560268847916,0.1331414834509309,712719.8504562946,455419.1577619935,257300.69269430116,5.410440955401593,0.5649755578107871,-0.2479703403885524,0.002,-0.41776094050415835
Ye2024,2.1309850680084436e+18,10722289.0,-4.8145,0.0237,24.55,5576,0.690928,-0.46,0.04,0.82,8.59,19.248913098918976,,1.2753966872747082,0.1056452846128305,840238.9252758876,356102.8864097597,484136.03886612784,5.684967412527555,1.3595397772458468,0.1333919186433855,-0.196,-0.07000692113680188
Ye2024,2.130988018645875e+18,10722785.0,-4.8081,0.0112,6.87,6220,0.488075,-0.14,0.02,1.12,2.47,12.171862643132958,,0.5644164908380619,-0.2484003057338749,1320301.9824677857,769524.0759558113,550777.9065119744,5.740976510974178,0.715738368325726,-0.1452457010960942,0.448,-0.17866551084294244
Ye2024,2.1310486635840804e+18,10329364.0,-4.9703,0.0128,13.61,6030,0.545653,-0.15,0.03,1.12,5.48,12.171862643132958,,1.1181526113982565,0.0485010824099092,802751.240178321,618353.8235844148,184397.41659390624,5.265754832298574,0.2982069642991916,-0.5254822182894918,0.258,-0.1300550825747978
Ye2024,2.1310582886102333e+18,10525241.0,-4.7344,0.0093,21.96,5557,0.697263,-0.04,0.02,0.92,5.29,16.339848430570573,,1.3439537149509029,0.1283843121050435,996720.3464222,347636.04256394465,649084.3038582553,5.812301107158905,1.8671375357716595,0.2711763098219811,-0.215,0.2800547943933904
Ye2024,2.1311160129713372e+18,10966835.0,-4.9771,0.0089,20.9,5802,0.617189,0.09,0.02,1.2,5.3,10.930356368792774,,1.9121060004659611,0.2815119643738686,677364.815880622,471219.17814932426,206145.63773129776,5.31417414908513,0.4374729367784187,-0.3590488084047218,0.03,-0.33376073930669314
Ye2024,2.1311424699695898e+18,10849776.0,-4.923,0.0129,12.09,6076,0.531548,-0.09,0.03,1.14,4.66,11.843039123414078,,1.020852829583048,0.0089631368891542,922747.330346871,652386.9192571156,270360.4110897555,5.431943098127561,0.4144172777063336,-0.3825621464672158,0.304,-0.267319855073479
Ye2024,2.1311649755984668e+18,11020397.0,-4.7698,0.0121,14.67,5937,0.5745,0.09,0.03,1.1,3.37,12.514101920504952,,1.172277490881108,0.0690304260967265,1196960.8128554334,554175.9761399516,642784.8367154818,5.808065623211925,1.1598930022061311,0.0644179282832096,0.165,0.01997660660012636
Ye2024,2.1311721524838533e+18,10965715.0,-4.7158,0.013,16.88,5882,0.591773,-0.34,0.04,0.92,6.42,16.339848430570573,,1.0330573182318414,0.0141244186166254,1305905.699472153,518980.9207426676,786924.7787294856,5.895933220613176,1.516288455466508,0.1807818284072723,0.11,0.09713800251164416
Ye2024,2.1311768640678262e+18,11019724.0,-4.637,0.0092,14.87,5981,0.560796,-0.26,0.03,1.0,3.77,14.454397707459272,,1.0287526537564586,0.0123109685219542,1673813.0373963774,583788.1927096279,1090024.8446867494,6.03743639682814,1.867158086270032,0.2711810898227882,0.209,0.18758905082977048
Ye2024,2.1312125638355057e+18,11075625.0,-4.8631,0.0119,19.58,5841,0.604756,-0.11,0.03,0.98,5.75,14.894693714546571,,1.3145621101881153,0.1187811103927234,904608.2862483336,494008.93503821513,410599.3512101184,5.613418258804451,0.8311577424775841,-0.0803165451853899,0.069,0.22604210231395871
Ye2024,2.131222042825094e+18,11182210.0,-4.9544,0.009,25.66,5879,0.59272,-0.08,0.02,1.14,5.54,11.843039123414078,,2.166673582059637,0.335793488067292,752359.7914313861,517117.6895157393,235242.10191564687,5.371515051219239,0.4549101813475806,-0.3420743431137881,0.107,-0.07616400682947508
Ye2024,2.131245720983164e+18,11235807.0,-4.7311,0.0109,19.93,5459,0.730286,0.03,0.03,0.94,2.39,15.836148205371112,,1.2585131018943347,0.0998577411802045,935328.3839110096,306653.068555026,628675.3153559837,5.798426408314007,2.050119107949425,0.3117790934569791,-0.313,0.11246556550215966
Ye2024,2.1312744800844216e+18,11288330.0,-4.8277,0.0078,17.09,5836,0.606345,0.17,0.01,1.08,4.35,12.87049780038931,,1.3278429680849684,0.1231467180089518,978076.6017129242,491035.3367485842,487041.26496434,5.68756575872407,0.9918660196419036,-0.0035469879868964,0.064,0.028706456800304397
Ye2024,2.1313114468631675e+18,11341266.0,-4.8465,0.0088,7.26,6218,0.488672,0.08,0.02,1.3,2.6,9.620852087644154,,0.7546109153183901,-0.1222769170938625,1207020.392299301,767781.3522510945,439239.04004820646,5.642700933728016,0.5720887056717133,-0.2425366261075532,0.446,-0.10932057039455394
Ye2024,2.131411261903499e+18,10259333.0,-4.7098,0.0083,9.22,6045,0.541041,-0.02,0.02,1.1,3.29,12.514101920504952,,0.7367688115830823,-0.1326687666929268,1477055.9873146168,629280.0327057362,847775.9546088806,5.928281094552595,1.3472157236003026,0.1294371429152221,0.273,-0.005104948303342811
Ye2024,2.131537229003574e+18,10908262.0,-4.9082,0.0077,21.51,5717,0.64458,0.27,0.01,1.24,5.02,10.377405303719264,,2.0727724677276327,0.3165516313588108,748315.0942913315,424654.52396792057,323660.5703234109,5.510089795065262,0.7621738426313363,-0.1179459600453576,-0.055,-0.19703571018222088
Ye2024,2.1315700769133517e+18,10907436.0,-4.9929,0.0171,48.35,6187,0.497948,-0.17,0.04,1.14,4.03,11.843039123414078,,4.082566940474803,0.6109333144474028,844563.2906964682,741198.9884437897,103364.30225267856,5.01437057733167,0.1394555360493687,-0.8555642406093349,0.415,-0.36450690247429407
Ye2024,2.1315741657223798e+18,10962806.0,-4.6626,0.0117,7.86,6010,0.551818,-0.04,0.03,1.06,4.17,13.24184353201083,,0.5935729402782353,-0.226525905835013,1608828.0316031447,604039.0663576672,1004788.9652454776,6.002074856927244,1.663450298511845,0.2210098293079308,0.238,0.1538558787028953
Ye2024,2.1315780140129948e+18,10908140.0,-4.8789,0.0146,13.07,5975,0.562659,0.06,0.03,1.16,4.38,11.52693877886925,,1.1338656559848683,0.0545616010112488,955131.9549843852,579671.9195798715,375460.0354045138,5.574563716767669,0.6477112703279396,-0.1886185460545686,0.203,-0.6042078259585764
Ye2024,2.1315867413865897e+18,11017985.0,-4.8157,0.012,15.0,5842,0.604438,-0.13,0.02,0.98,2.89,14.894693714546571,,1.0070700537702622,0.0030596819812857,1009620.004792652,494605.505351992,515014.4994406598,5.711819456106098,1.0412631761430626,0.0175605100115014,0.07,0.03366945860178974
Ye2024,2.131610342228531e+18,10323670.0,-4.8573,0.0099,18.45,5898,0.586732,-0.09,0.02,1.18,5.07,11.222913527863296,,1.6439581356653876,0.2158907537873593,953083.1894289756,529015.7667620745,424067.4226669009,5.627434910753921,0.8016158483564172,-0.0960337051673235,0.126,-0.010401447055995166
Ye2024,2.1316103808851456e+18,10323700.0,-5.0091,0.0191,32.59,5739,0.637452,0.05,0.03,1.16,5.89,11.52693877886925,,2.827290109299684,0.4513703738958487,602360.7087386586,436310.21856953145,166050.49016912712,5.220240161942432,0.3805789621740544,-0.4195552225236272,-0.033,-0.20680083608358224
Ye2024,2.1316158097238216e+18,10388593.0,-4.9424,0.0091,8.96,6158,0.506668,-0.04,0.01,1.16,3.34,11.52693877886925,,0.7773095851281119,-0.1094059769071702,931044.5771153616,717050.5548550765,213994.0222602851,5.330401641874275,0.2984364502772549,-0.5251481343243396,0.386,-0.25298117579547164
Ye2024,2.131622234994985e+18,10519285.0,-4.8896,0.0125,15.94,5951,0.570128,-0.19,0.03,1.02,5.79,14.032847450821215,,1.135906312376194,0.0553425129806912,917004.6494982848,563454.8861806605,353549.76331762434,5.54845055084352,0.6274677387468173,-0.202408598523283,0.179,-0.10489463831062114
Ye2024,2.1317159984226726e+18,10845320.0,-4.9418,0.0131,26.29,5731,0.640041,0.04,0.03,1.02,8.74,14.032847450821215,,1.873461540299256,0.2726447820269604,699412.468821154,432040.4200301612,267372.0487909928,5.427116003934478,0.618858876149429,-0.2084083756926572,-0.041,-0.08591174915703254
Ye2024,2.131791108812035e+18,11124540.0,-4.8312,0.0158,12.31,5960,0.567324,0.01,0.03,1.12,6.4,12.171862643132958,,1.011348908619584,0.0049010101378909,1055350.634500037,569490.0376491257,485860.5968509113,5.686511679338552,0.8531503006734945,-0.0689744518301142,0.188,-0.1746381797158591
Ye2024,2.131807159107134e+18,11230757.0,-4.9216,0.0097,22.92,6191,0.496749,0.01,0.02,1.34,3.71,9.159880552148511,,2.5022160354071388,0.3983248029332893,997826.3140038592,744583.9462501089,253242.3677537504,5.403536365414831,0.3401125810315083,-0.4683773028761488,0.419,-0.31445835875110884
Ye2024,2.1319264561191194e+18,11179559.0,-4.5876,0.014,15.51,5437,0.737781,-0.21,0.03,0.84,6.9,18.60920008626386,,0.8334587154795817,-0.07911590763377,1280704.8925859083,298046.0000095234,982658.892576385,5.992402788655411,3.297004128708274,0.5181194909933495,-0.335,0.36108018210108056
Ye2024,2.1319424978189215e+18,11233929.0,-4.5786,0.0094,3.82,6094,0.526058,-0.01,0.03,1.1,1.62,12.514101920504952,,0.3052556247556804,-0.5153363248348475,2063581.0742615703,666135.0288151725,1397446.0454463975,6.145335049032702,2.0978420064952576,0.3217727773317869,0.322,0.22019115272768283
Ye2024,2.1320401181335357e+18,11392986.0,-5.023,0.0122,19.68,5694,0.652062,0.29,0.02,1.14,7.13,11.843039123414078,,1.6617356233411398,0.2205619301237049,565303.3874379332,412755.7317420427,152547.65569589054,5.183405537929513,0.3695833733236375,-0.4322875748875888,-0.078,-0.45261753241321245
Ye2024,2.1321105856596319e+18,11599875.0,-4.7953,0.0079,8.0,6172,0.502453,0.01,0.01,1.32,3.06,9.386296808958306,,0.8523063102335289,-0.0694042961526661,1318303.5033051835,728622.7338718434,589680.76943334,5.77061696487266,0.8093087712207705,-0.0918857527346717,0.4,-0.08006135092878265
Ye2024,2.132191507140199e+18,11390297.0,-4.9555,0.0257,28.98,5190,0.824071,0.02,0.03,0.86,4.87,18.000329833835156,,1.6099704987364396,0.2068179180483968,455807.18629071786,214748.36838406828,241058.8179066496,5.382123022556866,1.1225175758985335,0.0501931497252398,-0.582,-0.18667654345780607
Ye2024,2.1321930146719503e+18,11390300.0,-4.7264,0.0112,7.66,6134,0.513916,-0.14,0.02,1.08,3.54,12.87049780038931,,0.5951595749286634,-0.225366575079181,1507255.3123184545,697579.3084586913,809676.0038597629,5.908311268403364,1.1606938365886317,0.0647176782957761,0.362,0.030203370837196267
Ye2024,2.1322154215182193e+18,11547513.0,-4.6912,0.0139,15.74,5906,0.584216,-0.33,0.03,0.94,6.32,15.836148205371112,,0.9939285611548836,-0.0026448294972372,1404706.2254040136,534095.3175971321,870610.9078068816,5.939824104092528,1.6300665426608048,0.2122053335576572,0.134,0.1137800404729764
Ye2024,2.132492704608267e+18,11132878.0,-4.8998,0.0124,9.56,6120,0.518156,-0.11,0.03,1.08,2.57,12.87049780038931,,0.7427840125741544,-0.1291374524356849,1001883.9635287056,686432.0077898391,315451.95573886647,5.498933224289045,0.4595530979893446,-0.337664301837163,0.348,-0.18459799602174137
Ye2024,2.1324984770443254e+18,11133010.0,-4.8867,0.0142,8.79,6141,0.511799,0.0,0.03,1.14,2.79,11.843039123414078,,0.7422081366447468,-0.1294742888978458,1046810.6349471032,703210.9691711135,343599.6657759899,5.536052732715334,0.488615338553374,-0.3110329038289514,0.369,-0.23819591813885485
Ye2024,2.1324987476256722e+18,11132897.0,-4.5797,0.0101,13.08,5461,0.729606,-0.02,0.03,0.9,7.76,16.867395843027396,,0.7754605465909534,-0.1104402930582557,1327395.811018975,307445.9982369433,1019949.8127820316,6.008578802577545,3.3174925633475767,0.5208099580019648,-0.311,0.3231170951506365
Ye2024,2.132546095343305e+18,11237282.0,-5.0476,0.0218,18.98,5941,0.57325,-0.22,0.04,1.2,4.74,10.930356368792774,,1.7364484157341602,0.2396618863540885,633067.3944044418,556813.6128405519,76253.78156388993,4.882261386007113,0.1369466906078063,-0.8634484582485301,0.169,-0.31457714757184774
Ye2024,2.1326178084154476e+18,11450321.0,-4.75,0.0106,10.53,5957,0.568258,-0.09,0.03,1.02,3.31,14.032847450821215,,0.7503822753652021,-0.1247174328939157,1269761.4478836602,567472.1869894437,702289.2608942165,5.84651602742235,1.2375747692939896,0.0925714467254973,0.185,-0.5747090418762202
Ye2024,2.132621480608055e+18,11502174.0,-4.9481,0.0103,19.36,5984,0.559865,-0.09,0.02,1.06,5.56,13.24184353201083,,1.462032076817638,0.1649569010979539,819366.2590848355,585855.7182817529,233510.54080308264,5.368306489652835,0.3985802878018193,-0.3994841835848202,0.212,-0.2530367440314609
Ye2024,2.132629078410136e+18,11606040.0,-4.7859,0.0093,19.39,5695,0.651736,0.05,0.02,1.04,8.59,13.628989336448337,,1.422702705338895,0.1531141573436286,976532.3845504784,413267.0549413797,563265.3296090988,5.750713020145617,1.362957252155016,0.1344822348190272,-0.077,0.006753367088703474
Ye2024,2.1327482036226898e+18,11448266.0,-4.7508,0.0082,11.68,5942,0.572937,-0.12,0.02,1.02,3.29,14.032847450821215,,0.8323328562455423,-0.0797029613030216,1254707.016091881,557474.7027775995,697232.3133142819,5.843377506333663,1.2506976726304255,0.0971523416867657,0.17,0.07817098162383031
Ye2024,2.1327494062134943e+18,11395587.0,-4.9596,0.0144,18.21,5735,0.638746,-0.01,0.03,1.0,3.83,14.454397707459272,,1.2598241980433835,0.1003099457949201,673202.0434532581,434170.8149862285,239031.2284670296,5.378454643479256,0.55054651352973,-0.2592059832936138,-0.037,-0.279560496225617
Ye2024,2.132761054166126e+18,11499453.0,-4.5734,0.0045,7.24,5884,0.591142,0.11,0.01,1.08,3.98,12.87049780038931,,0.5625268045017655,-0.249856778514638,1815107.673697224,520226.2729913954,1294881.4007058288,6.112229992836012,2.489073443484555,0.3960377112447927,0.112,0.2603557438263502
Ye2024,2.1328372984246556e+18,11704002.0,-4.4498,0.0097,10.31,5973,0.56328,0.09,0.03,1.12,2.8,12.171862643132958,,0.8470355197293185,-0.0720983775099088,2562015.752176762,578305.3751850654,1983710.376991697,6.297478265168969,3.43021258683076,0.5353210362021126,0.201,0.40304281907667766
Ye2024,2.132864133380395e+18,11805605.0,-4.6373,0.0142,15.64,5184,0.826218,0.24,0.02,0.92,6.32,16.339848430570573,,0.9571692213949052,-0.0190112749491815,943999.3778529743,213004.2160740587,730995.1617789157,5.863914502512344,3.431834239021628,0.5355263028314564,-0.588,0.2730532970936844
Ye2024,2.1328651985322719e+18,11855817.0,-4.6245,0.0067,11.05,6222,0.487479,-0.04,0.02,1.36,2.86,8.941232764773126,,1.235847482187808,0.0919648771190568,2017584.643646412,771270.1931460578,1246314.4505003542,6.09562763051563,1.615924563889293,0.2084210827682049,0.45,0.1301056158466284
Ye2024,2.132889800103654e+18,11858008.0,-4.8883,0.0088,17.46,5696,0.65141,0.11,0.02,1.02,3.9,14.032847450821215,,1.2442236018876005,0.0948984352901487,771954.4216655263,413778.9216260692,358175.5000394571,5.554095875869327,0.865620458944352,-0.062672487563712,-0.076,-0.05857916950905182
Ye2024,2.13291326350647e+18,11858022.0,-5.0182,0.0108,10.2,6094,0.526058,-0.2,0.02,1.14,4.77,11.843039123414078,,0.8612654145365664,-0.0648629922097001,749931.3966580163,666135.0288151725,83796.36784284376,4.923225194525305,0.1257948677340823,-0.9003370771756106,0.322,-0.3939598956778656
Ye2024,2.132921342343505e+18,11958229.0,-4.8571,0.0114,18.09,5814,0.613355,0.18,0.02,1.08,3.68,12.87049780038931,,1.4055400405299636,0.1478432221480287,900350.9898295484,478133.2469953461,422217.7428342024,5.625536479689494,0.8830545574637944,-0.0540124637230904,0.042,-0.13320736621286625
Ye2024,2.1330114636384271e+18,12301257.0,-4.5836,0.0157,18.97,5835,0.606663,0.26,0.03,1.14,2.65,11.843039123414078,,1.6017847954665356,0.2046041669170448,1714648.7932285496,490442.4640152555,1224206.3292132942,6.087854620495061,2.496126292145891,0.3972665548062681,0.063,0.2799558848860648
Ye2024,2.1330186448265288e+18,11709442.0,-4.9237,0.0143,10.07,6034,0.544422,-0.07,0.03,1.1,5.97,12.514101920504952,,0.8046921835836918,-0.0943702171929381,896051.4768850928,621251.4368101673,274800.0400749255,5.439016791722002,0.4423330455151845,-0.3542506144427351,0.262,-0.19723445398488992
Ye2024,2.1330238675067423e+18,11759468.0,-4.7713,0.008,6.47,6140,0.512101,0.12,0.01,1.22,1.65,10.648698264908193,,0.6075860015041736,-0.2163922406346723,1364536.70133811,702404.0654232707,662132.6359148393,5.82094499438852,0.9426662921089962,-0.0256420221567119,0.368,-0.05143296722789886
Ye2024,2.1330404331969905e+18,11859979.0,-4.9121,0.0086,23.04,5775,0.625846,-0.09,0.02,1.0,7.81,14.454397707459272,,1.59397855699723,0.2024824747511745,772182.0304493444,455975.5117006608,316206.5187486837,5.499970818877026,0.6934725892829684,-0.158970700500456,0.003,-0.31163114216776866
Ye2024,2.133068745621697e+18,12059599.0,-4.7722,0.0129,11.51,5974,0.562969,-0.01,0.03,1.06,2.27,13.24184353201083,,0.869214318397263,-0.0608731282446291,1220316.8547588312,578988.3014001754,641328.5533586558,5.807080576093833,1.1076710044187803,0.0444107873036632,0.202,-0.09025237889353803
Ye2024,2.1330903578972268e+18,11910103.0,-4.8882,0.018,21.91,5773,0.626489,0.26,0.03,1.1,4.88,12.514101920504952,,1.7508248006274765,0.2432426898141491,814737.9887642881,454863.3864659494,359874.6022983387,5.556151197942457,0.7911707405038162,-0.1017297824228915,0.001,-0.24197306747103436
Ye2024,2.1331005627396157e+18,12058284.0,-4.8531,0.016,21.36,5485,0.721467,0.12,0.03,0.96,4.55,15.354869714245666,,1.3910896280795533,0.1433551125415618,719810.643823964,317099.2793018212,402711.36452214286,5.604993885578663,1.2699851144689434,0.1037986306080163,-0.287,-0.05758159497105933
Ye2024,2.1331203883088584e+18,12154836.0,-4.5645,0.0105,8.32,5559,0.696595,-0.11,0.02,0.9,6.15,16.867395843027396,,0.4932593079232976,-0.3069247107557802,1476041.039844595,348519.0744091117,1127521.965435483,6.052125011192572,3.235180075429481,0.5098984592207251,-0.213,0.31787781498472045
Ye2024,2.1331258171473874e+18,12107707.0,-4.8681,0.0128,20.05,6046,0.540734,-0.42,0.03,0.94,8.27,15.836148205371112,,1.2660907021064431,0.1024648194359181,1026559.9292282732,630014.2998514356,396545.62937683775,5.598293167558819,0.6294232201877761,-0.2010572394758573,0.274,-0.23241209864285559
Ye2024,2.133145539637609e+18,12204424.0,-4.5771,0.0078,3.96,5998,0.555528,-0.12,0.02,1.04,3.81,13.628989336448337,,0.2905571280630234,-0.5367684658095645,1943289.850027172,595587.4707806765,1347702.3792464954,6.129593995076186,2.26281183766336,0.3546484420404542,0.226,0.27610278589823195
Ye2024,2.133151724390426e+18,12303817.0,-4.7255,0.017,24.03,5023,0.884773,-0.01,0.03,0.82,2.38,19.248913098918976,,1.248382174957688,0.0963475589577433,679148.0362354468,170525.9218707196,508622.1143647272,5.706395238926162,2.9826674372141944,0.4746048329013409,-0.749,0.16616199638503393
Ye2024,2.1331529269813407e+18,12303659.0,-4.7119,0.0106,13.76,6146,0.510288,-0.46,0.03,1.0,6.96,14.454397707459272,,0.9519594159844568,-0.0213815661005074,1570659.1920762954,707257.4310779575,863401.7609983379,5.936212930110242,1.2207743928294892,0.0866354108717098,0.374,-0.07576445966053139
Ye2024,2.1331582870993377e+18,12059936.0,-4.6381,0.0137,8.5,5549,0.699937,-0.02,0.03,0.94,5.12,15.836148205371112,,0.5367466816910108,-0.2702306318059903,1237002.6667268688,344123.0868413142,892879.5798855546,5.95079289078364,2.594651780214005,0.4140790808437706,-0.223,0.2590766205462108
Ye2024,2.1331751920907756e+18,12256438.0,-4.9403,0.0171,31.05,5312,0.780948,-0.31,0.03,0.82,4.17,19.248913098918976,,1.613078091237462,0.2076553926664422,518016.98764886206,252970.20217172417,265046.7854771379,5.423322541412825,1.0477391534723752,0.0202531735750989,-0.46,-0.09398653497662632
Ye2024,2.1332023362841608e+18,12355683.0,-4.8655,0.0129,18.99,5810,0.614632,-0.05,0.02,1.0,4.0,14.454397707459272,,1.313787013775061,0.1185249647370176,880676.2128907478,475818.9489730052,404857.26391774265,5.607301935760134,0.8508641044909533,-0.0701397975916967,0.038,-0.04389460609169581
Ye2024,2.13322735017415e+18,12556304.0,-4.6298,0.0135,12.7,5552,0.698934,-0.03,0.03,0.92,4.77,16.339848430570573,,0.7772409917976532,-0.1094443027170539,1263599.852132114,345436.858172334,918162.99395978,5.962919784789252,2.6579763341343274,0.4245511097893216,-0.22,0.2982693745540083
Ye2024,2.1332294117580795e+18,12255215.0,-4.7708,0.0157,12.87,6003,0.553981,0.09,0.03,1.26,3.96,10.11597610345872,,1.27224499824586,0.1045707521462417,1248202.678085263,599096.5527871308,649106.1252981318,5.812315707375812,1.08347497958108,0.0348188867169013,0.231,-0.14300111705005136
Ye2024,2.1332475536998828e+18,12353161.0,-4.4553,0.008,4.25,6183,0.499149,-0.11,0.02,1.1,3.15,12.514101920504952,,0.3396168600030476,-0.4690107576962446,2904749.747458162,737827.2447916513,2166922.50266651,6.335843379586485,2.936896838606725,0.4678886917694124,0.411,0.320468254349297
Ye2024,2.1332650771666862e+18,12457435.0,-4.7466,0.0144,42.81,5382,0.756651,0.04,0.03,0.9,8.12,16.867395843027396,,2.5380325687736023,0.4044971907878052,852680.8517262335,277429.7552017245,575251.096524509,5.759857455179168,2.073501799063453,0.3167044165136327,-0.39,0.13862874750898777
Ye2024,2.133293763248821e+18,12690265.0,-4.7272,0.0101,13.41,5779,0.624561,0.13,0.02,1.04,4.56,13.628989336448337,,0.9839320927588748,-0.0070348738834778,1185284.2525505074,458206.7640821816,727077.4884683258,5.861580698370541,1.5867890774696658,0.2005192023825398,0.007,0.09742698796007528
Ye2024,2.1333116002518118e+18,12253624.0,-4.5837,0.0165,11.83,5303,0.784096,0.01,0.03,0.88,6.19,17.42033268532819,,0.6790915083937232,-0.1680717000748619,1169494.66530465,249964.00312094568,919530.6621837042,5.963566215569923,3.67865232874666,0.5656887443840578,-0.469,0.4175937665521673
Ye2024,2.1333148644269489e+18,12253453.0,-4.7586,0.0093,18.83,5688,0.654019,-0.3,0.02,0.9,6.73,16.867395843027396,,1.116354900023521,0.0478022829701606,1034784.9114873928,409699.1787837767,625085.7327036161,5.795939586442711,1.5257187836188273,0.1834744930046573,-0.084,0.19890297859448744
Ye2024,2.133317338328e+18,12153921.0,-5.0054,0.0157,18.09,5797,0.618789,0.24,0.02,1.2,4.85,10.930356368792774,,1.6550238061449398,0.2188042451226283,632448.1668444728,468363.74250485474,164084.424339618,5.215067357747785,0.3503354539403041,-0.4555159098661537,0.025,-0.3919143616333348
Ye2024,2.1333449635578286e+18,12403078.0,-4.8744,0.0126,23.22,5566,0.69426,-0.24,0.02,0.88,7.91,17.42033268532819,,1.332925175393259,0.1248057706997627,726749.1702832688,351624.86147988914,375124.30880337965,5.574175208211237,1.0668310176492868,0.0280956341251653,-0.206,0.1509609949635683
Ye2024,2.1333644455297772e+18,12505525.0,-4.9257,0.0152,19.4,5854,0.600629,0.0,0.03,1.02,5.33,14.032847450821215,,1.382470668764,0.1406559258508237,790173.7698833273,501812.716453145,288361.0534301823,5.459936603403333,0.5746387924729025,-0.2406050591859682,0.082,-0.13402869350671692
Ye2024,2.1333703854682158e+18,12252240.0,-4.9348,0.0109,9.07,6125,0.516641,0.08,0.02,1.22,3.17,10.648698264908193,,0.8517473004084785,-0.0696892342432774,927333.8411722636,690395.5062382987,236938.3349339648,5.374635332159641,0.3431921743305532,-0.4644626237481765,0.353,-0.3607201832725745
Ye2024,2.1335846914521206e+18,11754352.0,-5.0387,0.009,15.02,6140,0.512101,0.24,0.01,1.32,2.42,9.386296808958306,,1.6002050974634503,0.2041756495235398,737199.8211582957,702404.0654232707,34795.75573502504,4.541526273450287,0.0495380898942505,-1.305060743094946,0.368,-0.5403745729862867
Ye2024,2.1347956274160717e+18,11196428.0,-4.8878,0.0103,17.88,5921,0.579508,-0.01,0.02,1.16,5.07,11.52693877886925,,1.5511490381797588,0.1906535278906033,902385.2355492866,543732.360007474,358652.8755418126,5.554674317192745,0.659612893992336,-0.1807108634353583,0.149,-0.4026289119360716
Ye2024,2.1348027785404954e+18,11302847.0,-4.8365,0.0142,29.78,5693,0.652388,-0.12,0.03,0.94,10.2,15.836148205371112,,1.8805077859715649,0.2742751358958743,867913.5563502049,412244.9515462919,455668.604803913,5.658649107076809,1.1053345907445151,0.0434937612054014,-0.079,0.024839470651885267
Ye2024,2.13484748055885e+18,11306488.0,-4.6699,0.011,3.99,6092,0.526667,-0.13,0.03,1.08,2.04,12.87049780038931,,0.310011319055531,-0.5086224490250367,1670133.992114714,664595.287369806,1005538.704744908,6.00239879192294,1.5130090806457797,0.179841534541706,0.32,0.1465993410308919
Ye2024,2.1349442719426918e+18,11668936.0,-4.8854,0.0095,15.97,5897,0.587046,0.27,0.02,1.16,3.15,11.52693877886925,,1.3854502315285655,0.1415909295691875,892763.1332690244,528383.7476262897,364379.3856427347,5.561553799270094,0.6896112669620745,-0.1613956515634424,0.125,-0.3691524516942777
Ye2024,2.1349468489231206e+18,11770522.0,-4.8036,0.0215,27.04,5134,0.844206,0.0,0.03,0.84,6.48,18.60920008626386,,1.4530447238277169,0.1622789818222232,619206.0542245958,198936.2117264825,420269.8424981133,5.623528227248934,2.1125859332032646,0.3248143836841889,-0.638,0.08907852737669801
Ye2024,2.1349477079165814e+18,11770476.0,-4.8993,0.0117,25.38,5611,0.679315,0.2,0.02,1.02,6.7,14.032847450821215,,1.8086136893417688,0.2573458136792837,708716.9365633283,372163.6002471534,336553.3363161749,5.527053900156537,0.9043155646943178,-0.043679994202837,-0.161,-0.008384755694040721
Ye2024,2.1350183171778396e+18,11563993.0,-4.772,0.0094,21.33,5515,0.711344,-0.01,0.02,0.92,7.53,16.339848430570573,,1.3053976657514916,0.115742831776418,886734.9041259092,329530.7093868041,557204.1947391052,5.746014377215654,1.6909021795751888,0.2281184839433786,-0.257,0.1484829771556051
Ye2024,2.1350295528124006e+18,11564818.0,-4.9899,0.0119,10.12,6088,0.527886,-0.11,0.02,1.24,4.01,10.377405303719264,,0.9751956008090954,-0.0109082665248713,797278.9753412508,661524.9650675011,135754.0102737497,5.132752667830207,0.2052137371110364,-0.687793570695533,0.316,-0.3272428455016065
Ye2024,2.135037348174717e+18,11667335.0,-4.5056,0.0069,4.07,5933,0.575751,-0.04,0.02,1.04,2.5,13.628989336448337,,0.2986281593981074,-0.5248692425098567,2193356.0149155166,551549.0689127453,1641806.9460027711,6.215322088706159,2.976719640265595,0.4737379329271118,0.161,0.37640128268621964
Ye2024,2.135065729316177e+18,11614502.0,-4.6204,0.0067,5.12,6208,0.491659,-0.05,0.02,1.14,1.96,11.843039123414078,,0.4323214629830608,-0.3641932029957869,2018452.667120778,759118.4435255525,1259334.2235952255,6.100141005882318,1.658942994121622,0.2198314627188898,0.436,0.12785186615495717
Ye2024,2.135112119264366e+18,11766836.0,-4.9272,0.0118,14.32,6141,0.511799,-0.33,0.03,1.06,5.9,13.24184353201083,,1.0814204204560216,0.0339945660974158,953604.1362588168,703210.9691711135,250393.16708770348,5.398622473353908,0.356071190673897,-0.4484631631903781,0.369,-0.2842526310696001
Ye2024,2.135130707881733e+18,11719324.0,-4.8903,0.0093,36.89,5595,0.684615,-0.47,0.03,0.82,13.79,19.248913098918976,,1.91647184495169,0.2825024433806467,715339.324201309,364746.0862603,350593.237941009,5.544803535393752,0.961198080384087,-0.0171871052000464,-0.177,-0.11145213244662919
Ye2024,2.1351454138507364e+18,11920321.0,-4.8238,0.0076,16.2,5861,0.598411,0.35,0.01,1.16,3.21,11.52693877886925,,1.4054034909682378,0.1478010279733354,1003918.88085376,506058.3973044646,497860.48354929546,5.697107656587662,0.983800459000709,-0.0070929791527511,0.089,-0.16600500538964796
Ye2024,2.135146822598995e+18,11819736.0,-4.5317,0.0075,7.04,5959,0.567635,-0.01,0.02,1.08,2.39,12.87049780038931,,0.5469873900127664,-0.2620226855696728,2101867.225759587,568816.7377205006,1533050.488039086,6.185556457734817,2.695157133003321,0.4305840904900698,0.187,0.32093651764460257
Ye2024,2.1351545492398505e+18,11919469.0,-4.8005,0.012,9.27,6117,0.519066,-0.02,0.03,1.12,3.35,12.171862643132958,,0.7615925575063803,-0.1182773086489283,1256798.514230779,684063.2942688308,572735.2199619479,5.757953890577645,0.8372547171590645,-0.0771423969318627,0.345,-0.14009041304117623
Ye2024,2.1351718021291868e+18,12019465.0,-4.6627,0.0152,10.23,5661,0.66285,0.08,0.03,1.0,4.09,14.454397707459272,,0.7077430832500722,-0.1501243662878397,1266147.6584470803,396183.8262005124,869963.8322465678,5.939501197696499,2.195859029859212,0.341604455760111,-0.111,0.2411056406906055
Ye2024,2.1352037566864763e+18,11918906.0,-4.7064,0.011,6.99,6178,0.50065,0.02,0.03,1.18,2.49,11.222913527863296,,0.6228329196911143,-0.2056284409620384,1624064.796017133,733631.0820018174,890433.7140153155,5.949601595097567,1.2137349900520022,0.0841238721412751,0.406,0.016260857307438176
Ye2024,2.135208253510917e+18,11968863.0,-4.6439,0.0088,11.53,5100,0.856538,0.04,0.02,0.86,0.88,18.000329833835156,,0.640543818165326,-0.1934511557920599,870948.4307892201,189832.13907005408,681116.2917191661,5.833221268359418,3.587992502511983,0.5548515268689675,-0.672,0.4575998933485561
Ye2024,2.1352134804920305e+18,12066842.0,-4.8535,0.0134,10.52,6031,0.545345,-0.08,0.03,1.06,2.3,13.24184353201083,,0.7944513144690883,-0.0999327120567007,1051160.5428248846,619077.1373478677,432083.4054770169,5.635567587190302,0.6979476052500765,-0.1561771785299159,0.259,-0.17298582676667584
Ye2024,2.135222959478933e+18,12066007.0,-4.8507,0.0202,27.04,5223,0.812308,-0.07,0.03,0.84,3.94,18.60920008626386,,1.4530447238277169,0.1622789818222232,595102.589412042,224561.95583277923,370540.6335792628,5.568835839769151,1.650059700473873,0.2174996576183451,-0.549,0.0727878980301892
Ye2024,2.135242991206418e+18,12165495.0,-5.0348,0.0146,8.98,5475,0.724854,-0.06,0.03,0.9,13.05,16.867395843027396,,0.5323880510999054,-0.2737717003791998,470271.0352492261,313045.9364801898,157225.0987690363,5.1965218762250975,0.5022428993547592,-0.2990861945356016,-0.297,-0.09668332606419656
Ye2024,2.1355647400969626e+18,12215938.0,-5.2579,0.0241,14.91,5248,0.803445,-0.28,0.03,0.8,12.32,19.92161221406761,,0.7484334018645002,-0.1258468385935496,237512.81234760524,232250.40280703723,5262.409540568013,3.721184643500294,0.0226583440845105,-1.6447718323913136,-0.524,-1.398217684842123
Ye2024,2.1362185371981765e+18,12557522.0,-4.8099,0.0146,3.72,6204,0.492856,-0.39,0.04,1.18,4.16,11.222913527863296,,0.331464729792696,-0.4795626768258224,1301364.3135464552,755676.8422496734,545687.4712967818,5.736943982720042,0.7221174988931158,-0.1413921307280075,0.432,-0.22949811856365293
Ye2024,2.139220341379715e+18,12557259.0,-4.8638,0.0137,45.42,5467,0.727568,0.37,0.02,1.0,8.38,14.454397707459272,,3.1422962699138104,0.4972471298837165,693119.3641368982,309835.3534155855,383284.0107213127,5.58352070237373,1.2370570578729594,0.0923897314382504,-0.305,-0.23616080298152578
Ye2024,2.1392214365948452e+18,12603079.0,-4.6316,0.0069,18.86,5266,0.79709,-0.16,0.02,0.82,5.97,19.248913098918976,,0.979795581344236,-0.0088645234448472,1018439.314028225,237924.97159181972,780514.3424364052,5.892380887902931,3.2805061915713627,0.5159408617740803,-0.506,0.33322403838787285
Ye2024,2.1392400638695537e+18,12691761.0,-5.0808,0.0185,8.25,5345,0.769454,0.08,0.03,0.9,11.62,16.867395843027396,,0.4891092897075967,-0.3105940884965791,384240.00103742577,264259.95231771725,119980.04871970852,5.079109033953297,0.4540228198310489,-0.3429223183375221,-0.427,0.4143931663181461
Ye2024,2.1392421254537797e+18,12691333.0,-4.5555,0.0078,8.91,5565,0.694593,0.05,0.02,0.98,2.83,14.894693714546571,,0.5981996119395356,-0.2231538730375207,1513465.1020383802,351179.72881324834,1162285.373225132,6.065312772461241,3.309659635403433,0.5197833333326156,-0.207,0.36218394491739353
Ye2024,2.13926707062392e+18,12736962.0,-4.806,0.0161,22.09,5695,0.651736,0.19,0.03,1.14,7.11,11.843039123414078,,1.8652306869718385,0.2707325518998172,932366.4772219168,413267.0549413797,519099.42228053726,5.7152505455413145,1.256087113825634,0.0990197602147249,-0.077,-0.050554043106243785
Ye2024,2.1392891639356058e+18,12691270.0,-4.6507,0.0079,5.6,6143,0.511194,-0.05,0.02,1.14,2.56,11.843039123414078,,0.4728516001377227,-0.3252751369654173,1804819.59674867,704827.1633362618,1099992.4334124085,6.041389697759552,1.5606555629973922,0.1933070647566312,0.371,0.11682556576662159
Ye2024,2.139303075330918e+18,12783625.0,-4.9668,0.0109,9.97,6076,0.531548,-0.03,0.02,1.22,4.08,10.648698264908193,,0.9362646731061224,-0.0286013629917169,834224.225453898,652386.9192571156,181837.3061967824,5.2596829889700025,0.2787261682129429,-0.5548222556247739,0.304,-0.25025546129528964
Ye2024,2.1437576135503158e+18,11122614.0,-4.8083,0.0114,9.9,6118,0.518763,0.19,0.03,1.24,2.44,10.377405303719264,,0.9539956964436804,-0.0204535844311017,1235235.1093712987,684852.0848185548,550383.0245527439,5.740665030502233,0.8036524042977291,-0.0949317516708164,0.346,-0.07145831894125779
