source,Gaia_id,KIC_id,logRHK,e_logRHK,Prot,Teff,BV,FeH_native,e_FeH_native,Mass,Age,tau_conv,tau_Noyes1984,Ro,log_Ro,F_Ca,F_bas,delta_F,log_dF,epsilon,log_epsilon,dTeff
Ye2024,2051017003207761152,1570554,-4.8372,0.0103,9.85,6119,0.51846,-0.16,0.03,1.06,3.37,13.24184353201083,,0.7438541299924449,-0.1285122213768092,1156467.811643526,685641.6557774318,470826.15586609417,5.672860581258875,0.6866942110339493,-0.16323661377749837,0.347
Ye2024,2051019683267537024,1718958,-4.5661,0.0073,9.35,5986,0.559245,-0.17,0.02,1.02,3.03,14.032847450821215,,0.6662938532445052,-0.1763341932068845,1977236.3527413816,587237.5568517589,1389998.7958896228,6.1430144240391895,2.3670127696558607,0.37420060088477214,0.214
Ye2024,2051029956829203200,1718401,-4.8254,0.0097,7.11,6211,0.490763,-0.15,0.02,1.12,2.22,12.171862643132958,,0.5841340975048938,-0.23348744206365904,1261414.6007620897,761708.4635443493,499706.1372177404,5.698714683329782,0.656033326572911,-0.18307409785135068,0.439
Ye2024,2051081290279704448,2010152,-4.8859,0.013,18.45,5605,0.681301,-0.36,0.04,0.84,12.4,18.60920008626386,,0.991445087079193,-0.0037313349522958353,727803.6082167808,369367.00619126,358436.6020255208,5.554412351565042,0.9704077408579386,-0.013045747798450214,-0.167
Ye2024,2051090395610781696,2299081,-5.0381,0.0118,7.19,6190,0.497049,0.01,0.02,1.26,3.14,10.115976103458719,,0.7107569182119452,-0.1482789043752622,762560.5478957166,743736.4656110334,18824.082284683245,4.274713812579874,0.025310151048218266,-1.5967052630119571,0.418
Ye2024,2051098882465737856,2297426,-4.9464,0.0135,25.58,5797,0.618789,-0.38,0.04,0.9,10.48,16.867395843027396,,1.5165352279661,0.1808525030961309,724477.5599138491,468363.74250485474,256113.81740899436,5.408433009404019,0.5468267377813509,-0.2621502582099194,0.025
Ye2024,2051374962963038464,3109550,-4.9161,0.0098,30.17,5302,0.784446,0.12,0.02,0.9,7.52,16.867395843027396,,1.788657850967054,0.2525272731284843,543588.9629418744,249631.88143516568,293957.08150670875,5.468283926924292,1.177562256137765,0.070983876974917,-0.47
Ye2024,2051666432326307712,2451643,-5.0099,0.0138,21.93,5532,0.705632,0.04,0.03,0.96,5.04,15.354869714245666,,1.4282114018625751,0.15479249586256594,519087.32249663287,336759.07553592906,182328.2469607038,5.260853956361242,0.5414204403267852,-0.266465352271535,-0.24
Ye2024,2051713848758510976,1435930,-5.1003,0.0117,19.78,5828,0.608891,0.26,0.02,1.2,4.45,10.930356368792774,,1.8096390760390775,0.25759196552397523,519266.02607331704,486309.52832668595,32956.497746631096,4.517941053445966,0.06776856266836717,-1.1689717253945988,0.056
Ye2024,2051744433230856192,1295597,-4.7987,0.0121,13.15,5863,0.597778,-0.2,0.04,0.96,4.08,15.354869714245666,,0.8564058337662044,-0.0673203829891803,1065102.2775710437,507277.0960169975,557825.1815540462,5.746498115457319,1.0996459054310526,0.041252861454496685,0.091
Ye2024,2051758829961425664,1868918,-5.013,0.009,12.42,6052,0.538894,0.0,0.01,1.1,3.94,12.514101920504952,,0.9924803297030239,-0.003278091905994802,738256.7288353015,634435.361771938,103821.36706336343,5.0162867431343,0.16364372687770254,-0.7861006382913004,0.28
Ye2024,2051929181244480384,3240623,-4.556,0.0056,12.1,5546,0.700941,-0.17,0.01,0.86,9.98,18.000329833835156,,0.6722099045793968,-0.17249509277030886,1491183.870961989,342813.60565141373,1148370.2653105753,6.060081938806424,3.3498386481144595,0.5250238888514295,-0.226
Ye2024,2051940215021017856,3120146,-4.7911,0.0176,17.0,5866,0.596829,0.07,0.03,1.18,5.16,11.222913527863295,,1.514758173783826,0.18034330467055407,1086125.4025728693,509109.8661951929,577015.5363776764,5.761187506868478,1.133381171121222,0.0543759934245191,0.094
Ye2024,2052029756501353344,2452977,-5.0943,0.0117,20.07,5198,0.821212,0.11,0.02,0.88,7.07,17.42033268532819,,1.152101992684871,0.061490927784693214,333163.0561583663,217092.9598754994,116070.09628286693,5.0647203446985145,0.5346561968174001,-0.2719253952146906,-0.574
Ye2024,2052030512417875072,2585767,-4.6891,0.0139,9.83,5344,0.769801,0.21,0.03,0.96,1.67,15.354869714245666,,0.6401877829598319,-0.1936926179828213,946188.2149769439,263911.5933629044,682276.6216140395,5.8339604903214335,2.5852468734703975,0.4125020215756365,-0.428
Ye2024,2052162312063747200,3864237,-5.0455,0.0139,24.52,5825,0.609846,-0.14,0.03,1.0,8.14,14.454397707459272,,1.6963695406932326,0.22952046584637753,587889.164121078,484547.44106938195,103341.72305169603,5.014275698409615,0.213274726667886,-0.671060605961682,0.053
Ye2024,2052369402515399552,4164511,-4.5256,0.0106,4.16,6358,0.447348,-0.49,0.03,1.08,4.6,12.87049780038931,,0.32321982137118016,-0.49050201408504224,2762446.2143922662,898275.7824240633,1864170.4319682028,6.270485615249557,2.0752762886889835,0.31707592401933976,0.586
Ye2024,2052502134185030272,4753787,-4.9036,0.0103,6.81,6192,0.496449,0.2,0.02,1.32,2.24,9.386296808958306,,0.7255257465862914,-0.13934717123182455,1040723.898006807,745432.2554732389,295291.6425335681,5.470251155556623,0.39613478000908575,-0.40215702555097155,0.42
Ye2024,2052512716984478848,4930802,-4.979,0.0159,16.64,5848,0.602533,0.05,0.03,1.14,6.52,11.843039123414078,,1.4050447546949476,0.14769015798308746,696051.2094370694,498197.92670155666,197853.2827355127,5.296343260374559,0.3971379087132088,-0.40105865547156005,0.076
Ye2024,2052562950915998848,2714250,-4.9577,0.0189,23.54,5209,0.817289,0.11,0.03,0.88,6.11,17.42033268532819,,1.3512945145890316,0.13075001380462356,460181.5116279195,220352.62063321366,239828.89099470584,5.3799014992123615,1.0883868333651963,0.036783279311847265,-0.563
Ye2024,2052582673406245248,2851750,-4.8729,0.0176,13.59,6185,0.498548,-0.16,0.04,1.16,4.07,11.52693877886925,,1.1789773729789106,0.07150547016319882,1111912.3462175808,739511.467544,372400.8786735808,5.571010697021006,0.5035768815193166,-0.29793421593322467,0.413
Ye2024,2052605144675382912,2571841,-4.8342,0.0149,11.24,6122,0.51755,-0.01,0.03,1.14,2.47,11.843039123414078,,0.9490807117050006,-0.022696852738575413,1166769.418782936,688015.0575549239,478754.361228012,5.680112743214033,0.6958486678030201,-0.15748519987824436,0.35
Ye2024,2052660876170760704,2853765,-5.014,0.0097,25.01,5643,0.66876,-0.19,0.02,0.94,4.45,15.836148205371112,,1.5792981775402566,0.19846413421021955,556739.3751795933,387387.7242135618,169351.65096603154,5.228789434827371,0.43716318401630655,-0.3593564195764203,-0.129
Ye2024,2052679705307348480,3116513,-4.7942,0.0107,10.96,5984,0.559865,-0.21,0.03,1.0,2.61,14.454397707459272,,0.7582467441271546,-0.12018944585164949,1167825.8280976166,585855.7182817529,581970.1098158637,5.764900679709363,0.9933676358450758,-0.0028899935282924697,0.212
Ye2024,2052681388934740352,3342952,-4.851,0.0096,21.81,5419,0.743935,0.18,0.02,0.96,4.39,15.354869714245666,,1.420396291592465,0.15240952976374325,689109.6643446924,291158.86292142177,397950.8014232706,5.5998293836538,1.3667823724489196,0.1356993690164452,-0.353
Ye2024,2052696679018875392,3344810,-4.8718,0.0163,37.45,5592,0.68561,-0.4,0.03,0.84,12.58,18.60920008626386,,2.012445447756953,0.3037241165881103,744869.8359806234,363369.5217540937,381500.3142265297,5.581494900002018,1.0498962939569427,0.021146402701764058,-0.18
Ye2024,2052731863391554176,3341897,-4.5024,0.0095,5.32,6077,0.531243,-0.39,0.03,1.02,7.05,14.032847450821215,,0.3791105132899217,-0.4212341717843541,2432028.6235025753,653144.2626143539,1778884.3608882213,6.25014771702127,2.723570369841181,0.4351386007726916,0.305
Ye2024,2052733748878002688,3443669,-4.9958,0.0118,10.55,6119,0.51846,-0.02,0.02,1.14,3.26,11.843039123414078,,0.8908186395451742,-0.0502107043379062,802663.5645377513,685641.6557774318,117021.90876031946,5.06826717766902,0.17067502794536493,-0.767830017367354,0.347
Ye2024,2052795703786493440,4263194,-4.8543,0.011,21.48,5728,0.641013,-0.07,0.02,0.96,6.6,15.354869714245666,,1.3989047383496631,0.145788141212561,853736.3516005755,430448.5166604475,423287.83494012797,5.626635787268501,0.983364603563106,-0.007285428295081146,-0.044
Ye2024,2052798177683350656,2708367,-4.8411,0.0115,10.07,6085,0.528801,0.07,0.02,1.14,3.04,11.843039123414078,,0.8502885023905121,-0.0704336934179997,1120866.958226983,659230.2189409221,461636.7392860609,5.664300364779984,0.7002663500888924,-0.15473674231090848,0.313
Ye2024,2052822916695702784,3337693,-4.9853,0.0101,15.89,6051,0.5392,-0.17,0.02,1.1,6.21,12.514101920504952,,1.2697675071643357,0.10372420946082336,786358.0704720998,633696.6746806252,152661.3957914746,5.183729228841885,0.24090610206912313,-0.6181521993317309,0.279
Ye2024,2052829685564350592,3439745,-4.7692,0.0137,11.92,5970,0.564212,-0.06,0.03,1.04,4.94,13.628989336448337,,0.8746063046745554,-0.05818739633085915,1225487.9947854301,576260.7424817974,649227.2523036328,5.812396741709764,1.1266206500682117,0.05177770724771174,0.198
Ye2024,2052847209030489984,3643461,-4.6468,0.01,18.22,6243,0.481225,-0.13,0.03,1.2,3.42,10.930356368792774,,1.6669172884444887,0.22191405089979402,1942607.5681086697,789810.6967246366,1152796.871384033,6.061752789160466,1.459586298545599,0.16422977789487875,0.471
Ye2024,2052863220669445760,3744244,-4.759,0.0069,15.69,5933,0.575751,-0.11,0.02,1.0,6.37,14.454397707459272,,1.0854827933718116,0.035622943586936795,1223796.2835105034,551549.0689127453,672247.214597758,5.827529011434827,1.2188348281014088,0.0859448556557786,0.161
Ye2024,2052865797649964672,3847938,-4.5196,0.0046,2.74,6100,0.524231,0.09,0.01,1.28,3.38,9.863939442164517,,0.27777948314317125,-0.5562998345046637,2373182.1694305907,670772.6351721669,1702409.5342584238,6.231064042866028,2.537982984087398,0.40448870604012005,0.328
Ye2024,2052869267982680192,3337168,-5.044,0.0112,19.94,5798,0.618469,0.28,0.02,1.24,4.5,10.377405303719263,,1.9214822411198977,0.2836363749469853,579061.3529297644,468933.63864450395,110127.71428526047,5.041896625479891,0.23484711952760484,-0.6292147622039098,0.026
Ye2024,2052881603129014528,3641130,-4.7733,0.0087,14.59,5720,0.643607,-0.01,0.02,1.0,3.55,14.454397707459272,,1.0093813865707286,0.004055291893451738,1023047.6257066823,426228.02627063094,596819.5994360514,5.77584307684256,1.4002354670528032,0.14620107385173928,-0.052
Ye2024,2052906891896834816,3846936,-4.6019,0.0073,4.22,6335,0.454074,-0.04,0.02,1.22,1.63,10.648698264908191,,0.39629256976006383,-0.40198407034169886,2284011.1173966792,875615.9530850685,1408395.1643116106,6.148724525261829,1.6084622023495512,0.2064108597646339,0.563
Ye2024,2052940495721493504,3746157,-4.7998,0.0081,46.06,5652,0.665803,-0.07,0.02,0.96,11.55,15.354869714245666,,2.9996998253438307,0.4770777978132553,917530.1611431206,391764.5905096211,525765.5706334995,5.720792143251036,1.3420446445901741,0.12776696335656446,-0.12
Ye2024,2052942797824072448,3745516,-4.7062,0.0081,18.96,5730,0.640365,0.03,0.02,1.02,3.98,14.032847450821215,,1.3511156639054351,0.13069252892264516,1202348.1084838973,431509.22517401347,770838.8833098838,5.886963613587209,1.7863786874985808,0.2519735287171121,-0.042
Ye2024,2052946611754933120,3746248,-4.4246,0.0076,1.4,6346,0.450854,0.01,0.03,1.22,1.45,10.648698264908191,,0.13147146864077947,-0.8811684856251347,3459489.4273562827,886391.2856478281,2573098.1417084546,6.410456351149941,2.9028919658521684,0.4628308734109667,0.574
Ye2024,2052961725738200192,4054425,-4.7138,0.007,4.63,6322,0.457887,-0.14,0.02,1.28,2.8,9.863939442164517,,0.4693864988879134,-0.3284694063070986,1750772.4446107,863026.5671272371,887745.8774834629,5.948288664200529,1.0286425833198962,0.01226449910042173,0.55
Ye2024,2052985953656353792,4464689,-4.7733,0.0102,3.18,6444,0.44,0.09,0.02,1.38,1.03,8.730003855438706,,0.36426100751592355,-0.4385873155190048,1647911.4207880707,987521.3615147399,660390.0592733307,5.819800527287256,0.6687349610952934,-0.17474597153036733,0.672
Ye2024,2053066183645759616,4743582,-4.8209,0.0119,5.06,6313,0.460531,-0.19,0.03,1.16,2.53,11.52693877886925,,0.43897170767279525,-0.3575634697294964,1360363.2591211365,854402.1150253027,505961.14409583376,5.704117165945102,0.5921815210872341,-0.2275451488127418,0.541
Ye2024,2053089101591239168,3958877,-5.0313,0.0129,23.76,5806,0.61591,0.08,0.03,1.2,5.3,10.930356368792774,,2.1737626110560404,0.3372121145719706,599542.3454956827,473514.27049042034,126028.07500526233,5.100467302749942,0.26615475574734976,-0.5748657692944252,0.034
Ye2024,2053110748226561024,4160772,-5.0268,0.0129,15.65,5861,0.598411,0.15,0.02,1.1,3.22,12.514101920504952,,1.2505891433053402,0.09711465413591114,629069.4897493013,506058.3973044646,123011.09244483674,5.089944275426182,0.243076872353189,-0.6142563603142308,0.089
Ye2024,2053123426970432000,4268371,-4.8222,0.015,15.19,5670,0.659901,0.05,0.02,1.0,4.33,14.454397707459272,,1.0508912448258647,0.021557773862786418,882559.4554522623,400645.7730953503,481913.682356912,5.6829692568422985,1.2028422979074351,0.0802086916473073,-0.102
Ye2024,2053151155279948288,4059778,-4.6929,0.0116,13.6,5527,0.70731,-0.02,0.03,0.92,8.14,16.339848430570573,,0.8323210620825263,-0.07970911530279322,1073172.6472428888,334619.0988551848,738553.548387704,5.868381989053793,2.207147024525735,0.3438312637522766,-0.245
Ye2024,2053159710854906368,4367689,-4.8762,0.0079,8.36,6218,0.488672,-0.15,0.02,1.12,2.49,12.171862643132958,,0.6868299655613096,-0.163150765354409,1127235.3699907616,767781.3522510945,359454.0177396671,5.555643342231642,0.468172373144733,-0.3295942176039278,0.446
Ye2024,2053163451761824256,4367157,-4.9638,0.0123,19.39,5677,0.657612,0.06,0.03,1.0,3.64,14.454397707459272,,1.3414602526118182,0.1275778090787055,640158.2009443715,404145.9251118225,236012.27583254903,5.372934592748428,0.583977868308946,-0.23360361154073406,-0.095
Ye2024,2053177406120363136,4563261,-4.689,0.0069,9.03,6040,0.542577,0.0,0.02,1.1,2.34,12.514101920504952,,0.7215859401947106,-0.14171193743305044,1544398.9266120363,625619.7023181735,918779.2242938628,5.963211166239417,1.4685906164550364,0.16690074896043974,0.268
Ye2024,2053200220987322112,4838854,-4.5949,0.0141,3.79,6416,0.44,0.02,0.04,1.34,1.72,9.159880552148511,,0.4137608540223846,-0.38325060039399067,2442132.1314533777,957665.1967956569,1484466.9346577208,6.171570528469198,1.5500896760420446,0.1903568237726447,0.644
Ye2024,2053223585607386112,4660134,-4.6355,0.0141,6.49,6460,0.44,-0.2,0.04,1.38,2.29,8.730003855438706,,0.7434131882950766,-0.1287697387030683,2285818.843694609,1004937.9611988947,1280880.8824957144,6.107508743733612,1.2745870212402155,0.1053694918682671,0.688
Ye2024,2053234683802989312,4752155,-4.8019,0.0122,24.86,5692,0.652714,0.19,0.02,1.16,5.92,11.52693877886925,,2.1566870855228637,0.33378713773633045,939228.5863217353,411734.7138727199,527493.8724490154,5.722217419084353,1.281149863433862,0.10759993462801375,-0.08
Ye2024,2053259349793936128,4929905,-4.5399,0.0118,9.88,5959,0.567635,-0.14,0.03,1.02,4.27,14.032847450821215,,0.7040623818241404,-0.15238885949177408,2062553.7655372133,568816.7377205006,1493737.0278167129,6.174274146729313,2.6260426755421715,0.41930177948456543,0.187
Ye2024,2053293954352933504,5015027,-4.792,0.0111,26.84,5466,0.727908,-0.1,0.02,0.88,6.59,17.42033268532819,,1.540728325045438,0.18772606679416218,817128.2890129995,309436.0245377289,507692.2644752706,5.705600546265944,1.64070187119848,0.21502967340161575,-0.306
Ye2024,2053446820826867456,5098483,-4.7543,0.0085,2.74,6458,0.44,-0.07,0.01,1.28,1.6,9.863939442164517,,0.27777948314317125,-0.5562998345046637,1736616.4052667608,1002746.5739153048,733869.831351456,5.865619034658489,0.7318597245224205,-0.13557215214356735,0.686
Ye2024,2053449810123926016,5009366,-4.7735,0.009,6.64,6228,0.48569,-0.12,0.02,1.26,3.35,10.115976103458719,,0.6563874738424639,-0.1828397153901274,1437163.4120458814,776528.9608050457,660634.4512408357,5.819961217847158,0.8507531394011894,-0.0701964396202254,0.456
Ye2024,2053451906068045184,5097889,-4.735,0.0094,6.32,6366,0.445014,-0.17,0.02,1.3,2.78,9.620852087644154,,0.6569064717372212,-0.18249645951157123,1714266.2453058641,906274.5237101548,807991.7215957093,5.907406911166022,0.8915529461072236,-0.049852860543118285,0.594
Ye2024,2053458331339758848,5185653,-4.9415,0.01,10.2,6068,0.533993,0.0,0.02,1.12,2.22,12.171862643132958,,0.8379982833403538,-0.07675687103150786,879617.8321946427,646355.2540288954,233262.57816574734,5.36784507141401,0.36088911896633136,-0.4426262119945756,0.296
Ye2024,2053552545741745536,5880107,-4.6315,0.0134,9.09,5871,0.595248,0.02,0.03,1.24,4.64,10.377405303719263,,0.8759415030982883,-0.05752489580668421,1573838.1126378612,512177.1116503118,1061661.0009875493,6.025985864294179,2.07283960340734,0.31656569763164977,0.099
Ye2024,2053560482841892224,5793668,-4.8686,0.0096,11.51,6036,0.543807,-0.15,0.02,1.02,3.85,14.032847450821215,,0.8202184225501877,-0.08607048044961046,1018611.7017987339,622704.6076808593,395907.0941178746,5.597593283789698,0.6357863571820235,-0.1966887954903466,0.264
Ye2024,2053585565450552960,5792108,-4.5728,0.0118,13.33,5298,0.785846,0.14,0.02,0.92,6.01,16.339848430570573,,0.8157970409970644,-0.08841787425915153,1194701.8947548268,248307.1786960466,946394.7160587802,5.976072306859814,3.811386851675618,0.5810830314332679,-0.474
Ye2024,2053596904164155136,5876824,-4.7809,0.0097,9.61,6077,0.531243,0.0,0.02,1.12,1.67,12.171862643132958,,0.7895258336177254,-0.10263365512488007,1280762.7324229057,653144.2626143539,627618.4698085518,5.797695715695503,0.9609185990494207,-0.017313400553075373,0.305
Ye2024,2073620179154347776,5563209,-4.7388,0.0068,10.89,5859,0.599045,-0.1,0.01,0.98,5.05,14.894693714546571,,0.7311328590372103,-0.13600369731862055,1219286.3971222625,504842.2119928088,714444.1851294537,5.853968305853201,1.4151831367453689,0.15081264490020613,0.087
Ye2024,2073715218180578944,4944361,-4.9959,0.0104,7.17,6294,0.466125,0.01,0.02,1.24,1.71,10.377405303719263,,0.6909241559092109,-0.1605696233608516,898294.3972102153,836437.5224643346,61856.87474588072,4.791387973945441,0.07395277361976342,-1.1310455330238292,0.522
Ye2024,2073721918329986688,5207287,-4.6814,0.0053,12.25,5661,0.66285,0.16,0.01,1.04,2.43,13.628989336448337,,0.8988193986798073,-0.0463275630345255,1212786.5060017488,396183.8262005124,816602.6798012364,5.912010800790235,2.0611711680222555,0.31411405885384736,-0.111
Ye2024,2073731092380226816,5383022,-4.9398,0.0113,7.1,6221,0.487777,0.12,0.02,1.22,1.33,10.648698264908191,,0.6667481623925244,-0.17603817258429744,975556.758513097,770396.7100207937,205160.04849230323,5.312092793044999,0.2663044192994617,-0.5746216264208226,0.449
Ye2024,2073760641755941888,5555994,-4.8559,0.0123,5.01,6358,0.447348,0.06,0.02,1.38,2.12,8.730003855438706,,0.5738829080675398,-0.24117670963619184,1291200.9322487984,898275.7824240633,392925.1498247351,5.5943098274387895,0.4374215107574176,-0.3590998637914274,0.586
Ye2024,2073764902363534720,5641801,-4.5791,0.0102,13.98,5591,0.685942,0.04,0.02,0.96,3.91,15.354869714245666,,0.9104603464677975,-0.04073896440529438,1460392.8757482613,362911.658778322,1097481.2169699394,6.0403970961705475,3.0241001919431745,0.4805961757469034,-0.181
Ye2024,2073893235988180096,6147648,-4.9074,0.0099,26.09,5736,0.638422,-0.02,0.02,1.02,8.3,14.032847450821215,,1.8592092653635446,0.2693282750208185,759710.8120921989,434704.8200835606,325005.9920086383,5.511891367970561,0.7476475460892391,-0.12630308778063243,-0.036
Ye2024,2075320432133385344,5988029,-4.7195,0.016,13.24,5904,0.584845,0.06,0.03,1.08,2.05,12.87049780038931,,1.0287092391717367,0.012292640391896092,1314307.9409614354,532821.522470877,781486.4184905584,5.892921434785327,1.4666945412913062,0.16633967563968155,0.132
Ye2024,2076007420741352832,8054618,-5.0633,0.0195,29.18,5143,0.840955,0.13,0.03,0.88,4.06,17.42033268532819,,1.675054117914526,0.22402884285464048,342908.17105394905,201407.8977720285,141500.27328192056,5.150757278621549,0.7025557331524469,-0.15331921784213356,-0.629
Ye2024,2076012922605159040,8124732,-4.4374,0.0098,16.64,5572,0.69226,0.01,0.04,0.96,2.44,15.354869714245666,,1.083695290788566,0.034907186139748206,1996439.5631618677,354305.8390302728,1642133.7241315949,6.215408520193741,4.634791593122141,0.6660302105426651,-0.2
Ye2024,2076109232948658688,8260135,-5.134,0.0127,32.33,5482,0.722483,0.4,0.02,1.0,8.81,14.454397707459272,,2.236689528980922,0.3496057046115561,376155.8855587716,315878.5748837278,60277.31067504379,4.780153867646527,0.1908243086674408,-0.7193663023380041,-0.29
Ye2024,2076154587804309504,8716080,-4.6559,0.007,5.12,6162,0.505463,-0.04,0.01,1.12,3.06,12.171862643132958,,0.42064227555907957,-0.3760870818175946,1805504.2395754294,720340.6817630108,1085163.5578124186,6.035495200767112,1.5064587982959887,0.17795725820161545,0.39
Ye2024,2076324874666583936,4851239,-4.6144,0.0075,8.04,5683,0.655651,-0.07,0.02,0.96,4.05,15.354869714245666,,0.5236123880973599,-0.28099008706650574,1437217.0503829455,407166.909043728,1030050.1413392174,6.012858366041982,2.5297982681313482,0.4030858909266328,-0.089
Ye2024,2076371706991498368,4850194,-4.7053,0.0077,21.94,5860,0.598728,-0.12,0.02,0.98,3.09,14.894693714546571,,1.4730077986479702,0.16820504616429688,1317959.9121384243,505449.9907441835,812509.9213942408,5.90982867276533,1.6074981427894919,0.20615047983778917,0.088
Ye2024,2076372222387623808,4850488,-4.6187,0.0117,8.78,5766,0.628741,0.24,0.02,1.1,3.58,12.514101920504952,,0.7016084778415901,-0.1539051718404537,1508031.068012323,450989.2586418569,1057041.809370466,6.024092165377232,2.3438292356534642,0.3699259671092991,-0.006
Ye2024,2076373974734337152,4938988,-4.7292,0.0085,8.92,6198,0.494651,-0.28,0.02,1.18,4.0,11.222913527863295,,0.7948025241265723,-0.09974076233159679,1561054.3515194722,750539.5489695796,810514.8025498926,5.908760950840342,1.0799095179763056,0.033387368922329436,0.426
Ye2024,2076656239982246400,5631073,-4.5909,0.005,6.94,5499,0.716736,0.09,0.01,0.96,3.78,15.354869714245666,,0.4519738772880197,-0.34488666536010204,1329984.6094529652,322849.5785098138,1007135.0309431513,6.003087702194182,3.11951787452167,0.49408747843693435,-0.273
Ye2024,2076659607236627200,5716461,-4.7986,0.0078,19.36,5550,0.699603,0.01,0.02,0.96,11.99,15.354869714245666,,1.260837790244389,0.10065921715741785,855428.4088463137,344560.5333574476,510867.8754888661,5.708308594135462,1.4826650937380894,0.171043063120595,-0.222
Ye2024,2076768523304406912,5726373,-4.8265,0.0122,28.38,5413,0.745991,-0.2,0.03,0.86,6.15,18.000329833835156,,1.5766377761953125,0.19773192803469627,725878.3527256572,288893.71320242377,436984.6395232334,5.640466171323869,1.512613876844888,0.1797280803318842,-0.359
Ye2024,2076778109671410688,5810714,-4.6395,0.0086,12.61,5608,0.680308,0.05,0.02,0.98,1.95,14.894693714546571,,0.8466102252028669,-0.07231649050131395,1286304.403695766,370763.04046364006,915541.363232126,5.961677970066078,2.4693436597327483,0.39258153510793037,-0.164
Ye2024,2076786596526776448,5896387,-4.5368,0.0111,10.98,5795,0.61943,-0.05,0.04,1.02,4.42,14.032847450821215,,0.7824498939705526,-0.10654346396532917,1857913.5316774324,467225.7330819069,1390687.7985955253,6.143229644323206,2.976479461912966,0.47370289021092327,0.023
Ye2024,2076798897308581248,5636407,-4.939,0.0136,17.27,5921,0.579508,-0.01,0.02,1.06,0.7,13.24184353201083,,1.3041990685248248,0.11534388569303786,802032.5255025196,543732.360007474,258300.1654950456,5.412124684429461,0.47505019839447316,-0.32326049619864206,0.149
Ye2024,2076802986117444736,5722734,-4.8682,0.0098,14.63,6015,0.550275,-0.06,0.02,1.06,1.47,13.24184353201083,,1.1048310580496925,0.04329587425088997,1005435.611262348,607590.8196722509,397844.7915900971,5.599713676841017,0.6547906563247683,-0.18389752647381985,0.243
Ye2024,2076813813743784576,5807205,-4.8802,0.0126,18.58,6226,0.486286,-0.25,0.03,1.14,5.26,11.843039123414078,,1.5688540590283728,0.19558254568600522,1122659.878131392,774772.6300459836,347887.24808540836,5.5414385098408925,0.4490185050351622,-0.34773576040190524,0.454
Ye2024,2076856591619123456,6223262,-4.7378,0.0103,6.71,6209,0.49136,0.15,0.03,1.24,2.12,10.377405303719263,,0.6465970831451611,-0.18936625885965963,1541339.740503398,759980.9424821255,781358.7980212725,5.8928505066279815,1.0281294626537951,0.012047804713799997,0.437
Ye2024,2076866109263663104,5982605,-4.7826,0.0066,16.51,5938,0.574187,-0.1,0.01,1.04,1.56,13.628989336448337,,1.211388430383969,0.08328342152771692,1162980.7056724436,554834.378000716,608146.3276717276,5.784008088572713,1.096086240840222,0.03984472608953103,0.166
Ye2024,2076874321241309568,6064684,-4.538,0.0113,6.67,5418,0.744278,-0.04,0.03,0.88,6.42,17.42033268532819,,0.3828859138618879,-0.4169306107862433,1415688.614811975,290780.28301815165,1124908.3317938233,6.0511171334534675,3.8685853116237667,0.5875521785385628,-0.354
Ye2024,2077015814643065472,6139884,-4.9422,0.0117,14.49,5683,0.655651,-0.08,0.02,0.94,4.39,15.836148205371112,,0.9149952256120878,-0.03858117204910844,675650.9018672047,407166.909043728,268483.99282347667,5.428918397910185,0.6593954146569475,-0.1808540772051637,-0.089
Ye2024,2077020899884321664,6220616,-4.7408,0.0093,2.84,6456,0.44,-0.09,0.02,1.24,1.78,10.377405303719263,,0.27367149271717695,-0.562770438981614,1789228.5667354323,1000559.2886695323,788669.2780659,5.8968949235871255,0.7882284308355304,-0.10334790449667311,0.684
Ye2024,2077050105662529408,6381167,-4.7751,0.0072,8.88,6304,0.463179,-0.02,0.02,1.32,2.51,9.386296808958306,,0.9460600043592171,-0.024081317366008652,1503060.8209463472,845851.7294111636,657209.0915351836,5.817703562639244,0.7769790717253686,-0.10959067895532208,0.532
Ye2024,2077108998255365376,6705706,-4.8239,0.0068,14.88,5819,0.611759,0.1,0.01,1.06,1.94,13.24184353201083,,1.123710604496201,0.050654479335438964,975225.762266668,481039.6980321765,494186.06423449155,5.693890494381732,1.0273290671354025,0.011709576168188655,0.047
Ye2024,2077202899112324736,7051138,-4.7991,0.0112,3.97,6372,0.443266,0.1,0.03,1.38,1.64,8.730003855438706,,0.45475352196170327,-0.3422239287403224,1484618.2849697624,912313.6194376366,572304.6655321259,5.757627286370731,0.6273113251174556,-0.20251687188938292,0.6
Ye2024,2077231799960705792,7215936,-4.5766,0.0054,4.24,6214,0.489866,-0.07,0.01,1.14,2.74,11.843039123414078,,0.35801621153284724,-0.44609730737888503,2241283.1819522255,764306.0632784909,1476977.1186737346,6.169373767274909,1.9324419753236566,0.2861064623962727,0.442
Ye2024,2077262208328885120,7462939,-4.6095,0.0083,4.46,6210,0.491062,0.06,0.02,1.2,1.11,10.930356368792774,,0.4080379311999133,-0.38929946302504354,2072421.7298858832,760844.2822603538,1311577.4476255295,6.117793940434052,1.7238447842823112,0.2364981591891649,0.438
Ye2024,2077263754516950656,7379202,-4.9178,0.0116,22.27,5418,0.744278,0.28,0.02,0.98,6.26,14.894693714546571,,1.4951633398309156,0.17468863995964265,590429.0800840093,290780.28301815165,299648.7970658577,5.476612538569435,1.0304990213079628,0.013047583654529992,-0.354
Ye2024,2077467748280897152,6295264,-4.848,0.0124,4.0,6409,0.44,-0.15,0.03,1.2,1.56,10.930356368792774,,0.36595330152458594,-0.43657433040922294,1357603.106145969,950323.3815159743,407279.7246299946,5.609892790394156,0.4285696138300776,-0.3679786242735158,0.637
Ye2024,2077510075175988096,6372282,-4.7313,0.0093,8.55,6014,0.550584,0.01,0.02,1.1,1.38,12.514101920504952,,0.6832292124767194,-0.16543357301838352,1377099.8522126172,606879.0388474129,770220.8133652043,5.886615250209235,1.2691504633740698,0.10351311266952021,0.242
Ye2024,2077629032893950976,6448262,-4.7299,0.01,18.34,6466,0.44,-0.13,0.03,1.36,2.24,8.941232764773126,,2.051171296228452,0.31200193043192953,1846097.0900253786,1011536.7995109312,834560.2905144474,5.921457716559811,0.8250419469839848,-0.0835239703827247,0.694
Ye2024,2077635629961702400,6611779,-4.6548,0.0059,11.04,5880,0.592405,-0.03,0.01,1.02,2.99,14.032847450821215,,0.786725576451266,-0.10417673068622224,1500793.8484647144,517738.12770392164,983055.7207607927,5.992578134854624,1.8987508706775633,0.2784679860178471,0.108
Ye2024,2077636484653433472,6696928,-4.9001,0.0115,29.17,5700,0.650107,0.05,0.02,1.24,5.2,10.377405303719263,,2.810914592450723,0.44884765009308103,753374.921657525,415831.8328655477,337543.0887919773,5.528329220219269,0.8117297958309899,-0.0905885122717942,-0.072
Ye2024,2077642227030650752,6208068,-4.8794,0.0114,5.14,6323,0.457593,-0.22,0.03,1.18,2.93,11.222913527863295,,0.4579915890146391,-0.3391424977124442,1196477.3012163336,863989.4347885464,332487.86642778723,5.521775801098949,0.38482862525878064,-0.4147326306842399,0.551
Ye2024,2077675555978115968,6611009,-4.5758,0.0114,3.96,6363,0.445889,-0.18,0.04,1.28,2.81,9.863939442164517,,0.4014623187032693,-0.39635521139953944,2468649.4806286204,903267.8627813399,1565381.6178472806,6.194620229628003,1.733020383374608,0.23880367081262144,0.591
Ye2024,2077743274717627520,6785377,-4.9219,0.0157,21.92,5847,0.60285,0.1,0.03,1.08,6.36,12.87049780038931,,1.7031198279942956,0.2312452051005466,793312.1612960689,497597.6395780854,295714.52171798353,5.4708726520443225,0.5942844141477858,-0.2260056595085285,0.075
Ye2024,2077787122047253504,6953889,-4.9433,0.015,11.74,5967,0.565145,-0.13,0.03,1.02,4.32,14.032847450821215,,0.8366085387262557,-0.07747770716780661,819098.042413446,574222.3164328769,244875.72598056914,5.388945736553126,0.4264475952480569,-0.3701343302477653,0.195
Ye2024,2077798873079160064,7037766,-4.8596,0.0172,26.46,5854,0.600629,-0.16,0.03,1.04,7.84,13.628989336448337,,1.941449901148384,0.28812618811640545,920073.6836846344,501812.716453145,418260.96723148937,5.6214473374304195,0.8335001356438184,-0.07909432515888283,0.082
Ye2024,2077809936914936704,7204303,-4.792,0.0147,21.56,5873,0.594615,-0.01,0.03,1.22,4.83,10.648698264908191,,2.0246606170680037,0.30635223521132837,1089059.8315580934,513408.4425005358,575651.3890575576,5.760159556960054,1.1212347546407104,0.04969655101720858,0.101
Ye2024,2077911401222508032,7212293,-4.5637,0.0113,6.76,5543,0.701945,0.18,0.02,1.06,8.64,13.24184353201083,,0.5105029359135967,-0.292001755932785,1461811.0855147382,341508.4029024102,1120302.682612328,6.0493353759101005,3.2804542233546945,0.5159339818332465,-0.229
Ye2024,2077961252897871488,7373425,-4.7207,0.009,2.18,6477,0.44,-0.2,0.01,1.26,2.03,10.115976103458719,,0.21550070677358005,-0.66655130115354,1898485.676378236,1023731.2821660324,874754.3942122036,5.941886132780916,0.8544765696339568,-0.06829984144902844,0.705
Ye2024,2078013106046948224,7457176,-4.7182,0.0096,4.81,6299,0.464651,-0.11,0.03,1.14,2.56,11.843039123414078,,0.4061457494040082,-0.391318087597786,1708040.5229152413,841133.3233836873,866907.199531554,5.9379726097156045,1.0306418440826768,0.013107770849000003,0.527
Ye2024,2078033928048785152,7695814,-4.6323,0.0128,6.26,5993,0.557076,-0.13,0.03,1.08,5.98,12.87049780038931,,0.48638367350567013,-0.3130210115013553,1705645.7930564042,592096.0417386078,1113549.7513177963,6.046709625267772,1.880691092019484,0.2743174675075525,0.221
Ye2024,2078074025864084736,7762928,-4.7931,0.016,5.18,6367,0.444723,-0.31,0.04,1.22,3.05,10.648698264908191,,0.486444433970884,-0.31296676155813974,1500552.2973306691,907278.6506715277,593273.6466591414,5.773255057313169,0.6539045597733688,-0.18448563422691563,0.595
Ye2024,2078176074286047488,7691197,-5.0322,0.0129,7.91,6223,0.48718,-0.16,0.03,1.1,1.79,12.514101920504952,,0.632086908852731,-0.19922320424887965,789606.9105281428,772144.5260210762,17462.38450706657,4.242103546789551,0.02261543521787516,-1.645595050150966,0.451
Ye2024,2078328322285882368,8240900,-4.6843,0.0122,10.65,6089,0.527581,-0.07,0.03,1.2,4.14,10.930356368792774,,0.97435066530921,-0.01128471396242886,1612484.8125087752,662291.4021511062,950193.410357669,5.977812014238075,1.4347059425374755,0.15676289715369285,0.317
Ye2024,2078373642776670080,8435766,-4.5817,0.0057,12.53,5075,0.865658,-0.03,0.01,0.84,0.24,18.60920008626386,,0.6733228694364384,-0.17177663445322502,985498.3987416195,183368.24500464395,802130.1537369756,5.904244842677728,4.37442237458651,0.6409207142517108,-0.697
Ye2024,2078538088495426432,7467708,-4.7754,0.0081,6.09,6411,0.44,-0.07,0.02,1.3,1.87,9.620852087644154,,0.6330000653290628,-0.19859624516108088,1606626.1971594605,952416.0972765677,654210.0998828928,5.815717244603316,0.6868952569718273,-0.1631094824269942,0.639
Ye2024,2078539802172458112,7467171,-4.6477,0.0071,4.27,6275,0.471736,-0.02,0.01,1.38,2.58,8.730003855438706,,0.4891177679537715,-0.3105865604784137,1978639.420251138,818798.0459974051,1159841.374253733,6.064398596988153,1.4165170275179295,0.15122179940896632,0.503
Ye2024,2078715041142719744,7380684,-4.4882,0.0093,2.74,6499,0.44,-0.35,0.03,1.26,2.53,10.115976103458719,,0.27085868649523365,-0.5672572319377568,3286986.228292254,1048499.1569803952,2238487.0713118585,6.349954590399547,2.134944083082094,0.32938650478169434,0.727
Ye2024,2078741876099629056,7771282,-4.9504,0.0112,11.6,6252,0.478551,-0.1,0.02,1.3,3.02,9.620852087644154,,1.2057144101505959,0.08124445143296226,971152.9059120849,797872.9358621334,173279.97004995146,5.238748364216945,0.21717740038733807,-0.6631853696804563,0.48
Ye2024,2078748949899958528,7770198,-4.8002,0.018,20.89,5463,0.728926,0.27,0.02,1.0,4.54,14.454397707459272,,1.4452348982496588,0.1599384399803087,800085.755979177,308240.68676996016,491845.0692092168,5.691828321905869,1.5956526517094107,0.2029383582780599,-0.309
Ye2024,2078759227767413632,7839375,-4.7465,0.0099,3.61,6372,0.443266,0.08,0.02,1.34,1.89,9.159880552148511,,0.3941099427495537,-0.4043826084564051,1675771.5195993988,912313.6194376366,763457.9001617623,5.882785093479484,0.8368371181747444,-0.07735906478063007,0.6
Ye2024,2078775372538763648,7768660,-4.9653,0.0129,40.37,5667,0.660884,0.14,0.02,1.06,7.72,13.24184353201083,,3.0486691601822336,0.4841102975358934,633467.8629661509,399153.690584336,234314.17238181486,5.369798557487586,0.5870274480959793,-0.23134159163495985,-0.105
Ye2024,2078843306046086400,7978967,-4.7212,0.006,18.32,5578,0.690263,-0.08,0.01,0.92,6.08,16.339848430570573,,1.1211854306876383,0.04967744565882082,1043099.593950873,357004.3393984444,686095.2545524286,5.836384415494868,1.9218120869581177,0.28371092048814917,-0.194
Ye2024,2078971708390521472,8703914,-4.725,0.0112,25.02,5431,0.73983,0.25,0.02,0.98,6.38,14.894693714546571,,1.679792849688797,0.2252557282830056,929246.5295079132,295734.9208162875,633511.6086916256,5.801754577458644,2.142160306747025,0.33085196777062237,-0.341
Ye2024,2079093513664130048,8517490,-4.785,0.0212,17.59,5390,0.753894,0.26,0.03,0.98,3.95,14.894693714546571,,1.180957483054594,0.07223426238306573,785175.6041658638,280350.1511392042,504825.4530266596,5.703141243681304,1.8006962042834609,0.25544044911479624,-0.382
Ye2024,2079119592702558080,8390367,-4.8337,0.0159,17.34,5792,0.620391,-0.02,0.03,1.0,5.56,14.454397707459272,,1.1996349035734362,0.0790490931401916,935892.4621024748,465523.1683286359,470369.29377383884,5.672438962770777,1.010410062860248,0.004497662787689739,0.02
Ye2024,2079128904192003584,8584920,-4.7877,0.0103,4.52,6302,0.463768,0.0,0.02,1.2,1.66,10.930356368792774,,0.413527230722782,-0.38349588692580333,1458227.6606730018,843961.6485850975,614266.0120879043,5.788356486065078,0.7278364047912862,-0.13796622574268946,0.53
Ye2024,2079147660303929472,8712683,-4.9171,0.0087,17.57,5788,0.621673,0.26,0.01,1.12,2.5,12.171862643132958,,1.443493121400982,0.1594147187018696,770239.5704787459,463261.3658131645,306978.20466558135,5.487107541830645,0.6626458136148291,-0.1787185414207042,0.016
Ye2024,2079147630249521408,8712626,-4.6087,0.0053,9.89,5744,0.635836,-0.07,0.01,0.98,4.04,14.894693714546571,,0.6639948554525261,-0.1778352854772161,1519740.5850347935,438997.189846952,1080743.3951878415,6.033722590083793,2.4618458162901273,0.3912608498823738,-0.028
Ye2024,2079150374726928768,8585664,-4.7816,0.0103,4.17,6367,0.444723,-0.06,0.02,1.38,3.07,8.730003855438706,,0.47766301928974875,-0.32087838052968004,1540817.2648654813,907278.6506715277,633538.6141939536,5.801773090285415,0.6982844947635836,-0.15596760125466919,0.595
Ye2024,2079152921649586816,8650925,-4.7538,0.0157,12.95,5906,0.584216,0.06,0.03,1.08,2.94,12.87049780038931,,1.0061770881626881,0.0026744237054856044,1216145.4159292255,534095.3175971321,682050.0983320934,5.833816275873622,1.2770194305402311,0.10619750533875101,0.134
Ye2024,2079157422775318656,8714686,-4.7035,0.0084,17.57,5513,0.712017,0.14,0.02,0.98,2.84,14.894693714546571,,1.1796147229829004,0.07174018442089948,1036725.3225737016,328689.1338668201,708036.1887068816,5.850055455647469,2.154121069891429,0.3332701086686229,-0.259
Ye2024,2079166837343948672,8911233,-4.6361,0.0169,12.45,5040,0.878502,-0.03,0.03,0.82,2.85,19.248913098918976,,0.6467897660517359,-0.18923686041440166,845734.1792737918,174636.60580531054,671097.5734684813,5.826785668512084,3.842823046026435,0.5846503865711307,-0.732
Ye2024,2079180203282106368,8979694,-4.7782,0.0091,8.25,6111,0.520888,-0.07,0.02,1.18,5.05,11.222913527863295,,0.735103231395092,-0.13365166815779478,1317834.4957903028,679346.903530359,638487.5922599437,5.8051524620295085,0.9398550121328559,-0.026939138195266422,0.339
Ye2024,2079220060579251200,9046116,-4.962,0.0111,10.95,6014,0.550584,0.26,0.03,1.24,3.09,10.377405303719263,,1.055177058187707,0.023325340147485416,809590.5527746866,606879.0388474129,202711.51392727369,5.306878417134381,0.33402292870794187,-0.4762237204053339,0.242
Ye2024,2079312793206585984,8837309,-4.7035,0.0089,11.29,5229,0.810177,0.05,0.02,0.9,2.6,16.867395843027396,,0.6693386522180323,-0.17435409512153638,839047.029023128,226386.96898558963,612660.0600375384,5.787219569134493,2.7062514365680497,0.43236814423542175,-0.543
Ye2024,2079362099431143808,8836192,-4.71,0.0128,12.78,5423,0.742566,-0.1,0.03,0.88,1.86,17.42033268532819,,0.7336254841311735,-0.134525590880411,956247.1512643654,292677.4154642975,663569.7358000679,5.821886570428345,2.2672392905595204,0.35549735915838504,-0.349
Ye2024,2079431613486358144,9111835,-5.0814,0.0121,27.02,5291,0.7883,-0.19,0.03,0.8,8.91,19.92161221406761,,1.356315930139423,0.13236086263946764,368436.6142953563,246003.4619095026,122433.15238585373,5.087899031769791,0.4976887375304225,-0.3030421870312086,-0.481
Ye2024,2079434946381021184,9175366,-4.8381,0.0077,24.68,5357,0.765292,-0.14,0.02,0.86,2.73,18.000329833835156,,1.3710859871916954,0.13706469227444518,677951.0256747932,268471.1399958322,409479.88567896094,5.612232573365832,1.5252286919380524,0.1833349664371742,-0.415
Ye2024,2079516550761250048,9544105,-4.6233,0.0106,4.34,6450,0.44,0.01,0.04,1.4,2.96,8.525863775948729,,0.5090393318555058,-0.29324865980887715,2336418.278331073,994021.981085604,1342396.297245469,6.127880745564424,1.350469429035557,0.13048475738578863,0.678
Ye2024,2079528542310126464,9605965,-4.5565,0.0068,2.9,6486,0.44,0.06,0.01,1.38,1.32,8.730003855438706,,0.3321877112566598,-0.47861643760448147,2786246.35905816,1033802.2131762296,1752444.1458819304,6.243644184971462,1.6951445097972486,0.2292067273959368,0.714
Ye2024,2079533283953836416,9666263,-4.8285,0.0097,4.26,6379,0.441228,-0.06,0.03,1.24,1.9,10.377405303719263,,0.4105072390757655,-0.38667917992593276,1393548.683090792,919402.8489452658,474145.8341455263,5.675911939192302,0.5157106427171332,-0.2875939059684447,0.607
Ye2024,2079590458557073536,8178763,-5.0704,0.0092,28.66,5576,0.690928,-0.07,0.01,0.92,6.47,16.339848430570573,,1.7539942381827356,0.24402816238831493,466125.429976981,356102.88640975975,110022.54356722126,5.041481681010397,0.30896279633246426,-0.5100938128737722,-0.196
Ye2024,2079636839900363776,8441053,-5.0451,0.011,9.99,6075,0.531853,0.09,0.02,1.24,3.6,10.377405303719263,,0.9626683845931684,-0.01652329080266934,696140.4436800553,651630.3296271437,44510.11405291164,4.648458707122035,0.06830577403967657,-1.16554258288393,0.303
Ye2024,2079731230404981376,8702518,-5.0405,0.0096,20.91,5837,0.606027,0.06,0.01,1.1,6.77,12.514101920504952,,1.6709149512149943,0.22295434507111567,599612.2679740661,491628.8244133474,107983.44356071868,5.033357172881215,0.21964424825898593,-0.6582801649554096,0.065
Ye2024,2079740644973391872,8831792,-4.8989,0.0152,8.79,6340,0.45261,0.05,0.03,1.34,2.19,9.159880552148511,,0.9596195004899104,-0.01790093528829116,1156295.3207243625,880499.8129961485,275795.507728214,5.4405871879285295,0.3132260832512186,-0.5041420801376855,0.568
Ye2024,2079804657166399744,9034074,-4.7039,0.0125,11.11,6286,0.468486,-0.34,0.04,1.18,4.01,11.222913527863295,,0.9899390182787239,-0.004391557766852276,1750689.9689738816,828971.0339173821,921718.9350564994,5.9645985093799805,1.1118831627937928,0.04605915377497115,0.514
Ye2024,2080050844690214784,9288124,-4.5441,0.0116,7.5,5765,0.629063,-0.1,0.03,0.96,5.11,15.354869714245666,,0.4884443918818656,-0.31118487242325693,1789406.3869686653,450438.1301781258,1338968.2567905395,6.126770281221032,2.9725908334204396,0.4731351342244719,-0.007
Ye2024,2080083280283466112,9472897,-4.7583,0.0137,19.79,5552,0.698934,-0.08,0.03,0.9,7.66,16.867395843027396,,1.1732694355531321,0.06939775715989208,939960.4194947687,345436.858172334,594523.5613224348,5.77416907064446,1.721077375668565,0.2358003956445299,-0.22
Ye2024,2080221853109511168,9601150,-4.7073,0.0118,3.58,6304,0.463179,0.07,0.03,1.36,2.28,8.941232764773126,,0.40039221594862917,-0.39751437425819836,1757019.391091616,845851.7294111636,911167.6616804523,5.959598297766659,1.0772191271805498,0.032304056172092935,0.532
Ye2024,2080274384847296768,9724820,-4.5757,0.0054,4.13,6074,0.532159,-0.17,0.01,1.04,3.55,13.628989336448337,,0.303030540126335,-0.5185136000786758,2050269.1969854978,650874.4930981946,1399394.7038873034,6.145940225959663,2.1500223449011124,0.3324429735048258,0.302
Ye2024,2080280505181458432,9664850,-5.0329,0.0256,20.84,5777,0.625204,0.12,0.03,1.06,5.63,13.24184353201083,,1.5737989917809698,0.19694926275306593,585492.3254694848,457089.9695452686,128402.35592421616,5.108572992233616,0.2809126528240293,-0.5514286989333421,0.005
Ye2024,2080338603198292608,9843813,-4.8556,0.0088,4.82,6236,0.483307,0.03,0.01,1.4,3.23,8.525863775948729,,0.5653386127980502,-0.24769135108253826,1195738.362195496,783588.4951471986,412149.8670482974,5.615055164084611,0.5259774353512864,-0.2790328868588561,0.464
Ye2024,2080410522431240832,9659246,-4.9908,0.0164,26.74,5903,0.585159,-0.12,0.03,1.12,5.88,12.171862643132958,,2.196870009462849,0.3418043601325401,703238.8733946424,532185.6031551067,171053.27023953572,5.233131381551823,0.3214165682525648,-0.4929317401575993,0.131
Ye2024,2080412442273275136,9658824,-4.8338,0.0184,18.83,5433,0.739147,0.14,0.03,0.96,5.62,15.354869714245666,,1.2263210532180704,0.08860418420170776,724386.8481928195,296503.56570450444,427883.2824883151,5.631325318816474,1.443096582908361,0.15929539832874298,-0.339
Ye2024,2080479379347498112,9839457,-4.9052,0.0111,5.07,6324,0.4573,-0.09,0.03,1.24,2.7,10.377405303719263,,0.4885614324211575,-0.3110808196953157,1128182.03983217,864953.2241859218,263228.81564624805,5.420333429741133,0.3043272263583897,-0.5166591921430751,0.552
Ye2024,2080510440551030528,10019950,-4.5646,0.0076,8.44,5794,0.61975,-0.07,0.02,1.0,2.97,14.454397707459272,,0.5839053394555825,-0.23365755337434485,1741508.9073330518,466657.618763614,1274851.2885694378,6.105459527263749,2.731877156419502,0.4364611666461628,0.022
Ye2024,2080551393056974848,10153521,-4.8626,0.0128,1.71,6107,0.522103,0.3,0.03,1.24,1.01,10.377405303719263,,0.16478107484027205,-0.7830926686364978,1082239.5888934745,676218.1698134303,406021.41908004426,5.608548944766614,0.6004296205055629,-0.22153789120423895,0.335
Ye2024,2080571978841945856,10286632,-4.8003,0.013,7.23,6167,0.503957,0.09,0.04,1.24,2.93,10.377405303719263,,0.6967059480088696,-0.15695048173412082,1298995.1522711145,724471.5516832316,574523.6005878829,5.759307873571849,0.793024376530782,-0.10071346283359937,0.395
Ye2024,2080609190438896640,10350184,-5.0324,0.0127,23.26,5642,0.669089,0.04,0.02,1.0,9.95,14.454397707459272,,1.6091988383574467,0.20660971039242973,533266.2076426467,386904.0063575872,146362.20128505956,5.165428932645434,0.3782907358932532,-0.42217429418096514,-0.13
Ye2024,2080622040981083392,10414935,-4.5179,0.0123,2.44,6487,0.44,-0.25,0.04,1.3,2.23,9.620852087644154,,0.2536157897213322,-0.5958237114552268,3047104.358285279,1034926.4354506426,2012177.9228346364,6.303666379708404,1.9442714514857908,0.2887568993003077,0.715
Ye2024,2080627538539187200,10544602,-5.012,0.0155,8.78,6174,0.501852,-0.07,0.03,1.12,2.86,12.171862643132958,,0.7213357772282653,-0.14186252688732287,801453.3290654748,730288.9128330308,71164.416232444,4.852262891152602,0.09744693501695627,-1.0112318161272353,0.402
Ye2024,2080631421189755904,10415681,-4.6639,0.0108,26.46,5990,0.558005,0.12,0.02,1.3,3.64,9.620852087644154,,2.75027614591248,0.4393763020575259,1582774.4323135244,590009.6268632439,992764.8054502805,5.996846372570383,1.6826247577149953,0.22598727472573737,0.218
Ye2024,2082101983634330880,8718318,-4.8706,0.0142,21.81,5518,0.710335,-0.28,0.03,0.86,6.83,18.000329833835156,,1.2116444643699706,0.08337520249194137,708171.6245513817,330796.53958281834,377375.08496856334,5.576773223815517,1.1408072328824455,0.057212266006191864,-0.254
Ye2024,2082112596491567616,8719482,-4.6145,0.0162,10.61,5400,0.750454,0.23,0.03,0.96,5.78,15.354869714245666,,0.6909859997155459,-0.16053075191361632,1171350.2536157188,284037.71273233165,887312.5408833872,5.94807661968863,3.123925102578062,0.49470061293670187,-0.372
Ye2024,2082128921669703680,8847528,-4.5572,0.0122,7.59,6404,0.44,-0.29,0.04,1.26,2.8,10.115976103458719,,0.7502983322988406,-0.12476601886266447,2643729.5760088726,945108.847768138,1698620.7282407344,6.230096419469484,1.79727523687034,0.2546145905762856,0.632
Ye2024,2082166683022730880,8912556,-4.7325,0.0132,8.8,5823,0.610484,0.03,0.02,1.04,1.2,13.628989336448337,,0.6456825068067188,-0.1899809795849081,1206976.729699691,483375.7626147192,723600.9670849718,5.859499138618105,1.496974037694412,0.17521426835652698,0.051
Ye2024,2082199835867294080,9117539,-4.7188,0.0075,6.3,6372,0.443266,0.01,0.02,1.36,1.91,8.941232764773126,,0.704600826948705,-0.152056851448491,1786137.1567910586,912313.6194376366,873823.537353422,5.94142373870845,0.9578104708028579,-0.01872041955166337,0.6
Ye2024,2082286147531871104,9183249,-4.6444,0.0116,8.91,5781,0.623919,-0.06,0.03,1.0,2.77,14.454397707459272,,0.6164213950887726,-0.2101222959631251,1436228.7436134478,459325.8993995259,976902.8442139218,5.9898513740361965,2.12681855190622,0.3277304399416332,0.009
Ye2024,2085180341312831616,9050278,-4.8456,0.0086,21.94,5614,0.678323,-0.15,0.02,0.9,9.32,16.867395843027396,,1.3007342807496574,0.11418858619218814,803713.6972228053,373568.6977807095,430144.99944209587,5.633614878469259,1.1514481860966777,0.06124439996539549,-0.158
Ye2024,2085243425793612416,9240920,-4.8279,0.0144,36.93,5618,0.677001,-0.05,0.03,0.94,10.38,15.836148205371112,,2.3320064652763564,0.36772975013069575,839534.7479408402,375449.24108442495,464085.50685641525,5.666598005845087,1.2360805564980732,0.09204677504289396,-0.154
Ye2024,2085279675318199424,9488723,-4.8506,0.0131,17.84,5655,0.664818,0.22,0.03,1.06,5.51,13.24184353201083,,1.3472444344228647,0.12944639816568332,817979.0367489125,393232.9445285636,424746.09222034895,5.6281293919320285,1.0801386255405574,0.033479496638638535,-0.117
Ye2024,2085325579927133696,9490818,-4.7607,0.0095,5.99,6227,0.485988,-0.02,0.02,1.18,2.47,11.222913527863295,,0.5337294977038305,-0.27267879431840847,1479201.026423472,775650.3688236183,703550.6575998537,5.847295373304555,0.9070461201054879,-0.042370630031316574,0.455
Ye2024,2085339014585039104,9674025,-4.6175,0.0086,8.25,6481,0.44,-0.13,0.02,1.4,1.94,8.525863775948729,,0.9676438911999821,-0.014284440771462808,2413680.72581927,1028196.8079128788,1385483.9179063914,6.141601489046401,1.347489028602184,0.12952523780168684,0.709
Ye2024,2085434294141421824,10035559,-4.8661,0.009,17.33,6060,0.536442,-0.31,0.02,1.0,6.85,14.454397707459272,,1.1989430726025172,0.0787985627139171,1040883.7614806194,640371.5075959974,400512.253884622,5.602615808093317,0.6254373424391959,-0.203816192279001,0.288
Ye2024,2085515176963350784,9911201,-4.7402,0.0095,19.1,5924,0.578568,-0.24,0.02,0.96,5.42,15.354869714245666,,1.2439050513258179,0.0947872314327706,1270199.4958267075,545677.5686183949,724521.9272083126,5.860051533660155,1.327747316135305,0.1231154322235,0.152
Ye2024,2085521013816855040,9668065,-4.8619,0.0134,13.54,5861,0.598411,0.34,0.03,1.16,3.36,11.52693877886925,,1.1746397078833295,0.06990467777982998,919599.279119419,506058.3973044646,413540.88181495445,5.616518449484737,0.8171801594790098,-0.08768218625567656,0.089
Ye2024,2085544240999945728,9848292,-4.4869,0.0066,5.3,5267,0.796738,0.01,0.02,0.86,8.16,18.000329833835156,,0.2944390491132895,-0.5310045934859698,1422214.1985096163,238243.6831198249,1183970.5153897915,6.073340887215486,4.969577786431014,0.6963194927952459,-0.505
Ye2024,2085557336363410432,9910321,-4.7051,0.011,10.49,6247,0.480036,-0.03,0.03,1.36,2.77,8.941232764773126,,1.1732162975701452,0.06937808729148516,1702933.7800803497,793385.240446877,909548.5396334727,5.958825880895338,1.146414746915592,0.05934176397588468,0.475
Ye2024,2085584063936763392,10228131,-4.8191,0.0079,30.82,5160,0.83483,-0.16,0.02,0.82,3.38,19.248913098918976,,1.601129364635703,0.20442642253624374,609692.0654433485,206148.60318638507,403543.4622569634,5.605890315766585,1.9575367284546081,0.291709919294744,-0.612
Ye2024,2085591043264606976,9853379,-4.7492,0.0197,29.18,5102,0.85581,0.35,0.03,0.9,8.3,16.867395843027396,,1.7299647362021422,0.2380372505109286,684500.1595811159,190357.59210524472,494142.5674758712,5.693852267416215,2.59586477224754,0.4142820647861287,-0.67
Ye2024,2085617362824264448,10164382,-4.917,0.0123,15.76,5814,0.613355,0.01,0.02,1.02,3.46,14.032847450821215,,1.1230792649340537,0.05041040907413425,784353.513602044,478133.24699534604,306220.2666066979,5.486033930268801,0.6404496414567016,-0.1935150131437831,0.042
Ye2024,2085667768561638784,10294922,-4.9417,0.0138,5.0,6402,0.44,-0.13,0.03,1.34,2.48,9.159880552148511,,0.5458586464675259,-0.2629198060260442,1089367.5034921106,943029.9202273809,146337.5832647297,5.165355878472017,0.1551780915174411,-0.8091695936751827,0.63
Ye2024,2085678106541301120,10228157,-4.8485,0.0093,8.83,6304,0.463179,-0.3,0.02,1.22,3.38,10.648698264908191,,0.8292093343557734,-0.08133581772580412,1269335.8748333612,845851.7294111636,423484.14542219765,5.626837155671347,0.5006600219603553,-0.3004570859232197,0.532
Ye2024,2085694534798393088,10361888,-4.8358,0.0086,14.48,5877,0.593352,-0.03,0.02,1.02,3.79,14.032847450821215,,1.0318647053455012,0.013622757781725864,987266.7244403078,515878.7270599661,471387.9973803417,5.673378520195414,0.9137573864827095,-0.03916909934109751,0.105
Ye2024,2085701578544806272,10492540,-4.7235,0.016,16.51,5561,0.695928,0.02,0.03,0.94,5.23,15.836148205371112,,1.0425514958492457,0.018097515742510614,1024998.7055533779,349404.0303992172,675594.6751541607,5.829686217926386,1.933562913920166,0.28635830763424075,-0.211
Ye2024,2085706835585108480,10557213,-4.5493,0.0116,14.59,5260,0.799206,-0.07,0.03,0.86,2.16,18.000329833835156,,0.8105407031250743,-0.09122517119330731,1225334.645991753,236020.3751241957,989314.2708675574,5.995334273824534,4.191647735272739,0.6223847775406721,-0.512
Ye2024,2085718346097201536,10555288,-4.544,0.0096,6.39,6022,0.548116,-0.04,0.03,1.08,1.85,12.87049780038931,,0.4964842929235195,-0.3040944865533849,2130957.27005802,612593.375077556,1518363.8949804641,6.1813758681619975,2.478583603337589,0.39420357236597475,0.25
Ye2024,2086101006201285760,10753865,-4.6605,0.0123,7.08,6168,0.503657,0.1,0.03,1.3,2.95,9.620852087644154,,0.7359015537815705,-0.13318028010418725,1793449.6837147546,725300.1604777332,1068149.5232370214,6.028632050980442,1.472699968153135,0.16811427742799395,0.396
Ye2024,2086406262420143232,10486315,-4.873,0.0127,13.71,5896,0.587361,-0.06,0.03,1.02,4.54,14.032847450821215,,0.9769934468430125,-0.010108349289889608,917997.7907441251,527752.3765751196,390245.4141690056,5.5913378083064025,0.7394479522792989,-0.131092389393114,0.124
Ye2024,2086432715116839808,10747044,-4.8712,0.0139,32.83,5159,0.83519,-0.12,0.02,0.84,2.24,18.60920008626386,,1.764181149528992,0.24654317728196506,540348.3729766678,205867.11172914004,334481.2612475278,5.524371792164366,1.624743546640931,0.2107848206575429,-0.613
Ye2024,2086437392340390272,10424058,-4.771,0.0096,9.1,6117,0.519066,0.2,0.02,1.24,2.49,10.377405303719263,,0.8769051351148981,-0.05704738670755807,1345134.3358444644,684063.2942688308,661071.0415756336,5.820248133171612,0.966388705715057,-0.014848154337896389,0.345
Ye2024,2086447631542441600,10553803,-4.6319,0.0106,14.0,5590,0.686274,0.06,0.03,0.98,3.9,14.894693714546571,,0.9399320501855779,-0.0269035413961575,1292286.978243929,362454.2909863729,929832.6872575562,5.968404809265935,2.565379167472775,0.4091515636666512,-0.182
Ye2024,2086505630781210752,10617017,-4.9642,0.0099,7.39,6153,0.508176,0.09,0.02,1.26,3.0,10.115976103458719,,0.7305276252553928,-0.13636335636331912,882590.8017580269,712956.0379666033,169634.76379142364,5.2295148583904325,0.23793159010930456,-0.6235478929801684,0.381
Ye2024,2086536137928043904,10934285,-4.8043,0.0124,6.5,6237,0.48301,-0.1,0.03,1.12,3.0,12.171862643132958,,0.5340185138933627,-0.2724436861505698,1346525.9046007665,784474.7971641409,562051.1074366256,5.749775807861857,0.7164680235342525,-0.1448031876986228,0.465
Ye2024,2086622660048854528,10745843,-4.7778,0.0098,6.27,6293,0.46642,-0.25,0.03,1.12,3.46,12.171862643132958,,0.5151224741709821,-0.288089501962709,1483346.6789621809,835501.0669270844,647845.6120350965,5.811471521565172,0.775397707650845,-0.11047548725460218,0.521
Ye2024,2086641970221786624,10931822,-4.9291,0.0141,10.93,6024,0.5475,-0.13,0.03,1.04,3.94,13.628989336448337,,0.8019670226587995,-0.09584348978537399,879126.9412137576,614029.1520901066,265097.789123651,5.423406105796457,0.43173485855073673,-0.3647828847116862,0.252
Ye2024,2086715598842386688,10876237,-4.9712,0.0118,13.5,5924,0.578568,0.02,0.02,1.08,5.09,12.87049780038931,,1.0489104780074356,0.020738423783221143,746228.6793868812,545677.5686183949,200551.11076848628,5.302225071699308,0.3675267636092558,-0.4347110297373468,0.152
Ye2024,2086822285830030592,11308629,-4.6921,0.0074,10.61,6011,0.55151,0.0,0.01,1.2,4.27,10.930356368792774,,0.9706911322939641,-0.012918937835844744,1504175.977562864,604747.9880593764,899427.9895034877,5.953966398350643,1.487277357283541,0.17239196617189542,0.239
Ye2024,2086828749759143424,11414106,-4.8742,0.0085,4.08,6392,0.44,-0.01,0.01,1.28,1.93,9.863939442164517,,0.41362784351245935,-0.38339023423517177,1264616.3774252327,932694.0418608579,331922.3355643748,5.521036477735449,0.3558748321176603,-0.44870272472139433,0.62
Ye2024,2086833903719946368,11414369,-4.9582,0.0112,6.51,6276,0.47144,0.08,0.02,1.38,3.4,8.730003855438706,,0.7457041380278812,-0.12743344693524558,968597.7955304761,819718.4140838583,148879.3814466179,5.172834555750876,0.1816225900122177,-0.7408301353991628,0.504
Ye2024,2086944198480932992,11205191,-4.756,0.0152,8.69,6145,0.51059,-0.23,0.04,1.08,2.37,12.87049780038931,,0.6751875595470085,-0.17057556826311857,1418075.2770000328,706446.5440912269,711628.732908806,5.852253474954076,1.007335571050525,0.0031741700356428984,0.373
Ye2024,2087203442705490944,11726065,-4.7386,0.0141,15.19,5493,0.718762,0.06,0.03,0.96,3.4,15.354869714245666,,0.9892627083580718,-0.004688361952170629,942432.2358292675,320374.3020776968,622057.9337515708,5.793830833464077,1.9416598950583435,0.28817316036349805,-0.279
Ye2024,2099497975568192512,3946553,-4.804,0.0129,21.13,5827,0.609209,-0.29,0.04,0.94,4.32,15.836148205371112,,1.3342891040154186,0.12524993953203034,1026577.6597914742,485721.5559264273,540856.103865047,5.733081735328584,1.1135106055432529,0.04669435779302766,0.055
Ye2024,2099559685657382784,3330409,-4.8611,0.013,22.88,5550,0.699603,-0.41,0.03,0.82,7.79,19.248913098918976,,1.188638541948893,0.07504980827482978,740770.4832495754,344560.5333574476,396209.94989212777,5.597925377636117,1.1498993980285577,0.0606598466212499,-0.222
Ye2024,2099587001649521664,3735546,-4.7586,0.0099,6.31,6322,0.457887,0.01,0.03,1.36,2.46,8.941232764773126,,0.7057192409597346,-0.1513680416579384,1579172.973179708,863026.5671272371,716146.4060524709,5.85500181677839,0.8298080653951508,-0.08102234832171722,0.55
Ye2024,2099597034692519680,3327884,-5.0281,0.0157,7.89,6218,0.488672,0.03,0.03,1.2,2.59,10.930356368792774,,0.7218428872572457,-0.14155731852776512,794537.8803738455,767781.3522510945,26756.528122750926,4.427429759508616,0.03484915079573396,-1.4578078003269541,0.446
Ye2024,2099656992437108480,4143921,-4.6843,0.0129,4.09,6441,0.44,-0.27,0.04,1.32,2.63,9.386296808958306,,0.4357416011068916,-0.36077097513726797,2018947.0695132834,984284.7559514132,1034662.3135618703,6.014798630675732,1.0511818935585993,0.021677871626558994,0.669
Ye2024,2099732068465417344,4644327,-5.0055,0.0112,19.42,5747,0.634867,-0.1,0.02,0.94,7.17,15.836148205371112,,1.2263083009928741,0.08859966805170306,610768.3518568784,440616.1788088976,170152.17304798076,5.230837499930333,0.3861686910996941,-0.4132229398622354,-0.025
Ye2024,2099736638310199552,4144574,-4.9865,0.0126,23.2,5747,0.634867,0.07,0.03,1.02,5.56,14.032847450821215,,1.6532638925425156,0.2183421808114974,638082.0464450438,440616.1788088976,197465.86763614614,5.295492037793681,0.4481584588426797,-0.34856840199888706,-0.025
Ye2024,2099757013635539456,4451655,-4.8158,0.0116,20.47,5579,0.68993,-0.11,0.03,0.92,3.95,16.339848430570573,,1.2527655985903907,0.09786981898949493,839531.860240601,357455.7997663032,482076.0604742978,5.683115565289155,1.3486312455678955,0.12989321734605283,-0.193
Ye2024,2099868575407384064,2969989,-4.5697,0.0106,8.85,5487,0.720791,-0.04,0.03,0.92,3.5,16.339848430570573,,0.5416206911345851,-0.26630475297518535,1384368.0812593286,317915.32935215946,1066452.7519071691,6.027941619241107,3.354518179668662,0.5256301498587471,-0.285
Ye2024,2100024847795314688,3527869,-4.6331,0.0089,3.65,6057,0.537361,-0.08,0.02,1.18,4.47,11.222913527863295,,0.32522749025358616,-0.48781275225124515,1776405.1815162485,638139.8917515443,1138265.2897647042,6.056243492686217,1.7837237641427384,0.2513275983599389,0.285
Ye2024,2100060169606741760,3938530,-4.9387,0.0155,5.24,6282,0.469667,0.06,0.03,1.32,2.41,9.386296808958306,,0.5582606332029614,-0.25316299616088306,1016959.0485534697,825259.2883432234,191699.7602102463,5.2826215696363725,0.23229033943392446,-0.6339688514041554,0.51
Ye2024,2100061234758711296,3938845,-4.889,0.0086,10.6,6025,0.547192,0.02,0.02,1.12,3.71,12.171862643132958,,0.8708609611184068,-0.06005117752865518,964805.8800095482,614748.1228610955,350057.7571484527,5.544139705897239,0.5694328199316022,-0.2445575053934467,0.253
Ye2024,2100250896213484416,4037745,-5.1343,0.0155,11.32,5773,0.626489,0.2,0.02,1.22,5.28,10.648698264908191,,1.0630407321525883,0.026549905548879933,462293.69103231543,454863.3864659494,7430.304566366016,3.871006615749971,0.016335244355663785,-1.7868743646153777,0.001
Ye2024,2100314466029533440,4242173,-4.7962,0.0074,14.0,5826,0.609528,-0.02,0.02,1.02,4.43,14.032847450821215,,0.9976592454997939,-0.0010177684011642531,1044464.438270455,485134.193683534,559330.2445869211,5.747668303508609,1.1529392318031229,0.06180641745248542,0.054
Ye2024,2100317317887868800,4345548,-4.8588,0.0125,25.72,5336,0.772582,-0.1,0.03,0.84,7.22,18.60920008626386,,1.3821120671911569,0.14054325880480947,636319.1891933423,261138.88016361746,375180.3090297249,5.574240036785537,1.436707964722275,0.1573684993806636,-0.436
Ye2024,2100390602913390848,4041607,-4.8618,0.0108,15.22,5910,0.582959,0.05,0.02,1.2,4.66,10.930356368792774,,1.3924523123010495,0.14378033069736865,950958.7090858298,536650.7494620593,414307.95962377044,5.617323276980349,0.7720253070345551,-0.11236846323250134,0.138
Ye2024,2100396070408113792,4141974,-4.8743,0.0126,19.96,5570,0.692927,0.23,0.02,1.02,7.62,14.032847450821215,,1.422377038583992,0.15301473287195005,729008.3745083993,353410.237570892,375598.1369375073,5.574723429388092,1.0627822768211816,0.026444303413304563,-0.202
Ye2024,2100437916273119616,4041102,-4.8367,0.0103,16.21,5873,0.594615,-0.29,0.02,0.92,9.26,16.339848430570573,,0.9920532659086583,-0.0034650088244957593,982543.3938237767,513408.4425005358,469134.95132324094,5.671297789803624,0.9137655567920493,-0.03916521613922059,0.101
Ye2024,2100439398038055936,4141290,-4.7748,0.0137,18.86,5795,0.61943,-0.12,0.03,0.96,7.11,15.354869714245666,,1.228274830785598,0.08929555258635255,1074052.469084323,467225.7330819069,606826.736002416,5.783064706990309,1.2987870595219042,0.11353795287802648,0.023
Ye2024,2100468191499421184,4545983,-5.0622,0.0089,41.49,5671,0.659574,0.12,0.01,1.16,6.07,11.52693877886925,,3.5993944963130984,0.5562294482596776,508218.3311654163,401144.1963888352,107074.13477658108,5.0296845737221245,0.26692180951508143,-0.5736159396441682,-0.101
Ye2024,2100470081285054720,4639149,-4.8222,0.0124,35.59,5575,0.691261,-0.12,0.02,0.9,12.82,16.867395843027396,,2.1099878328113175,0.32427995095734174,824880.8540579157,355652.8929034321,469227.96115448367,5.671383883693455,1.3193424558531281,0.1203575380660593,-0.197
Ye2024,2100478602500243584,4546924,-4.9219,0.012,22.03,5626,0.67436,0.01,0.02,0.94,8.23,15.836148205371112,,1.3911211056062316,0.14336493963048463,680002.7169629303,379234.7111230045,300768.0058399258,5.478231636353844,0.793091974490626,-0.1006764448418902,-0.146
Ye2024,2100562783859746048,5087041,-4.6899,0.0122,3.27,6413,0.44,-0.19,0.03,1.24,2.41,10.377405303719263,,0.31510766943139745,-0.5015410263683656,1958649.3659209001,954512.7665188173,1004136.5994020829,6.0017927968042475,1.0519886528749611,0.022011055387713318,0.641
Ye2024,2100658063412939520,4638608,-4.584,0.0075,9.17,5296,0.786547,-0.08,0.02,0.84,6.56,18.60920008626386,,0.49276701617973984,-0.3073583697773539,1162528.5902084017,247647.09268694124,914881.4975214604,5.961364844552299,3.6942953280618234,0.5675316107092124,-0.476
Ye2024,2100685134590247424,4820170,-4.6646,0.0073,9.63,5660,0.663178,0.3,0.01,1.08,1.88,12.87049780038931,,0.7482228076453041,-0.12596905758725044,1259729.969066311,395690.69708806014,864039.2719782507,5.936533482312041,2.183622911372012,0.339177642434728,-0.112
Ye2024,2100788664779400576,5084598,-4.9325,0.0171,11.06,6012,0.551201,-0.1,0.03,1.12,6.02,12.171862643132958,,0.908653040563168,-0.04160191582474592,865341.6837074914,605457.6236415386,259884.06006595283,5.4147796429573685,0.42923575477153014,-0.3673041090424701,0.24
Ye2024,2100877725221796096,5690085,-4.4936,0.0121,9.81,5728,0.641013,-0.2,0.04,0.92,6.69,16.339848430570573,,0.6003727661051165,-0.22157901629306218,1958951.9060500253,430448.5166604475,1528503.3893895778,6.184266406092241,3.550955178677764,0.5503451905286588,-0.044
Ye2024,2100884528450038144,5861082,-4.6102,0.0065,13.45,6133,0.514218,-0.43,0.01,1.06,6.12,13.24184353201083,,1.015719598822171,0.006773832464005847,1968355.7597131971,696777.9537967268,1271577.8059164705,6.1043429391451225,1.8249397802953908,0.2612485380982957,0.361
Ye2024,2100959501399885696,4150804,-4.8875,0.0082,28.58,5407,0.74805,0.14,0.02,0.96,4.17,15.354869714245666,,1.861298762664496,0.26981608863999446,627967.5682519164,286643.7029278679,341323.86532404856,5.533166655158772,1.190760033580576,0.07582424965061872,-0.365
Ye2024,2100979120810664448,4359846,-4.7578,0.0112,14.95,5914,0.581704,0.21,0.03,1.24,5.29,10.377405303719263,,1.4406298648316183,0.15855241363179676,1211537.9358695485,539216.66664464,672321.2692249084,5.827576850598618,1.246848086889696,0.09581354325841958,0.142
Ye2024,2100980598279501312,4460061,-4.7897,0.01,9.05,6093,0.526362,-0.08,0.03,1.24,3.97,10.377405303719263,,0.8720869750318493,-0.059440199823448316,1268342.219506666,665364.7758737601,602977.443632906,5.780301066221434,0.9062358957025839,-0.042758739556073184,0.321
Ye2024,2100986954831753472,4358822,-4.6603,0.0079,11.21,6222,0.487479,-0.33,0.02,1.08,4.13,12.87049780038931,,0.8709841821083966,-0.05998973211681182,1857940.337383052,771270.1931460578,1086670.1442369944,6.0360977351831115,1.4089357450783897,0.14889118743568622,0.45
Ye2024,2100994440954058496,4556086,-4.9365,0.0114,26.46,5625,0.67469,0.08,0.02,0.98,7.13,14.894693714546571,,1.7764715748507423,0.24955826277708665,657055.180425892,378759.74354500463,278295.43688088737,5.444506085408072,0.7347545287579381,-0.1338577284148993,-0.147
Ye2024,2100997846869262336,4649071,-4.9162,0.0085,14.78,5918,0.580449,0.23,0.02,1.2,3.81,10.930356368792774,,1.3521974491333448,0.1310401123216215,843551.4570781512,541793.1050321471,301758.35204600403,5.47965929930723,0.5569623334872438,-0.254174174506299,0.146
Ye2024,2101000492568067328,4049209,-4.9712,0.0082,12.38,5977,0.562037,0.15,0.02,1.28,3.77,9.863939442164517,,1.2550766428147664,0.09867024735904746,773294.2127172261,581041.2341739337,192252.97854329238,5.283873076977476,0.3308766525264225,-0.4803338766499779,0.205
Ye2024,2101008326588566400,4356977,-4.7636,0.0113,19.39,5695,0.651736,-0.16,0.03,0.9,8.07,16.867395843027396,,1.1495550457491275,0.06052977203220121,1027984.6985679127,413267.05494137964,614717.643626533,5.78867567842048,1.4874586209484526,0.17244489309389063,-0.077
Ye2024,2101019901521749376,4356743,-4.6692,0.0081,3.55,6484,0.44,-0.26,0.02,1.24,2.14,10.377405303719263,,0.3420893658964712,-0.4658604259735576,2146761.318481442,1031556.9122951459,1115204.4061862961,6.047354476660153,1.0810885884182968,0.033861283115988,0.712
Ye2024,2101020730454079232,4356683,-4.833,0.0074,3.09,6438,0.44,0.13,0.01,1.4,1.51,8.525863775948729,,0.36242662106762963,-0.4407799098965533,1430920.8967102263,981057.2579330258,449863.6387772005,5.653080891772834,0.4585498299304274,-0.338613463291811,0.666
Ye2024,2101047496691232768,4740598,-4.6529,0.0045,9.49,5395,0.752173,-0.03,0.01,0.9,2.96,16.867395843027396,,0.5626238981000113,-0.2497818246192115,1068261.3916190332,282188.76287118945,786072.6287478437,5.895462674292851,2.78562697093173,0.4449229587093978,-0.377
Ye2024,2101060072355128832,4827905,-4.9551,0.0095,23.31,5828,0.608891,-0.03,0.02,1.14,5.84,11.843039123414078,,1.9682447855732708,0.294079109548959,725420.6414207247,486309.52832668595,239111.11309403874,5.378599761156593,0.49168502603019565,-0.30831301768397185,0.056
Ye2024,2101061476803561728,4739683,-4.59,0.0111,6.04,5863,0.597778,-0.02,0.03,1.02,3.04,14.032847450821215,,0.4304187030584825,-0.3661088654582704,1722230.6476073645,507277.0960169975,1214953.551590367,6.084559674910799,2.3950490986678754,0.3793144209079771,0.091
Ye2024,2101085464201770368,4742786,-4.8535,0.0093,16.16,5914,0.581704,0.2,0.02,1.18,4.22,11.222913527863295,,1.4399112993145076,0.1583357397308475,971934.5429095441,539216.66664464,432717.87626490404,5.636204836966323,0.8024935114813098,-0.09555847037387533,0.142
Ye2024,2101141706795254784,4829624,-4.631,0.0078,18.09,5275,0.793921,0.03,0.02,0.88,4.63,17.42033268532819,,1.0384417064110274,0.016382122157021478,1026837.196943957,240806.59176254037,786030.6051814166,5.895439456220882,3.2641573448143903,0.5137710852342868,-0.497
Ye2024,2101145112707198976,4829488,-4.6974,0.0134,17.84,5368,0.761485,-0.1,0.03,0.86,5.82,18.000329833835156,,0.9910929502228462,-0.003885613046654678,945065.1864451233,272381.85641615547,672683.3300289678,5.827810665431968,2.4696333995213555,0.39263248994736966,-0.404
Ye2024,2101146899413708416,5005054,-4.8012,0.0098,15.62,5908,0.583588,-0.34,0.02,0.94,7.03,15.836148205371112,,0.9863509609427751,-0.00596852797900152,1091876.9128987885,535371.7251040053,556505.1877947832,5.745469217224449,1.0394743721041158,0.016813786413069437,0.136
Ye2024,2101147483529334912,4918088,-4.7399,0.01,9.42,5963,0.56639,0.02,0.02,1.08,2.68,12.87049780038931,,0.731906422431855,-0.13554444191890766,1304881.1997179866,571514.0426390963,733367.1570788904,5.86532145673068,1.2832005906493573,0.10829455084321919,0.191
Ye2024,2101154522977688320,5093950,-5.0594,0.0144,16.53,6085,0.528801,-0.32,0.03,1.2,4.25,10.930356368792774,,1.5123020185503515,0.17963853183426215,678038.0510759677,659230.2189409221,18807.832135045668,4.274338739939261,0.028529990881275363,-1.5446983671516312,0.313
Ye2024,2101156898097858432,5181547,-4.5942,0.0064,8.14,6015,0.550275,-0.07,0.02,1.06,3.24,13.24184353201083,,0.6147180322983251,-0.21132404698521967,1889532.0524582043,607590.8196722509,1281941.2327859534,6.107868116554274,2.109875908720055,0.3242569132394361,0.243
Ye2024,2101157379134246400,5181740,-4.8205,0.009,5.98,6299,0.464651,-0.18,0.02,1.18,3.24,11.222913527863295,,0.5328384634839577,-0.273404432719309,1349578.5593210584,841133.3233836873,508445.23593737115,5.706244182409167,0.6044763913192882,-0.21862065645743692,0.527
Ye2024,2101167961934242944,5180996,-4.8037,0.0126,10.85,6041,0.54227,-0.14,0.03,1.1,6.23,12.514101920504952,,0.8670218661254274,-0.06196994956200791,1186716.7698181765,626350.3030595151,560366.4667586614,5.748472138502725,0.8946534615237762,-0.04834515339001098,0.269
Ye2024,2101172080803960320,5269052,-4.9808,0.0086,10.53,6089,0.527581,0.1,0.02,1.18,3.04,11.222913527863295,,0.9382590335260992,-0.027677245522233395,814696.0915977655,662291.4021511062,152404.6894466593,5.182998330320341,0.23011727005915011,-0.6380507867640401,0.317
Ye2024,2101179781683929728,5270813,-4.7419,0.0102,6.64,6348,0.45027,0.0,0.02,1.38,2.34,8.730003855438706,,0.7605953112911107,-0.11884635613542006,1668243.375454283,888362.6122490554,779880.7632052277,5.892028208023231,0.8778856206372917,-0.05656206446058448,0.576
Ye2024,2101209223678050816,5701405,-4.4256,0.0057,7.1,5685,0.654998,-0.39,0.03,0.98,10.02,14.894693714546571,,0.47667982545125737,-0.32177322835532024,2222970.0562226716,408178.2004113018,1814791.8558113698,6.258826821627637,4.446077360286978,0.6479770150101741,-0.087
Ye2024,2101224724219860224,4737848,-4.8896,0.0127,19.73,5891,0.588936,-0.1,0.03,1.04,2.38,13.628989336448337,,1.4476495294655183,0.16066343351711443,880577.99299388,524605.2231834437,355972.7698104363,5.5514167778229595,0.6785536134205815,-0.16841583246579175,0.119
Ye2024,2101280554493600256,5354508,-4.6663,0.0089,3.23,6462,0.44,-0.06,0.02,1.34,1.88,9.159880552148511,,0.35262468561802174,-0.4526872880309601,2131962.4505190477,1007133.4569397016,1124828.9935793462,6.0510865021896505,1.1168619072563402,0.04799947873419369,0.69
Ye2024,2101312547711821312,5264776,-4.9575,0.0133,10.61,5996,0.556147,-0.07,0.03,1.06,2.89,13.24184353201083,,0.8012479511898315,-0.0962330679730803,808273.3009471506,594188.7849683178,214084.51597883273,5.330585257354552,0.36029713349478265,-0.4433391930879517,0.224
Ye2024,2101319174839537536,5266364,-4.7058,0.0139,4.74,6431,0.44,-0.2,0.04,1.32,2.43,9.386296808958306,,0.5049914888133659,-0.29671594147052466,1909526.8744282941,973561.7273090997,935965.1471191944,5.971259677054741,0.9613824381800409,-0.017103815503775294,0.659
Ye2024,2101324401821789824,5353271,-4.923,0.0109,8.68,6332,0.454953,-0.13,0.02,1.34,2.68,9.159880552148511,,0.9476106102676249,-0.023370085185571106,1088366.990404905,872696.8103302403,215670.18007466476,5.333790100947234,0.24713070739086607,-0.6070732876945109,0.56
Ye2024,2101359070797228032,5355775,-4.8825,0.0133,19.63,5935,0.575125,-0.04,0.03,1.24,4.41,10.377405303719263,,1.8916096486049943,0.27683152057135446,922135.2625072644,552861.183623009,369274.0788842554,5.567348823511718,0.6679327285455801,-0.17526727568707975,0.163
Ye2024,2101360307747816320,5268581,-4.733,0.0116,9.96,6035,0.544114,0.02,0.03,1.1,2.36,12.514101920504952,,0.7959021001483187,-0.09914034932285742,1390979.8358851355,621977.6580498605,769002.177835275,5.885927569737066,1.2363823167642274,0.09215278498182274,0.263
Ye2024,2101360616985470976,5268552,-4.6205,0.012,19.49,6490,0.44,-0.3,0.04,1.26,2.28,10.115976103458719,,1.9266554013839792,0.2848040443594766,2410407.798865527,1038305.3994071517,1372102.3994583753,6.137386523805307,1.3214824850586484,0.1210614113627054,0.718
Ye2024,2101402329708937856,5785952,-4.7798,0.0098,4.84,6406,0.44,-0.12,0.02,1.26,2.19,10.115976103458719,,0.4784511104514345,-0.32016243311373244,1585475.2757617314,947191.7070393543,638283.5687223772,5.805013664569156,0.6738694648388192,-0.1714242224418531,0.634
Ye2024,2101415008452335616,5870791,-4.9059,0.0107,12.21,6225,0.486584,-0.29,0.01,1.22,3.68,10.648698264908191,,1.1466190229313695,0.05941914264150977,1057472.688718726,773895.7437804522,283576.94493827375,5.452670919412662,0.36642783891407754,-0.43601153875014265,0.453
Ye2024,2101415317690050816,5871194,-4.7046,0.0095,6.85,6096,0.525449,-0.11,0.03,1.08,2.54,12.87049780038931,,0.5322249462482173,-0.27390477321935947,1545936.2110723478,667677.8305459681,878258.3805263797,5.94362230261322,1.3153924547834954,0.11905534637583674,0.324
Ye2024,2101426037927692416,5612160,-4.9771,0.0138,11.36,5977,0.562037,0.01,0.03,1.12,4.78,12.171862643132958,,0.9333000488967077,-0.029978711418425355,762859.8531114447,581041.2341739337,181818.618937511,5.25963835461632,0.31291861617360517,-0.5045685990111337,0.205
Ye2024,2101428546188540160,5612032,-4.8043,0.0109,9.68,6138,0.512706,-0.01,0.02,1.14,2.92,11.843039123414078,,0.8173577659523492,-0.08758780666322408,1263046.3059665337,700792.6413279276,562253.6646386061,5.749932294747311,0.8023110282282576,-0.09565723812810441,0.366
Ye2024,2101439678743600000,5611371,-4.5076,0.0081,9.43,5065,0.869319,0.13,0.02,0.88,1.04,17.42033268532819,,0.5413214644254277,-0.26654475196546396,1159656.9507549556,180836.09504636645,978820.8557085892,5.990703214278711,5.412751560785578,0.733418093919803,-0.707
Ye2024,2101459298154930816,5870102,-4.6548,0.0077,6.48,5783,0.623277,0.04,0.02,1.04,0.78,13.628989336448337,,0.4754571186485838,-0.3228886458644834,1404185.5703536218,460447.37959117006,943738.1907624518,5.974851530233228,2.049611383607817,0.3116715244928876,0.011
Ye2024,2101493726612739840,5184500,-4.7156,0.01,5.66,6459,0.44,-0.32,0.03,1.26,2.46,10.115976103458719,,0.5595110093295702,-0.2521913635698734,1899646.8630191174,1003841.7544013411,895805.1086177763,5.952213534820194,0.8923768160570344,-0.04945172120900826,0.687
Ye2024,2101501869870951040,5360750,-4.8628,0.0117,20.35,5678,0.657285,-0.03,0.03,1.12,6.91,12.171862643132958,,1.671888731958451,0.22320737076781347,808338.5470361457,404648.08249056543,403690.46454558027,5.606048491188503,0.9976334548798771,-0.0010289955498559986,-0.094
Ye2024,2101507367429089664,5446285,-4.9326,0.0177,31.52,5311,0.781298,0.27,0.03,0.96,5.28,15.354869714245666,,2.0527689642821874,0.3123400730025608,526886.3437066822,252634.65536452754,274251.68834215467,5.438149309849026,1.085566380219831,0.03565638484410774,-0.461
Ye2024,2101507504868061056,5446341,-4.703,0.0136,26.44,5802,0.617189,0.01,0.03,1.18,5.5,11.222913527863295,,2.355894477343786,0.37215583410588277,1273276.238532599,471219.17814932426,802057.0603832748,5.904205266199473,1.7020891711863042,0.23098230870962153,0.03
Ye2024,2101513620901384064,5445867,-4.5355,0.0117,8.78,5688,0.654019,-0.14,0.04,0.92,10.46,16.339848430570573,,0.5373366856679839,-0.2697535077669082,1729617.5667317328,409699.17878377665,1319918.387947956,6.120547079115245,3.221676918821841,0.5080819856771914,-0.084
Ye2024,2101565882063958144,5530536,-4.8435,0.0102,5.68,6299,0.464651,0.2,0.02,1.38,1.57,8.730003855438706,,0.6506297241164923,-0.18666609979241863,1279965.2233351178,841133.3233836873,438831.8999514305,5.642298190163668,0.5217150334576093,-0.2825666487029358,0.527
Ye2024,2101570417549452032,5702239,-4.4775,0.0044,1.67,6263,0.475289,0.0,0.01,1.2,0.56,10.930356368792774,,0.15278550338651462,-0.8159178505896021,2905637.1759890737,807822.6064675797,2097814.569521494,6.321767097302409,2.596875295053637,0.41445109480818926,0.491
Ye2024,2101573063249397504,5702730,-5.0241,0.0103,16.84,5941,0.57325,-0.02,0.02,1.06,4.05,13.24184353201083,,1.2717262486368297,0.10439363528920975,668266.8931703209,556813.6128405519,111453.28032976901,5.047092855303042,0.20016263568197742,-0.698616988952601,0.169
Ye2024,2101596152994103552,5957137,-4.648,0.0094,13.13,5582,0.688932,-0.04,0.02,0.94,3.66,15.836148205371112,,0.8291157565415261,-0.08138483143080365,1238143.7371826617,358813.1216837064,879330.6154989552,5.944152194175714,2.4506646004827126,0.38928387749979554,-0.19
Ye2024,2101634051783789824,5790787,-4.894,0.0096,2.69,6411,0.44,0.06,0.01,1.34,1.57,9.159880552148511,,0.29367195179952893,-0.532137530359655,1222685.7316512296,952416.0972765677,270269.63437466184,5.4317972541177735,0.2837726442754353,-0.5470294729125357,0.639
Ye2024,2101636487022947072,5876359,-4.6956,0.0081,20.63,5238,0.806985,0.32,0.02,0.94,6.42,15.836148205371112,,1.3027157697983003,0.11484967045286854,860347.1273931052,229148.34942335263,631198.7779697526,5.800166149387823,2.754542110201326,0.4400494160588686,-0.534
Ye2024,2101679887675448448,6444796,-4.7434,0.0137,16.28,5638,0.670406,-0.04,0.03,0.94,5.5,15.836148205371112,,1.0280277621093714,0.012004843032899472,1034455.999623196,384974.3144947616,649481.6851284343,5.812566908819662,1.6870779703337115,0.22713515449379773,-0.134
Ye2024,2101696071112839040,6523086,-4.7488,0.0127,16.88,5845,0.603485,-0.07,0.03,1.0,2.51,14.454397707459272,,1.167810678911165,0.06737244228963636,1180184.2067820497,496398.9272162799,683785.2795657698,5.834919747130113,1.3774914530946318,0.13908891287020797,0.073
Ye2024,2101708440618081920,6283862,-4.7285,0.0071,6.13,6166,0.504258,0.15,0.01,1.22,2.15,10.648698264908191,,0.5756572162628415,-0.2398360467849577,1531531.0928183347,723643.7553785859,807887.3374397488,5.907350801195735,1.1164158212311106,0.047825982442786096,0.394
Ye2024,2101748985109902080,6691449,-4.776,0.0167,19.5,5729,0.640689,-0.19,0.03,0.92,4.22,16.339848430570573,,1.1934015228389163,0.07678658768950725,1023121.0630976985,430978.5908820697,592142.4722156287,5.772426212555322,1.3739486943045365,0.13797051569555088,-0.043
Ye2024,2101774411314473984,5872194,-4.7455,0.0113,5.05,6285,0.468781,-0.16,0.04,1.16,2.88,11.52693877886925,,0.43810417465367907,-0.3584226084506341,1589764.7558906416,828041.7570916205,761722.9987990211,5.881797068499667,0.9199089203839977,-0.03625516975526612,0.513
Ye2024,2101777400611792000,5956162,-4.9433,0.0171,8.78,6148,0.509684,-0.27,0.04,1.28,3.59,9.863939442164517,,0.8901108985390668,-0.050555881418949226,923096.6437478436,708881.6015498285,214215.04219801503,5.330849963761119,0.30218733527527936,-0.5197237409742171,0.376
Ye2024,2101783237465739520,6038870,-4.9702,0.0116,27.61,5129,0.846014,0.07,0.02,0.86,5.64,18.000329833835156,,1.5338607822675328,0.18578594355250427,420283.68639357365,197574.33479876927,222709.35159480438,5.347738453499018,1.1272180256693527,0.05200792508545426,-0.643
Ye2024,2101791277644427136,5955461,-4.6735,0.0086,4.68,6210,0.491062,-0.03,0.02,1.14,1.99,11.843039123414078,,0.395168837257954,-0.4032173108974937,1788455.4948176318,760844.2822603538,1027611.212557278,6.01182883433038,1.3506196162825852,0.13053305308549304,0.438
Ye2024,2101797599836369792,6118234,-4.8249,0.0105,8.61,6177,0.50095,0.11,0.03,1.24,2.07,10.377405303719263,,0.8296871663010189,-0.08108562757499693,1235441.37552231,732794.3116314723,502647.0638908376,5.701263150056711,0.6859319947118019,-0.16371893937402887,0.405
Ye2024,2101876734616575744,6599635,-4.9242,0.0102,11.85,6053,0.538587,-0.26,0.02,1.02,4.31,14.032847450821215,,0.844447289940897,-0.0734274537332796,906346.8553703087,635174.787675443,271172.06769486575,5.433244952633303,0.42692511251474186,-0.369648298450186,0.281
Ye2024,2101928269922053632,6689030,-4.5863,0.0119,9.83,5466,0.727908,-0.04,0.03,0.9,5.07,16.867395843027396,,0.5827811294334153,-0.23449451921436856,1312170.4282617194,309436.0245377289,1002734.4037239905,6.001185915800247,3.24052251260011,0.5106150429359185,-0.306
Ye2024,2101964966121705344,7116024,-4.5972,0.0064,7.81,5966,0.565456,-0.09,0.02,1.02,3.96,14.032847450821215,,0.5565513362395279,-0.2544947702021019,1816120.8013038705,573544.2176192853,1242576.583684585,6.094323165088787,2.1664878583248113,0.33575625945517945,0.194
Ye2024,2102052862635698176,7602830,-4.721,0.0119,5.37,6323,0.457593,-0.18,0.03,1.28,3.78,9.863939442164517,,0.5444072352112516,-0.26407611162549616,1723076.121040017,863989.4347885464,859086.6862514707,5.934036988582349,0.9943254531367324,-0.0024714432008394256,0.551
Ye2024,2102086397738427648,5522345,-4.6183,0.0104,4.18,6428,0.44,-0.28,0.03,1.34,2.55,9.159880552148511,,0.4563378284468516,-0.34071352858702786,2331391.50130142,970364.4334315672,1361027.0678698528,6.133866762462422,1.4025937276542155,0.1469318924187072,0.656
Ye2024,2102102375017143424,5781895,-4.736,0.0115,3.51,6436,0.44,-0.17,0.03,1.32,2.33,9.386296808958306,,0.37394939361496077,-0.42718716667878565,1786799.730649583,978910.6417641338,807889.0888854492,5.907351742716097,0.8252940099103634,-0.08339130704419352,0.664
Ye2024,2102110174677569664,5695396,-4.9664,0.0083,17.73,5723,0.642634,0.21,0.01,1.08,2.54,12.87049780038931,,1.3775690944497654,0.1391133908891328,657213.8699131787,427806.52934644464,229407.34056673408,5.360607310324717,0.536240858495538,-0.27064009832942704,-0.049
Ye2024,2102170815317380992,6032302,-4.6588,0.0073,3.93,6265,0.474696,0.02,0.02,1.2,0.77,10.930356368792774,,0.3595491187479057,-0.4442417713617587,1916443.579000532,809643.0292028214,1106800.5497977105,6.044069366202608,1.367022885242984,0.1357757851249188,0.493
Ye2024,2102196482041687296,5782134,-4.8373,0.0102,14.07,5840,0.605073,-0.1,0.02,0.98,4.25,14.894693714546571,,0.9446317104365058,-0.024737479639649798,959319.1745161486,493412.9823210584,465906.19219509023,5.668298482541562,0.9442519935398258,-0.024912089600853702,0.068
Ye2024,2102292551871628800,6511785,-4.9694,0.0129,7.99,6185,0.498548,-0.1,0.03,1.1,3.32,12.514101920504952,,0.6384796968057296,-0.19485290843256478,890370.0696398178,739511.467544,150858.6020958178,5.178570079086637,0.2039976507691436,-0.6903748338675927,0.413
Ye2024,2102315096158172544,6681913,-4.6195,0.0071,8.91,5761,0.630351,0.03,0.02,1.0,4.7,14.454397707459272,,0.6164213950887726,-0.2101222959631251,1500041.3727565259,448239.39197107573,1051801.9807854502,6.0219339843547735,2.346518399822659,0.37042396400775873,-0.011
Ye2024,2102320971673329280,6681173,-4.9851,0.0117,18.32,5699,0.650433,0.0,0.02,1.0,2.38,14.454397707459272,,1.2674343387234919,0.10292546933183165,619022.3997094174,415317.7874149921,203704.61229442526,5.309000862438262,0.4904789018604695,-0.3093796692272427,-0.073
Ye2024,2102323789171857664,6680846,-4.9438,0.0105,10.54,6038,0.543192,0.04,0.02,1.16,3.89,11.52693877886925,,0.9143798021484707,-0.03887337569276771,857796.3054157214,624160.6945559883,233635.61085973307,5.368539038873498,0.374319647003622,-0.42675737737040537,0.266
Ye2024,2102324888683484160,6766964,-4.8293,0.0092,2.54,6477,0.44,0.11,0.02,1.4,1.14,8.525863775948729,,0.2979170283209642,-0.5259046727014498,1478452.3258664806,1023731.2821660324,454721.04370044824,5.657745053064813,0.4441800808688192,-0.3524409211651312,0.705
Ye2024,2102393642518591104,6431515,-4.7279,0.0097,7.29,6086,0.528496,-0.2,0.03,1.24,4.07,10.377405303719263,,0.7024877401085282,-0.15336125071067708,1455591.5599130043,659994.3740934618,795597.1858195425,5.900693238271899,1.2054605570120784,0.08115300471575533,0.314
Ye2024,2102404392815721728,6593559,-4.5912,0.0106,5.72,5755,0.632285,-0.05,0.03,1.0,2.04,14.454397707459272,,0.39572731536563177,-0.40260397120697566,1594384.444272682,444958.556029765,1149425.8882429171,6.06048097441803,2.583220105932804,0.4121614122590622,-0.017
Ye2024,2102404431476471936,6593461,-5.0573,0.0096,25.46,5631,0.672711,0.23,0.01,1.14,6.5,11.843039123414078,,2.1497860249118608,0.3323952353460189,499636.1417079074,381617.22376464435,118018.91794326302,5.071951628491218,0.30925993533260726,-0.509676339262895,-0.141
Ye2024,2102412368575741312,6272252,-4.7667,0.009,11.67,5900,0.586103,0.09,0.02,1.08,2.75,12.87049780038931,,0.9067248354330943,-0.04252448866641481,1175762.9835020425,530281.751508605,645481.2319934375,5.809883619243521,1.2172420230511425,0.08537693716640375,0.128
Ye2024,2102416934123892992,6272547,-4.9094,0.0095,19.37,5993,0.557076,-0.39,0.02,0.98,7.31,14.894693714546571,,1.3004631294353317,0.11409804364471528,901132.9031416029,592096.0417386078,309036.86140299507,5.490010284438208,0.5219370501034786,-0.28238187332201153,0.221
Ye2024,2102441574354152064,6676909,-4.8463,0.0106,5.52,6038,0.543192,-0.28,0.02,1.06,6.63,13.24184353201083,,0.4168603855389133,-0.380009374145222,1073703.0118981584,624160.6945559883,449542.31734217005,5.652770579991733,0.7202349030676511,-0.14252583625217038,0.266
Ye2024,2102448961697719424,6592772,-4.8692,0.0102,3.88,6401,0.44,-0.04,0.02,1.26,2.24,10.115976103458719,,0.38355171664288557,-0.41617606916393757,1286480.019193912,941991.9289190745,344488.09027483745,5.537174211969835,0.3657017429757958,-0.4368729697604891,0.629
Ye2024,2102453084866428544,6678230,-4.9733,0.0112,13.13,5996,0.556147,-0.15,0.02,1.18,4.75,11.222913527863295,,1.1699279306930375,0.06815910938175951,779396.1090127549,594188.7849683178,185207.32404443703,5.267658156909582,0.31169777809642146,-0.5062662935329221,0.224
Ye2024,2102476273388356352,6935035,-4.9953,0.0109,12.06,6091,0.526972,-0.09,0.02,1.18,5.12,11.222913527863295,,1.0745872691666436,0.031241691096412626,788980.2548679757,663826.5626699438,125153.69219803193,5.0974436663899345,0.18853372136037685,-0.7246109600950853,0.319
Ye2024,2102481912685904640,6511221,-4.8585,0.0076,39.57,5750,0.633898,0.13,0.01,1.04,3.64,13.628989336448337,,2.9033700902661206,0.462902398530951,858584.6413010564,442240.28889433236,416344.352406724,5.61945267795257,0.9414437419251147,-0.02620562710932605,-0.022
Ye2024,2102486203356539904,6595043,-4.9177,0.0166,23.59,5560,0.696262,0.08,0.03,0.98,4.37,14.894693714546571,,1.5837855045626987,0.19969636381119993,654954.1569953244,348961.31166751427,305992.84532781015,5.48571127200126,0.8768675354457519,-0.05706600865224701,-0.212
Ye2024,2102486723049369856,6595167,-4.9546,0.0123,16.28,6181,0.499749,-0.02,0.03,1.3,3.19,9.620852087644154,,1.6921578101079053,0.22844086275922623,918854.4246882062,736146.3148044357,182708.10988377046,5.261757824854463,0.24819537394859964,-0.6052063174679068,0.409
Ye2024,2102486993626811008,6680396,-4.6504,0.0081,21.07,5543,0.701945,-0.1,0.03,0.9,5.58,16.867395843027396,,1.2491554829259472,0.09661649856159603,1197267.6580125664,341508.4029024102,855759.2551101563,5.932351604767595,2.505821958807552,0.39895021069074066,-0.229
Ye2024,2102488234877860736,6680250,-4.9815,0.0145,24.88,5609,0.679977,0.19,0.02,1.02,7.94,14.032847450821215,,1.7729830020024908,0.2487045719393788,585670.6986843216,371229.39028639306,214441.30839792854,5.3313084483773086,0.5776517538993696,-0.2383339036897835,-0.163
Ye2024,2102489300029780352,6766786,-4.8522,0.0116,27.73,5829,0.608572,-0.19,0.03,1.02,8.22,14.032847450821215,,1.9760779198363776,0.2958040654984594,920000.2765681241,486898.1114132875,433102.16515483655,5.63659035485071,0.8895129288912192,-0.05084773515138005,0.057
Ye2024,2102495209904628096,6594104,-4.9823,0.0152,9.82,6090,0.527277,-0.14,0.03,1.12,5.78,12.171862643132958,,0.8067787394512034,-0.09324555500647572,812420.5629080071,663058.6011412214,149361.9617667857,5.174240009138228,0.2252620831849731,-0.6473119039235437,0.318
Ye2024,2102520326874039168,7022624,-4.8576,0.0108,6.4,6249,0.479442,-0.24,0.02,1.08,3.6,12.87049780038931,,0.49726126364796946,-0.3034153707278978,1200200.588262709,795177.7123033892,405022.8759593199,5.607479553146349,0.5093488784866608,-0.29298464575887684,0.477
Ye2024,2102543760215660160,7188873,-4.9876,0.014,19.65,5897,0.587046,0.05,0.03,1.14,6.45,11.843039123414078,,1.6592024897689734,0.21989939073982778,705563.730408392,528383.7476262897,177179.9827821023,5.248414655145097,0.335324437169132,-0.47453479568843887,0.125
Ye2024,2102546680793452288,7270548,-4.7985,0.0141,10.61,6008,0.552436,0.19,0.03,1.3,3.49,9.620852087644154,,1.102812921698088,0.04250184610738439,1174982.592703425,602623.3621978103,572359.2305056148,5.757668691130664,0.9497793587327579,-0.022377273041926556,0.236
Ye2024,2102569633098814208,7104562,-5.0378,0.0112,15.29,5906,0.584216,-0.14,0.02,1.16,5.23,11.52693877886925,,1.3264579862286638,0.1226934988430246,632390.7474857853,534095.3175971321,98295.42988865322,4.992533326374572,0.18404098790994725,-0.7350854441602996,0.134
Ye2024,2102572106999966080,7104452,-4.6574,0.0071,3.14,6360,0.446764,0.02,0.01,1.26,1.08,10.115976103458719,,0.310400100582129,-0.5080781466849299,2041926.9410089634,900269.7659160018,1141657.1750929616,6.057535710461874,1.2681278637979743,0.10316304514055824,0.588
Ye2024,2102574993218023680,7187461,-4.9797,0.0152,24.64,5654,0.665146,-0.13,0.03,0.92,6.03,16.339848430570573,,1.507969924243636,0.17839267981937712,607204.460540584,392742.96933275944,214461.4912078246,5.33134932142818,0.546060675693771,-0.26275909785399904,-0.118
Ye2024,2102575302455954304,7104724,-4.8023,0.0108,11.43,5957,0.568258,0.0,0.02,1.06,3.97,13.24184353201083,,0.8631728635343803,-0.0639022214791392,1125698.6286424338,567472.1869894437,558226.4416529901,5.746810403976352,0.9837071392247358,-0.007134176720500814,0.185
Ye2024,2102580593855378176,7268752,-4.9935,0.012,17.31,5902,0.585473,0.23,0.02,1.16,3.52,11.52693877886925,,1.5016996560901354,0.17658308130609834,698406.9577220569,531550.3352608046,166856.62246125226,5.222343448277609,0.3139055916113461,-0.5032009481281711,0.13
Ye2024,2102582960376029056,7105818,-4.9312,0.0097,6.02,6271,0.47292,-0.02,0.02,1.34,3.54,9.159880552148511,,0.6572138103469011,-0.18229331910423852,1027445.843888949,815125.4359102146,212320.40797873447,5.32699174002838,0.2604757484247141,-0.5842327054378332,0.499
Ye2024,2102594406470430848,7432991,-4.968,0.0118,18.46,5757,0.63164,0.07,0.02,1.02,4.84,14.032847450821215,,1.315484976566157,0.119085892610491,670496.7150214714,446049.8705414702,224446.8444800012,5.3511135039922655,0.5031877807912825,-0.29826991366642824,-0.015
Ye2024,2102598113020623360,7432354,-4.9496,0.0103,24.01,6137,0.513008,-0.01,0.02,1.24,3.59,10.377405303719263,,2.3136804718800774,0.3643033810283757,903308.7763440483,699988.1196740767,203320.65666997165,5.308181503685026,0.29046301066458147,-0.5369091654666932,0.365
Ye2024,2102613338686257920,7595897,-5.0175,0.0139,9.02,6145,0.51059,-0.02,0.03,1.18,3.23,11.222913527863295,,0.8037128663253006,-0.09489907916577815,776603.3963195262,706446.5440912269,70156.85222829937,4.846070095030906,0.09930949880793764,-1.0030092098875272,0.373
Ye2024,2102675323655148544,7025975,-4.8487,0.0145,8.92,6288,0.467895,-0.28,0.04,1.2,3.56,10.930356368792774,,0.8160758623998265,-0.08826946736106235,1255919.6885418687,830832.2727444682,425087.4157974005,5.628478248390686,0.5116404715397243,-0.2910351094803433,0.516
Ye2024,2102694943065447680,6939527,-5.0379,0.0109,6.92,6187,0.497948,0.16,0.02,1.3,2.55,9.620852087644154,,0.7192710101932864,-0.14310744333719846,761433.8867734453,741198.9884437897,20234.89832965564,4.306101026618347,0.027300223887434777,-1.5638337913226583,0.415
Ye2024,2102699512910864000,7025479,-4.6196,0.0095,11.75,5378,0.758031,-0.07,0.03,0.88,5.5,17.42033268532819,,0.6744991735947801,-0.1710185780950372,1138924.4810822902,275979.37393505126,862945.1071472389,5.935983170661598,3.1268463829123827,0.4951065455562512,-0.394
Ye2024,2102722568291787904,7272437,-4.9026,0.0094,8.68,6034,0.544422,0.14,0.01,1.3,4.33,9.620852087644154,,0.9022069896644114,-0.04469381261746433,940660.6134235655,621251.4368101673,319409.17661339825,5.504347389245518,0.5141383306144345,-0.28892001691921976,0.262
Ye2024,2102723873965472896,7109680,-4.9533,0.0107,12.26,6003,0.553981,0.15,0.02,1.22,3.72,10.648698264908191,,1.151314432525683,0.0611939488790235,819945.7328228762,599096.5527871308,220849.18003574538,5.3440957911578595,0.36863704023718,-0.43340102950105147,0.231
Ye2024,2102725385793971200,7191982,-4.8478,0.0133,22.42,5581,0.689265,0.02,0.03,0.96,6.07,15.354869714245666,,1.4601231021321903,0.16438947244399738,781015.8124435113,358360.19046522083,422655.6219782905,5.625986650143352,1.1794156639709388,0.0716668914008932,-0.191
Ye2024,2102727172500440064,7273859,-4.8005,0.0124,17.84,5560,0.696262,0.08,0.02,0.96,5.14,15.354869714245666,,1.1618463934896643,0.06514871422514729,857849.1058936382,348961.31166751427,508887.79422612395,5.706622034359612,1.4582928743430033,0.16384475370610593,-0.212
Ye2024,2102746894990657792,7435274,-4.6911,0.0086,11.59,5746,0.63519,0.06,0.02,1.02,3.95,14.032847450821215,,0.8259193325244722,-0.08306236811580628,1258850.6928040395,440075.9474744174,818774.7453296221,5.913164438615363,1.8605305516662423,0.26963680594106343,-0.026
Ye2024,2102755862882470400,7598730,-4.99,0.0102,13.06,6190,0.497049,-0.06,0.02,1.32,3.18,9.386296808958306,,1.3913900514562358,0.1434488937944454,851871.978343022,743736.4656110334,108135.51273198868,5.0339683438213525,0.14539493185015143,-0.8374507317704781,0.418
Ye2024,2102756137760412288,7598886,-4.7269,0.0141,16.65,5440,0.736757,-0.07,0.04,0.88,7.71,17.42033268532819,,0.9557796800300499,-0.019642206860453693,931338.0262236262,299207.3397664711,632130.686457155,5.800806873440452,2.1126844246218286,0.3248346305682851,-0.332
Ye2024,2102771114304579456,7439043,-4.6498,0.0072,10.11,5919,0.580135,-0.07,0.02,1.04,2.78,13.628989336448337,,0.7418011527063553,-0.1297124961440757,1558852.7609709515,542438.862782207,1016413.8981887446,6.007070594852764,1.8737851727206387,0.2727197980511964,0.147
Ye2024,2102797438164399232,7522292,-4.6232,0.0118,3.57,6390,0.44,-0.17,0.03,1.24,2.5,10.377405303719263,,0.3440166299296908,-0.4634205629164585,2251205.645792014,930638.5748405916,1320567.0709514222,6.120760463706043,1.4189902574988589,0.15197941368932003,0.618
Ye2024,2102823276688354816,7816999,-4.522,0.0139,8.62,5133,0.844567,0.13,0.03,0.88,3.96,17.42033268532819,,0.4948240745861279,-0.3055491788780796,1183305.2562725185,198663.19376826336,984642.0625042552,5.993278384273733,4.956338634386501,0.6951609712353533,-0.639
Ye2024,2102879313119418880,8022047,-5.0277,0.0131,9.19,6161,0.505764,0.19,0.02,1.28,2.43,9.863939442164517,,0.9316764416371326,-0.0307348859389405,766507.7879894803,719516.9379397813,46990.85004969896,4.672013301344605,0.06530888652079483,-1.1850277206489332,0.389
Ye2024,2102915773102443520,7434544,-4.5025,0.0065,7.87,5176,0.829084,-0.01,0.02,0.84,7.93,18.60920008626386,,0.42290909676494576,-0.3737529730883104,1279642.94684267,210697.5991769617,1068945.3476657083,6.028955501453909,5.073362733326246,0.7052959144463687,-0.596
Ye2024,2102923160446330368,7433253,-4.781,0.0108,19.03,6012,0.551201,-0.36,0.03,0.98,7.01,14.894693714546571,,1.2776362082165391,0.10640721121262493,1226556.686328526,605457.6236415386,621099.0626869873,5.7931608738435605,1.0258340772907821,0.011077121843721659,0.24
Ye2024,2102923847640805632,7433593,-4.8627,0.0123,6.09,6243,0.481225,-0.17,0.03,1.24,3.44,10.377405303719263,,0.5868518981153549,-0.2314714863957763,1181639.707191056,789810.6967246366,391829.0104664195,5.593096587399051,0.4961049680529063,-0.3044264238665361,0.471
Ye2024,2102928623644569984,7517062,-4.735,0.0091,3.03,6449,0.44,-0.09,0.02,1.32,1.63,9.386296808958306,,0.32281101500094905,-0.4910516546423047,1805432.4515527487,992936.0013655163,812496.4501872323,5.909821472214032,0.8182767560747742,-0.08709978519422792,0.677
Ye2024,2102933262209586688,7673005,-4.9532,0.0113,11.72,6243,0.481225,-0.06,0.02,1.34,2.9,9.159880552148511,,1.2794926673198808,0.10703780132000887,959367.6642221614,789810.6967246366,169556.9674975248,5.229315640670019,0.21468051547121544,-0.6682073705955682,0.471
Ye2024,2102950820036066688,7744661,-4.8778,0.0111,13.28,5961,0.567012,-0.15,0.02,1.18,4.99,11.222913527863295,,1.1832934439911298,0.07309245832427876,948611.147570601,570164.0213919693,378447.1261786317,5.578005211675248,0.6637513276525415,-0.17799459722257094,0.189
Ye2024,2102954182989873792,7673172,-4.9484,0.0096,21.75,5792,0.620391,-0.05,0.02,1.0,7.22,14.454397707459272,,1.5047323617486872,0.17745926129065623,718664.0977496612,465523.1683286359,253140.92942102527,5.403362370304837,0.5437772954026652,-0.2645789296782506,0.02
Ye2024,2102960337683463168,7743620,-5.0019,0.0106,8.18,6178,0.50065,0.07,0.02,1.22,2.89,10.648698264908191,,0.7681690096296971,-0.11454321763204973,822438.3488060307,733631.0820018174,88807.26680421329,4.948448504110218,0.12105166886044406,-0.9170292188460741,0.406
Ye2024,2102962910363402880,7813081,-4.839,0.0102,15.73,5970,0.564212,0.0,0.02,1.18,4.65,11.222913527863295,,1.4015968278599755,0.146623105915567,1043539.9049701986,576260.7424817974,467279.1624884013,5.6695764148396846,0.8108814778462224,-0.0910426196223683,0.198
Ye2024,2102970950542215424,7516073,-4.9213,0.0139,31.83,5804,0.61655,-0.38,0.04,0.92,10.9,16.339848430570573,,1.9479984857416772,0.2895886149479923,771296.4841363379,472365.5281359392,298930.95600039867,5.475570891031347,0.632838211501266,-0.1987073055168258,0.032
Ye2024,2103004180709846528,7949259,-4.5292,0.0058,4.98,6097,0.525144,0.0,0.02,1.12,3.12,12.171862643132958,,0.409140338336761,-0.38812770003370783,2316735.837008966,668450.3806042,1648285.456404766,6.2170324266607375,2.4658306797804665,0.3919632517562035,0.325
Ye2024,2103023280423707008,7880925,-5.0105,0.0094,15.84,6246,0.480333,-0.05,0.01,1.2,2.83,10.930356368792774,,1.4491750740373601,0.16112085551628927,842402.5177770867,792490.3055684279,49912.212208658806,4.698206819089161,0.06298147984644226,-1.2007871391648068,0.474
Ye2024,2103085269691444992,8225837,-4.6953,0.0109,9.68,5881,0.592089,-0.15,0.03,0.98,3.92,14.894693714546571,,0.6498958746997424,-0.18715621976600186,1368095.625483835,518359.2045966554,849736.4208871797,5.929284233118719,1.6392810494189543,0.21465341833435123,0.109
Ye2024,2103105056600512256,8423087,-4.5818,0.0069,5.01,5951,0.570128,-0.07,0.02,1.02,3.2,14.032847450821215,,0.3570194871395691,-0.44730807821215657,1862822.7693207876,563454.8861806605,1299367.8831401272,6.113732127976989,2.3060726155873836,0.3628729786101853,0.179
Ye2024,2103112826201667712,8088050,-5.0364,0.0148,28.54,5409,0.747363,0.05,0.03,0.9,9.94,16.867395843027396,,1.6920217125157346,0.22840593173212392,446354.2377603935,287392.0294194837,158962.2083409098,5.2012938874661865,0.553119753049536,-0.2571808317003663,-0.363
Ye2024,2103117529185565440,8156081,-4.9548,0.0091,6.74,6211,0.490763,0.07,0.01,1.24,2.44,10.377405303719263,,0.6494879791949905,-0.18742888249333184,936392.3426742785,761708.4635443493,174683.87912992924,5.242252827547546,0.22933167673770838,-0.6395359536335864,0.439
Ye2024,2103349805316344448,4816116,-4.731,0.0105,7.11,6208,0.491659,-0.46,0.02,1.02,6.23,14.032847450821215,,0.5066683739645382,-0.29527620334963595,1564654.918346338,759118.4435255525,805536.4748207855,5.906085210124266,1.0611472843152843,0.025775666960838297,0.436
Ye2024,2103364923601348992,4992502,-4.7217,0.0129,23.2,5574,0.691594,0.06,0.03,0.96,6.79,15.354869714245666,,1.5109213188879043,0.17924184907594268,1038913.9890958422,355203.38746598864,683710.6016298536,5.8348723141309105,1.9248425712024497,0.28439521527104933,-0.198
Ye2024,2103438522161443200,5343896,-4.9746,0.015,7.53,6197,0.494951,-0.11,0.03,1.16,3.66,11.52693877886925,,0.6532523633944958,-0.18491901036859487,886620.4032355144,749686.2540285944,136934.14920692006,5.136511767803006,0.18265527541831805,-0.738367780052231,0.425
Ye2024,2103506863680265856,4902609,-4.9998,0.0125,22.55,5524,0.708318,0.12,0.02,0.98,4.94,14.894693714546571,,1.5139619808346274,0.18011496913958386,528234.0789819716,333340.7228414999,194893.3561404717,5.289797034393597,0.5846671072143247,-0.2330913384478879,-0.248
Ye2024,2103615028137705344,5428553,-4.7499,0.0105,20.64,5867,0.596512,-0.06,0.02,1.02,8.2,14.032847450821215,,1.4708347733654106,0.1675638888757715,1195022.519783426,509722.05098758306,685300.468795843,5.835881028906813,1.344459137029834,0.128547606981674,0.095
Ye2024,2103632345444733312,5599394,-4.4983,0.0113,5.24,6307,0.462296,-0.08,0.04,1.28,2.77,9.863939442164517,,0.5312279166679624,-0.2747191103413251,2848413.665048326,848693.6612235563,1999720.0038247695,6.300969191010686,2.3562329909967583,0.3722182325077832,0.535
Ye2024,2103656809578515200,5685838,-4.4957,0.0121,17.97,5881,0.592089,0.08,0.03,1.08,0.94,12.87049780038931,,1.3962163918365642,0.1449527323971888,2166289.2981693563,518359.2045966554,1647930.0935727009,6.216938784655052,3.1791276762510368,0.5023079698706839,0.109
Ye2024,2103688489257523584,5770074,-4.8332,0.0146,18.44,5786,0.622314,0.1,0.03,1.04,5.3,13.628989336448337,,1.3529983438086244,0.1312972649825338,933094.1225612025,462134.00548741524,470960.11707378726,5.672984130763373,1.019098597985801,0.008216204114026533,0.014
Ye2024,2103704329096968704,5939938,-4.9458,0.0106,25.56,5348,0.768413,0.36,0.01,0.96,8.5,15.354869714245666,,1.664618487533398,0.22131471367140557,525505.5789186242,265307.39785629645,260198.18106232776,5.415304256263403,0.9807422754312486,-0.008445103795719527,-0.424
Ye2024,2103722883355808512,6103873,-4.6794,0.0163,5.05,6252,0.478551,-0.11,0.04,1.14,1.23,11.843039123414078,,0.42641081798133923,-0.37017178585295635,1812540.060289388,797872.9358621334,1014667.1244272547,6.006323589308097,1.271715180225867,0.10438985541069555,0.48
Ye2024,2103725425976488576,6185204,-4.8723,0.0142,26.08,5328,0.775367,0.0,0.03,0.88,6.49,17.42033268532819,,1.4971011444554776,0.17525114235709024,613152.6382564912,258391.20302671156,354761.43522977957,5.549936403219439,1.372962512168441,0.13765867927561146,-0.444
Ye2024,2103749099836501120,5257199,-4.9324,0.0166,13.02,5968,0.564834,-0.2,0.03,1.0,4.65,14.454397707459272,,0.9007639241364555,-0.045389015767826786,840479.2472235677,574901.1031261829,265578.14409738476,5.424192331658094,0.46195448687301266,-0.3354008103174247,0.196
Ye2024,2103752192212973696,5344690,-4.6279,0.0109,20.04,5932,0.576063,-0.65,0.03,0.84,11.91,18.60920008626386,,1.0768866962095949,0.03217001174783305,1653926.8820549047,550894.014311781,1103032.8677431238,6.042588453570562,2.002259670802771,0.30152039995833396,0.16
Ye2024,2103763045592101120,5344278,-4.6865,0.0102,7.72,6461,0.44,-0.29,0.03,1.36,2.45,8.941232764773126,,0.8634156165149209,-0.06378010056633658,2033811.5098418745,1006035.1951106186,1027776.3147312559,6.011898605079021,1.0216106948606771,0.009285430745829508,0.689
Ye2024,2103796202739591296,5860444,-4.6816,0.0095,6.06,6313,0.460531,-0.19,0.02,1.24,3.92,10.377405303719263,,0.5839610020655255,-0.2336161548623655,1874799.7802080263,854402.1150253027,1020397.6651827235,6.008769456210372,1.1942827004267247,0.07710714145252753,0.541
Ye2024,2103802288712980736,5688301,-4.9324,0.0102,10.03,6079,0.530632,0.03,0.02,1.14,3.28,11.843039123414078,,0.8469109909609569,-0.07216223095119961,904774.4128107263,654661.213017692,250113.19979303435,5.398136612346275,0.38204982183093705,-0.4178799985140342,0.307
Ye2024,2103805308070256512,5859626,-4.7648,0.0115,15.19,5885,0.590827,0.2,0.03,1.18,5.92,11.222913527863295,,1.3534809799868421,0.13145215715506647,1168954.4951192199,520849.9101934713,648104.5849257486,5.81164509381993,1.2443211993355403,0.09493250020478403,0.113
Ye2024,2103952440769227904,6590052,-4.9836,0.0098,10.9,6246,0.480333,-0.14,0.02,1.22,4.39,10.648698264908191,,1.0235992915603545,0.010129976637250931,896230.3693977923,792490.3055684279,103740.06382936437,5.015946510871102,0.13090389005447195,-0.8830474473828657,0.474
Ye2024,2104024115183588992,7016983,-4.786,0.0142,20.69,5851,0.601581,-0.01,0.03,1.2,5.11,10.930356368792774,,1.8928934521359209,0.27712616892854924,1087757.6068654626,500002.51827981346,587755.0885856492,5.769196397788643,1.175504256674018,0.07022420610807865,0.079
Ye2024,2104040023741111040,6024455,-4.8601,0.0129,4.72,6304,0.463179,0.19,0.03,1.38,1.89,8.730003855438706,,0.5406641369418739,-0.2670724368693498,1235880.7124465448,845851.7294111636,390028.9830353812,5.591096880628158,0.4611079808359538,-0.33619736096640773,0.532
Ye2024,2104040779655381760,6105180,-4.9378,0.0152,14.2,5890,0.589251,0.02,0.03,1.04,3.98,13.628989336448337,,1.0418967723472052,0.017824692647979718,787540.5339837857,523977.72900228656,263562.8049814991,5.420884120902758,0.5030038308753175,-0.29842870734630766,0.118
Ye2024,2104061803516507904,6105669,-4.7975,0.0093,15.73,5647,0.667445,-0.05,0.02,0.94,5.42,15.836148205371112,,0.9932970944705412,-0.002920834896996168,919142.5841692613,389327.7891242333,529814.795045028,5.724124081776803,1.3608450509962589,0.13380867823180392,-0.125
Ye2024,2104064865832072192,6268068,-4.9526,0.0133,18.33,5812,0.613993,-0.08,0.02,1.0,3.76,14.454397707459272,,1.2681261696944108,0.10316246496221676,721629.301274046,476974.8934506748,244654.40782337118,5.388553044645815,0.5129293201439156,-0.289942475017372,0.04
Ye2024,2104078541007901952,6267544,-4.8413,0.0153,20.6,5823,0.610484,0.01,0.03,1.02,4.42,14.032847450821215,,1.4679843183782684,0.16672141628975118,939504.5701966162,483375.7626147192,456128.807581897,5.659087501705465,0.943631937841824,-0.025197368556113063,0.051
Ye2024,2104080602592242688,6346734,-4.8454,0.0133,10.66,6245,0.480631,0.04,0.03,1.4,2.58,8.525863775948729,,1.2503131975990072,0.09701881536916558,1231236.5731234539,791596.2371220309,439640.33600142295,5.643097531110895,0.5553845702953346,-0.25540618999569437,0.473
Ye2024,2104082045701606144,6425358,-4.8341,0.007,10.11,6114,0.519977,0.09,0.01,1.2,3.4,10.930356368792774,,0.9249469696033908,-0.03388316614618435,1160949.8885677329,681701.5986369973,479248.2899307356,5.680560571889234,0.7030176999569175,-0.1530337405607589,0.342
Ye2024,2104089467405189376,6504463,-4.83,0.0119,20.06,5924,0.578568,0.01,0.03,1.1,6.53,12.514101920504952,,1.6029915792143847,0.2049312409378431,1032932.4852994999,545677.5686183949,487254.91668110504,5.687756230091763,0.8929355808317161,-0.0491798713448919,0.152
Ye2024,2104095755237308928,6672090,-4.7863,0.0121,12.37,6026,0.546884,-0.21,0.02,1.0,3.92,14.454397707459272,,0.8557949110267246,-0.06763030037087929,1223005.0377681144,615467.8159487327,607537.2218193817,5.783572890888553,0.9871145266676112,-0.005632456839681769,0.254
Ye2024,2104104723128736128,6266866,-5.0064,0.0085,30.17,5623,0.67535,0.05,0.01,0.98,8.63,14.894693714546571,,2.0255535681499204,0.3065437331005929,558578.3137794448,377811.3396689362,180766.97411050857,5.257119088353358,0.47845830744230383,-0.3201559003879332,-0.149
Ye2024,2104132348358513920,6503536,-4.9191,0.0164,16.88,6003,0.553981,0.06,0.03,1.12,3.11,12.171862643132958,,1.3868050022338403,0.1420153994962108,887125.5960766011,599096.5527871308,288029.04328947025,5.459436281871736,0.48077232617930266,-0.3180605387871751,0.231
Ye2024,2104132447138563200,6503434,-4.9443,0.0123,3.82,6019,0.549041,-0.04,0.02,1.32,3.58,9.386296808958306,,0.40697626313651003,-0.390430920232901,846075.4817938275,610445.1118161589,235630.36997766863,5.372231265163001,0.3859976358507247,-0.41341535527676554,0.247
Ye2024,2104137467959787520,6586078,-4.9692,0.0137,22.13,5589,0.686606,0.02,0.02,0.96,3.67,15.354869714245666,,1.4412365856460914,0.15873527811230093,593947.6592128028,361997.41793114546,231950.2412816573,5.3653948286212705,0.6407510932185044,-0.19331064417086005,-0.183
Ye2024,2104172854190854528,6587796,-4.601,0.0083,10.83,5753,0.63293,0.1,0.02,1.06,1.72,13.24184353201083,,0.8178619520627592,-0.08731999524910058,1556643.7516073675,443869.53361761797,1112774.2179897495,6.046407054875349,2.5069848991897143,0.3991517179955795,-0.019
Ye2024,2104185331074880000,6672483,-4.8991,0.0153,16.96,5841,0.604756,0.06,0.03,1.08,6.22,12.87049780038931,,1.3177423486671191,0.11983050320891005,832646.3096816496,494008.93503821513,338637.3746434344,5.529734888520852,0.6854883598759978,-0.16399991546898868,0.069
Ye2024,2104240925131946240,6929580,-4.7493,0.0104,11.92,5880,0.592405,0.03,0.02,1.06,4.48,13.24184353201083,,0.9001767745695375,-0.045672196470203284,1207316.2356137233,517738.12770392164,689578.1079098016,5.83858346545458,1.3319052065335817,0.12447331661780192,0.108
Ye2024,2104241543607191680,6843676,-5.0122,0.0096,8.88,6165,0.504559,-0.17,0.02,1.2,3.96,10.930356368792774,,0.8124163293845809,-0.0902213559585843,796423.4892111464,722816.7708987029,73606.71831244347,4.8669174555448755,0.10183316336299959,-0.9921107650239663,0.393
Ye2024,2104354037389317376,5768999,-4.902,0.0101,32.79,5694,0.652062,-0.1,0.02,0.94,5.15,15.836148205371112,,2.070579257958617,0.3160918591490822,746932.8978126225,412755.7317420427,334177.1660705798,5.5239767717442785,0.8096245318270427,-0.09171634107282349,-0.078
Ye2024,2104438661126079616,6181503,-5.0251,0.0104,12.39,5964,0.566078,0.18,0.02,1.26,4.98,10.115976103458719,,1.2247953013415855,0.0880635116179186,677114.7521022527,572190.0813037746,104924.67079847807,5.020877615285208,0.18337380221516592,-0.7366627099205375,0.192
Ye2024,2104444506580858624,6181735,-4.8445,0.0071,11.26,6026,0.546884,0.06,0.01,1.22,4.05,10.648698264908191,,1.057406240639412,0.024241869211954717,1069616.8748568585,615467.8159487327,454149.05890812585,5.657198418576297,0.7378924569891006,-0.1320069291519375,0.254
Ye2024,2104460002823036160,6102714,-5.061,0.0184,18.33,5767,0.628419,0.05,0.03,1.02,5.11,14.032847450821215,,1.3062209978579444,0.11601666088281438,545018.8741453034,451540.9656829454,93477.908462358,4.970708986631845,0.2070197735458505,-0.6839881708149814,-0.005
Ye2024,2104464607027235584,6183716,-4.838,0.0128,7.51,6229,0.485392,-0.07,0.03,1.14,1.17,11.843039123414078,,0.6341277708989818,-0.1978232269674493,1239609.968781644,777408.4066824336,462201.56209921045,5.664831408927428,0.5945415024152381,-0.22581782373526427,0.457
Ye2024,2104527347910361600,6263957,-4.8125,0.0128,9.89,6031,0.545345,0.02,0.03,1.1,2.89,12.514101920504952,,0.790308410689445,-0.10220339614937675,1155231.5747456078,619077.1373478677,536154.4373977401,5.729289904709343,0.8660543332203007,-0.062454861010874496,0.259
Ye2024,2104601083908321408,6099826,-4.5173,0.0095,6.57,5237,0.807339,0.0,0.02,0.88,3.44,17.42033268532819,,0.37714549536320896,-0.4234910751430115,1296110.5098721536,228840.10902675573,1067270.400845398,6.028274465082827,4.663825783794806,0.6687423190773494,-0.535
Ye2024,2104675880761198976,6497197,-4.9599,0.0096,28.96,5740,0.637129,-0.05,0.01,0.98,9.46,14.894693714546571,,1.9443165838124528,0.2887669804507138,675086.3180013968,436846.4807850584,238239.83721633843,5.377014383665026,0.5453628395682546,-0.2633144577406889,-0.032
Ye2024,2104697080719589760,6580292,-4.9097,0.01,24.93,5771,0.627132,-0.11,0.02,0.94,8.01,15.836148205371112,,1.5742464440655175,0.1970727209834904,774312.0784637068,453753.58976445324,320558.48869925353,5.505907281910537,0.7064593998378234,-0.15091279196553584,-0.001
Ye2024,2104728077501818240,6922583,-4.8083,0.009,16.76,5783,0.623277,-0.1,0.02,0.98,2.94,14.894693714546571,,1.1252329400793062,0.0512424372198622,986108.053862045,460447.37959117006,525660.674270875,5.720705487792641,1.1416302873470747,0.05752548205230027,0.011
Ye2024,2104757248919095552,6838446,-4.6805,0.0079,13.06,5663,0.662194,-0.1,0.02,0.94,3.77,15.836148205371112,,0.8246954897511296,-0.08370638058122785,1217020.75052969,397171.6667856764,819849.0837440136,5.913733915640709,2.0642184533934147,0.3147556561736772,-0.109
Ye2024,2104785458264845056,7093456,-4.8252,0.0115,13.98,5976,0.562348,0.01,0.03,1.08,3.22,12.87049780038931,,1.0862050727810333,0.035911826697877604,1081568.6534701777,580356.2303092787,501212.42316089896,5.70002182697367,0.863628917869628,-0.06367282411809397,0.204
Ye2024,2104841052321306624,7257035,-4.5902,0.0054,4.64,6278,0.470849,-0.08,0.01,1.16,2.48,11.52693877886925,,0.402535320869915,-0.3951960060144146,2263064.7607831843,821561.8139309066,1441502.9468522777,6.158815534549669,1.7545885439284892,0.24417528943330222,0.506
Ye2024,2104843526222541184,7257684,-4.574,0.0053,6.34,6027,0.546576,0.19,0.01,1.16,2.51,11.52693877886925,,0.5500159341196684,-0.25962472868756276,1995338.1331871736,616188.2319586395,1379149.901228534,6.13961147265757,2.2381957812545616,0.34989807280879465,0.255
Ye2024,2104872212304516992,6502217,-4.5512,0.0056,5.68,6006,0.553054,-0.13,0.02,1.02,3.11,14.032847450821215,,0.40476460817420207,-0.3927974683683834,2073733.999292957,601210.5063704243,1472523.4929225326,6.168062232331961,2.449264404596525,0.3890356708980768,0.234
Ye2024,2104888090803768064,6584248,-5.1637,0.0249,21.49,5586,0.687603,-0.05,0.03,0.96,10.61,15.354869714245666,,1.3995559975388387,0.14599027967648628,378717.5770577544,360629.7627195692,18087.814338185184,4.257386091557809,0.05015618844596175,-1.2996754745653438,-0.186
Ye2024,2104899566955872384,6841560,-5.006,0.0107,4.74,6281,0.469962,0.14,0.02,1.38,2.24,8.730003855438706,,0.5429550866746785,-0.2652360938293524,870416.0893984647,824333.5836109843,46082.50578748039,4.663536086302474,0.05590273974477235,-1.2525669071962409,0.509
Ye2024,2104964541221405696,7094821,-4.5967,0.0113,4.19,6451,0.44,-0.21,0.04,1.26,1.78,10.115976103458719,,0.41419631256022954,-0.3827937717918495,2485535.1211897763,995108.9799157166,1490426.1412740597,6.173310459246956,1.4977516747967599,0.17543981389390617,0.679
Ye2024,2104997213033988096,7421820,-5.0336,0.0122,32.73,5318,0.778853,0.06,0.02,0.9,8.27,16.867395843027396,,1.9404299457126837,0.28789796826150005,419763.88298376725,254991.5257805221,164772.35720324516,5.2168843546848285,0.6461875809358035,-0.18964139293378746,-0.454
Ye2024,2105006563181550080,7504769,-4.7695,0.0085,21.63,5416,0.744963,0.18,0.01,0.96,6.76,15.354869714245666,,1.4086736261873003,0.14881038362413446,829519.0408990755,290024.3903318324,539494.6505672431,5.731987142734137,1.8601699324321601,0.2695526202106668,-0.356
Ye2024,2105009483759405952,7662805,-4.7483,0.0097,12.54,6155,0.507572,0.02,0.03,1.18,2.17,11.222913527863295,,1.1173569117205397,0.04819191978697771,1452860.664772178,714591.4304492484,738269.2343229296,5.868214770573106,1.0331347436657552,0.014156966838393965,0.383
Ye2024,2105038723896117120,7506620,-4.7384,0.0109,11.2,5710,0.646854,-0.1,0.03,0.94,4.15,15.836148205371112,,0.7072426864634495,-0.15043153485010144,1100921.0346403264,421002.39177624264,679918.6428640838,5.83245694936943,1.6149994777831376,0.2081723862362001,-0.062
Ye2024,2105043706058462208,7587899,-5.0534,0.0107,9.47,6099,0.524536,0.01,0.02,1.3,3.47,9.620852087644154,,0.9843202986315641,-0.006863558790682771,693819.1300074358,669997.7822816137,23821.347725822125,4.376966328655155,0.03555436802298179,-1.4491070365166394,0.327
Ye2024,2105052192913636864,7588313,-4.8127,0.0102,5.72,6267,0.474104,-0.32,0.02,1.12,3.83,12.171862643132958,,0.4699362922261592,-0.3279610140004012,1346326.8758697081,811466.9712356244,534859.9046340837,5.72824004255975,0.6591271408368602,-0.18103080507504402,0.495
Ye2024,2105070369215521792,7735205,-4.8937,0.0157,11.15,6075,0.531853,-0.1,0.04,1.08,4.1,12.87049780038931,,0.8663223577616969,-0.06232047732760549,986499.491450938,651630.3296271437,334869.16182379436,5.524875155105067,0.5138943763029004,-0.289126134900898,0.303
Ye2024,2105094421032808704,7663576,-4.6909,0.0076,12.0,5661,0.66285,-0.03,0.02,0.96,3.84,15.354869714245666,,0.781511027010985,-0.10706488976733217,1186545.3895347563,396183.8262005124,790361.5633342438,5.897825811592559,1.9949364690476645,0.2999290696561706,-0.111
Ye2024,2105109539317423360,7803053,-4.8266,0.0111,4.82,6361,0.446473,-0.04,0.02,1.3,2.32,9.620852087644154,,0.5009951255970579,-0.30016649955510666,1383927.4351793157,901268.1812334525,482659.2539458632,5.683640637262056,0.5355334449789497,-0.2712134015524968,0.589
Ye2024,2105135854577044480,7941200,-4.891,0.0075,17.37,5907,0.583902,0.05,0.01,1.08,2.66,12.87049780038931,,1.3495981483695672,0.13020447373531366,887318.670991827,534733.1945237245,352585.47646810254,5.547264419081662,0.6593671013488193,-0.18087272546569155,0.135
Ye2024,2105209869753501184,7732522,-4.5919,0.0108,8.03,5688,0.654019,0.03,0.03,0.98,4.17,14.894693714546571,,0.5391181687850136,-0.26831603179571456,1518973.1162486835,409699.17878377665,1109273.9374649068,6.045038809303626,2.7075327335482373,0.4325737158655714,-0.084
Ye2024,2105221689503593984,7939374,-4.9879,0.0088,6.28,6237,0.48301,0.06,0.01,1.3,2.5,9.620852087644154,,0.6527488358401502,-0.18525389405676007,882296.817757427,784474.7971641409,97822.02059328614,4.99043662928317,0.12469746758839238,-0.9041423662773095,0.465
Ye2024,2105239625286482560,7583949,-4.9068,0.0115,15.22,5883,0.591458,-0.11,0.02,1.0,4.31,14.454397707459272,,1.0529667377386216,0.02241465243455413,841796.5280217878,519603.2766910856,322193.25133070216,5.508116439433505,0.6200754802442333,-0.2075554416979903,0.111
Ye2024,2105242683303540992,7660548,-4.9502,0.0106,19.02,6075,0.531853,0.1,0.02,1.16,1.56,11.52693877886925,,1.650047802359005,0.21749652603209962,866157.4909090124,651630.3296271437,214527.1612818687,5.331482286022188,0.32921604708703317,-0.4825190039837766,0.303
Ye2024,2105243920254102016,7660389,-4.914,0.0095,19.52,5703,0.649131,0.1,0.02,1.02,4.48,14.032847450821215,,1.3910220337254269,0.1433340092512707,731181.547828702,417377.2465486244,313804.3012800776,5.496658892117076,0.7518481275033267,-0.12386987755791824,-0.069
Ye2024,2105259760093643776,7801387,-4.7388,0.0122,14.29,5650,0.66646,0.08,0.03,1.0,3.45,14.454397707459272,,0.9886264574431604,-0.004967771209029719,1054400.317203208,390788.3039936839,663612.0132095242,5.821914239352598,1.6981368337478437,0.2299726822255547,-0.122
Ye2024,2105262921189529344,7870062,-4.5657,0.0045,9.83,5501,0.716061,0.22,0.01,1.0,4.58,14.454397707459272,,0.6800698444133148,-0.16744648216786426,1411491.660077308,323678.30926666775,1087813.3508106403,6.036554384638933,3.3607854455098107,0.5264407877430803,-0.271
Ye2024,2105269415180162816,8007895,-4.9856,0.0105,21.32,5728,0.641013,0.2,0.01,1.08,5.65,12.87049780038931,,1.6565015845272983,0.21919185564274968,630991.8848202935,430448.5166604475,200543.368159846,5.30220830471604,0.46589396965686714,-0.3317129108475416,-0.044
Ye2024,2105301502875692416,7871905,-5.0051,0.0109,10.17,6063,0.535523,0.09,0.03,1.26,3.61,10.115976103458719,,1.005340453159316,0.0023131581645997423,757289.6295493154,642609.8172589816,114679.8122903338,5.059486973415195,0.17845947760259018,-0.7484603826413172,0.291
Ye2024,2105307893787024640,8008974,-4.6469,0.0099,14.14,5800,0.617829,-0.12,0.03,0.98,3.36,14.894693714546571,,0.9493313706874338,-0.022582167613514878,1446850.6737988926,470075.21637032245,976775.4574285701,5.989794738941281,2.0779131156301425,0.3176273843225732,0.028
Ye2024,2105325318473573760,8145619,-4.8892,0.0176,19.93,5654,0.665146,0.24,0.03,1.06,6.58,13.24184353201083,,1.505077442715678,0.17755884682606665,747885.2245244419,392742.96933275944,355142.25519168243,5.550402348181126,0.9042612673500998,-0.04370607110105358,-0.118
Ye2024,2105329132404419072,8078425,-4.6674,0.0121,9.63,5618,0.677001,0.17,0.02,1.02,1.98,14.032847450821215,,0.6862470381545012,-0.16351951695486772,1214894.8080870162,375449.24108442495,839445.5670025912,5.9239925400013504,2.235843025219567,0.34944130919915767,-0.154
Ye2024,2105335896974388864,8213913,-4.8405,0.0062,33.06,5348,0.768413,-0.01,0.01,0.88,10.95,17.42033268532819,,1.8977823556632707,0.27824640453263644,669695.4233111058,265307.39785629645,404388.02545480937,5.606798286988459,1.5242244608416304,0.18304892692933647,-0.424
Ye2024,2105352428307212032,8346347,-4.7826,0.0088,5.96,6243,0.481225,-0.06,0.02,1.28,3.02,9.863939442164517,,0.6042210655231023,-0.21880413758481534,1420970.5473812239,789810.6967246366,631159.8506565873,5.800139364737368,0.7991280103878333,-0.0973836465282192,0.471
Ye2024,2105355623762897664,8346519,-4.6149,0.0108,5.96,6455,0.44,-0.41,0.02,1.26,3.54,10.115976103458719,,0.5891670698947418,-0.22976153501790839,2389443.264745452,999467.1823069545,1389976.0824384973,6.143007327337298,1.3907170811053309,0.14323878879010377,0.683
Ye2024,2105360949522677248,8411788,-4.9309,0.0146,18.32,5787,0.621994,0.03,0.03,1.02,5.13,14.032847450821215,,1.305508384111159,0.11577966525242935,745633.9364459092,462697.3910015398,282936.5454443694,5.451689046643154,0.6114937126227016,-0.213608004019853,0.015
Ye2024,2105394209749195136,8410335,-4.9809,0.0104,34.65,5311,0.781298,-0.22,0.02,0.8,13.34,19.92161221406761,,1.7393170606710215,0.24037875690128138,471429.70300010475,252634.65536452754,218795.0476355772,5.34003748763908,0.8660531838748606,-0.062455437365838015,-0.461
Ye2024,2105407159072594176,8476341,-4.7935,0.0092,7.78,6179,0.50035,-0.22,0.02,1.08,4.19,12.87049780038931,,0.6044832236220629,-0.21861574772209608,1329794.4543634877,734468.672207114,595325.7821563736,5.774754691229365,0.8105529952249573,-0.09121858503341328,0.407
Ye2024,2105407575687574016,8411245,-4.6902,0.0133,14.9,5485,0.721467,-0.07,0.03,0.9,5.45,16.867395843027396,,0.8833610201991748,-0.05386176863423012,1047413.7341595578,317099.2793018212,730314.4548577366,5.863509896564804,2.3031097909327296,0.36231464159415777,-0.287
Ye2024,2105419945193281408,8475297,-4.8238,0.0106,19.95,5644,0.668432,0.11,0.02,1.0,4.75,14.454397707459272,,1.3802027869832785,0.1399429000227671,863296.0562549605,387871.9609535244,475424.0953014361,5.6770811887326555,1.2257243192642182,0.08839280290236731,-0.128
Ye2024,2105426267385270016,8605056,-4.8759,0.0078,24.78,5679,0.656958,0.11,0.01,1.0,7.04,14.454397707459272,,1.7143571459371252,0.23410130204004478,784872.6782253477,405150.77521120117,379721.9030141465,5.579465648716913,0.937236027294286,-0.028151025501474667,-0.093
Ye2024,2105431421346086912,8733715,-4.6506,0.0127,3.92,6418,0.44,-0.26,0.04,1.2,2.55,10.930356368792774,,0.3586342354940942,-0.4453482547167282,2150852.297272531,959771.7770256861,1191080.5202468447,6.07594112195032,1.2410039019254973,0.09377314699594838,0.646
Ye2024,2105466949316264192,6933237,-4.8629,0.0131,18.82,5837,0.606027,0.05,0.03,1.04,5.85,13.628989336448337,,1.3808800884207326,0.14015596735616137,902548.4191525904,491628.8244133474,410919.59473924304,5.613756851128572,0.8358329990711725,-0.07788048670805336,0.065
Ye2024,2105485331776515328,7186037,-4.8668,0.0123,11.84,5852,0.601264,0.24,0.02,1.12,2.44,12.171862643132958,,0.9727352622303714,-0.012005340406524435,903709.8302967496,500605.2939988955,403104.5362978541,5.605417685471436,0.8052342656582923,-0.09407775257414072,0.08
Ye2024,2105486877964583936,7018859,-5.0072,0.0097,18.83,5939,0.573875,-0.04,0.02,1.04,6.48,13.628989336448337,,1.3816138185421036,0.140386668281588,693849.1134758535,555493.4510236821,138355.66245217132,5.1409969381167135,0.2490680352706316,-0.6036820050862891,0.167
Ye2024,2105489489304756480,7102876,-4.9631,0.0152,10.74,6012,0.551201,0.26,0.02,1.28,3.26,9.863939442164517,,1.0888144704225031,0.03695388403848502,806468.9000172138,605457.6236415386,201011.27637567522,5.303220421253151,0.3319989187132344,-0.47886333074668774,0.24
Ye2024,2105493337595846400,7102507,-4.8247,0.0088,18.36,5771,0.627132,-0.15,0.02,0.94,5.23,15.836148205371112,,1.1593728324525834,0.06422311934494064,941707.5099589521,453753.58976445324,487953.92019449885,5.688378811449124,1.0753720327541634,0.03155873757305079,-0.001
Ye2024,2105496567411342208,7185607,-4.9452,0.0109,27.19,5483,0.722144,0.07,0.02,0.94,7.65,15.836148205371112,,1.7169579147268923,0.23475965006721713,581412.976016828,316285.02748700563,265127.94852982234,5.423455511409054,0.8382564000463631,-0.07662312206948683,-0.289
Ye2024,2105498766434635776,7267385,-4.9437,0.0101,3.84,6428,0.44,0.06,0.01,1.32,1.31,9.386296808958306,,0.40910702891209383,-0.3881630587770789,1102085.2983061646,970364.4334315672,131720.8648745974,5.119654573611629,0.1357437065255821,-0.8672802964320862,0.656
Ye2024,2105498835153613184,7185532,-5.0137,0.0149,20.62,5760,0.630673,0.28,0.02,1.24,4.75,10.377405303719263,,1.9870092182493626,0.2981998819188461,604785.9179125978,447691.1488029511,157094.76910964667,5.196161724284802,0.35089987713559,-0.45481678384884183,-0.012
Ye2024,2105510620544051584,6932503,-4.6822,0.0137,8.79,6036,0.543807,-0.11,0.03,1.04,4.35,13.628989336448337,,0.6449487766853474,-0.19047477666130488,1564619.2205833995,622704.6076808593,941914.6129025402,5.974011534612362,1.5126186658719545,0.17972945533231757,0.264
Ye2024,2105526597822319104,7100708,-4.722,0.0165,2.78,6307,0.462296,0.0,0.03,1.38,2.5,8.730003855438706,,0.3184420128598325,-0.4969696395853613,1701778.6099129904,848693.6612235563,853084.9486894341,5.9309922795967704,1.0051741725742913,0.002241321093867508,0.535
Ye2024,2105576518224006656,7268506,-4.9866,0.0097,11.76,6005,0.553363,0.09,0.01,1.22,4.09,10.648698264908191,,1.1043603365825476,0.043110800436747004,760437.9520715858,600505.1450858195,159932.80698576628,5.203937559627739,0.26633045244418335,-0.5745791731316822,0.233
Ye2024,2105597791199754880,7430069,-5.1964,0.0204,20.84,5089,0.860545,0.0,0.03,0.84,10.62,18.60920008626386,,1.1198761850802375,0.049170009180111836,241958.86583607193,186964.3390895886,54994.526746483316,4.740319469092782,0.29414447169056834,-0.531439309563947,-0.683
Ye2024,2105611466375860352,7514317,-4.908,0.0103,8.05,6123,0.517247,0.1,0.03,1.18,2.48,11.222913527863295,,0.7172825469976353,-0.14430973633985134,985073.8137691764,688807.7565985208,296266.0571706556,5.471681897757838,0.43011428708886845,-0.36641613126407946,0.351
Ye2024,2105611633876628736,7595226,-4.7867,0.0107,5.58,6302,0.463768,-0.03,0.03,1.26,2.45,10.115976103458719,,0.5516027265121911,-0.25837359582056607,1461589.2226026328,843961.6485850975,617627.5740175353,5.7907266768619055,0.7318194790639936,-0.13559603494586184,0.53
Ye2024,2105631184565320192,7669777,-4.5796,0.009,9.55,5827,0.609209,-0.13,0.03,0.96,6.97,15.354869714245666,,0.6219525256629089,-0.2062427642312106,1721043.3476986887,485721.5559264273,1235321.7917722615,6.091780102686555,2.54327150339479,0.4053927251509992,0.055
Ye2024,2105651735988961920,7592977,-4.6951,0.0083,11.68,5940,0.573562,-0.15,0.02,1.0,3.84,14.454397707459272,,0.8080585740333179,-0.09255715722361925,1424483.8064850625,556153.1957798367,868330.6107052257,5.938685111198932,1.5613155103561969,0.19349067408151632,0.168
Ye2024,2105658534917060096,7739768,-4.8548,0.0083,17.26,5799,0.618149,0.29,0.01,1.12,3.85,12.171862643132958,,1.418024546122991,0.15168374858576544,895827.0490617313,469504.12976018945,426322.9193015419,5.629738681130889,0.908028049762409,-0.04190073554402831,0.027
Ye2024,2105662559306937472,7668546,-5.0235,0.0121,9.79,6080,0.530327,-0.05,0.02,1.28,3.75,9.863939442164517,,0.9925040656830825,-0.00326770552191395,734050.6941942527,655420.8213183674,78629.87287588534,4.895587573525272,0.1199685306269684,-0.9209326603475114,0.308
Ye2024,2105688913226490496,7947574,-4.8821,0.0108,29.57,5567,0.693926,0.31,0.02,1.14,6.81,11.843039123414078,,2.496825324298654,0.3973881605545,714490.7684066541,352070.47824942844,362420.2901572257,5.559212503730624,1.029396988805363,0.01258289351670802,-0.205
Ye2024,2105691421487403008,8016222,-4.7506,0.0071,5.53,5957,0.568258,-0.13,0.01,1.02,3.93,14.032847450821215,,0.39407540197241864,-0.40442067277470395,1268008.418843118,567472.1869894437,700536.2318536743,5.845430601987528,1.2344855799368117,0.09148602129067465,0.185
Ye2024,2105691971243235456,8016250,-4.9693,0.0171,12.57,5977,0.562037,-0.06,0.03,1.22,4.43,10.648698264908191,,1.180425972010427,0.07203875638258504,776684.7177702198,581041.2341739337,195643.48359628604,5.291465387195528,0.336711875318853,-0.47274156643192616,0.205
Ye2024,2105697842459074944,7877888,-4.9393,0.0086,8.84,6124,0.516944,-0.08,0.02,1.1,3.67,12.514101920504952,,0.7064030688063391,-0.1509474227334831,917175.5413584292,689601.2392774703,227574.30208095897,5.3571232195220775,0.3300085456914201,-0.48147481376279727,0.352
Ye2024,2105698190355986432,7946696,-4.7775,0.0097,13.78,5964,0.566078,-0.3,0.03,0.98,5.75,14.894693714546571,,0.9251616893969473,-0.03378235950278855,1197463.475823228,572190.0813037746,625273.3945194534,5.796069949775804,1.0927721660164482,0.038529624570058825,0.192
Ye2024,2105742922434494592,7510049,-4.6458,0.0068,6.94,6022,0.548116,0.06,0.01,1.12,2.57,12.171862643132958,,0.5701674594492212,-0.24399757233857042,1685678.4755231142,612593.375077556,1073085.1004455583,6.03063416482558,1.7517086277821774,0.2434618690295574,0.25
Ye2024,2105762683584806912,7667638,-4.7641,0.0083,10.73,6137,0.513008,-0.01,0.02,1.18,3.03,11.222913527863295,,0.9560797179235561,-0.019505894741768785,1384637.9475372026,699988.1196740767,684649.827863126,5.8354685033010085,0.9780877826639509,-0.009622165850711304,0.365
Ye2024,2105847689577439616,8081837,-4.8812,0.0096,17.07,5880,0.592405,-0.05,0.02,1.04,6.74,13.628989336448337,,1.2524773171807602,0.09776986937965687,891088.9145475257,517738.12770392164,373350.78684360406,5.572117070948794,0.72111897282773,-0.14199307788798365,0.108
Ye2024,2105855557957319552,7738921,-4.8934,0.0114,13.98,5866,0.596829,0.13,0.02,1.1,3.62,12.514101920504952,,1.1171396947864956,0.04810748366310643,858183.126442742,509109.8661951929,349073.26024754904,5.542916582209444,0.685654086526216,-0.16389493123451557,0.094
Ye2024,2105886962757852800,8082956,-4.7645,0.0124,22.89,5492,0.7191,-0.14,0.03,0.96,12.24,15.354869714245666,,1.4907322840234538,0.17339965685958592,887225.1636992542,319963.3435165599,567261.8201826942,5.753783554158799,1.772896276017741,0.24868332777753974,-0.28
Ye2024,2105889161780838528,8151014,-4.6373,0.012,3.78,6452,0.44,-0.27,0.03,1.3,2.4,9.620852087644154,,0.3928965922732114,-0.4057217379567309,2265109.343308207,996196.9986539969,1268912.3446542104,6.103431622451036,1.2737564421180656,0.10508639349672239,0.68
Ye2024,2105911461251120640,8285506,-4.9048,0.0095,21.52,5711,0.646529,-0.03,0.02,0.98,10.18,14.894693714546571,,1.4448098371424025,0.159810689919956,751035.3470089362,421522.4687859324,329512.8782230038,5.517872392623177,0.7817207921847338,-0.10694833653846014,-0.061
Ye2024,2105916134175840384,8351635,-5.0355,0.0134,36.17,5487,0.720791,-0.22,0.03,0.88,13.47,17.42033268532819,,2.076309370972187,0.3172920640588275,473643.49533670716,317915.32935215946,155728.1659845477,5.192367168929014,0.489841638973141,-0.3099443004533452,-0.285
Ye2024,2105929358374888064,8150612,-4.7566,0.007,12.6,5963,0.56639,0.14,0.01,1.14,2.65,11.843039123414078,,1.063916100309876,0.026907381145945156,1255656.8609993944,571514.0426390963,684142.8183602982,5.835146772409148,1.1970708807103196,0.07811986652168713,0.191
Ye2024,2105930084229096704,8082356,-4.8037,0.0085,17.45,5759,0.630995,0.12,0.02,1.04,3.97,13.628989336448337,,1.2803590617928684,0.10733177956012194,980166.9413911187,447143.48117819923,533023.4602129194,5.726746324255077,1.1920635828312447,0.07629942061923853,-0.013
Ye2024,2105959667964457216,8480493,-4.9338,0.0131,31.24,5760,0.630673,-0.04,0.03,1.12,6.26,12.171862643132958,,2.566575134465946,0.4093539824118373,726945.1950743769,447691.1488029511,279254.0462714258,5.445999474574116,0.6237649482642285,-0.20497903355952854,-0.012
Ye2024,2105963035218958976,8351510,-4.8643,0.0095,29.6,5365,0.762523,-0.14,0.02,0.84,9.0,18.60920008626386,,1.5906110882137732,0.20156400561156362,642082.2168452078,271310.48044112616,370771.7364040817,5.569106620856549,1.3665957017260837,0.1356400504276612,-0.407
Ye2024,2105966226374139904,8351050,-4.939,0.01,20.09,5812,0.613993,0.11,0.02,1.06,4.65,13.24184353201083,,1.5171603524414436,0.18103148487382825,744584.7877752826,476974.8934506748,267609.89432460786,5.427502166536522,0.5610565629326612,-0.25099335312666504,0.04
Ye2024,2105978531460638848,8416021,-4.8331,0.0091,13.41,6020,0.548733,0.01,0.02,1.17,4.27,11.37345562916886,,1.1790611786982426,0.07153634019409569,1093698.7144929436,611160.4800741681,482538.23441877554,5.683531730818088,0.7895442361721696,-0.10262353254957286,0.248
Ye2024,2106033781919463040,8086876,-4.9542,0.0118,19.69,5926,0.577942,-0.16,0.03,1.02,7.29,14.032847450821215,,1.4031364674207816,0.14709991205871595,777066.748067657,546977.6894634927,230089.05860416428,5.361895967209215,0.4206552900354106,-0.376073645156211,0.154
Ye2024,2106040310269757440,8155028,-4.9908,0.0083,34.94,5628,0.6737,0.22,0.01,1.14,6.58,11.843039123414078,,2.950256233716434,0.4698597366752944,581069.5153902937,380186.17985169374,200883.33553859993,5.302943910945316,0.5283814777721858,-0.27705241483177645,-0.144
Ye2024,2106047663254437376,8354979,-4.8013,0.0117,17.48,5802,0.617189,-0.11,0.03,0.96,6.31,15.354869714245666,,1.1384010626793348,0.05629529248342727,1015366.0414529539,471219.17814932426,544146.8633036297,5.735716130055402,1.15476383079467,0.062493172565550426,0.03
Ye2024,2106051030508325504,8222161,-4.8196,0.0083,17.73,5723,0.642634,0.14,0.02,1.04,5.07,13.628989336448337,,1.300903505191264,0.11424508386584106,921524.1482575397,427806.52934644464,493717.6189110951,5.6934786258205685,1.1540675166069627,0.062231217166425296,-0.049
Ye2024,2106052817215218688,8288405,-4.5279,0.0034,12.88,5419,0.743935,-0.05,0.01,0.9,3.89,16.867395843027396,,0.7636033516889511,-0.11713217402271088,1450067.9065200042,291158.86292142177,1158909.0435985825,6.0640493519141305,3.980332358666169,0.5999193372767749,-0.353
Ye2024,2106055153677432064,8288288,-4.78,0.0086,10.12,6010,0.551818,0.01,0.02,1.34,3.46,9.159880552148511,,1.1048179004502723,0.043290702141717256,1227749.1005386428,604039.0663576672,623710.0341809756,5.794982730990965,1.032565721190723,0.013917703371652122,0.238
Ye2024,2106066973426748544,8016413,-4.5905,0.011,9.03,5919,0.580135,-0.17,0.04,1.14,5.52,11.843039123414078,,0.7624732052220778,-0.11777541365811195,1786919.9458343391,542438.862782207,1244481.0830521323,6.094988299427124,2.294232895978547,0.3606375026255561,0.147
Ye2024,2106122292605963648,8483394,-4.9201,0.0126,18.06,5835,0.606663,0.22,0.02,1.22,4.63,10.648698264908191,,1.695981945466055,0.22942122467411424,790087.4768704572,490442.4640152555,299645.01285520167,5.476607053908058,0.6109687370910057,-0.2139810117807354,0.063
Ye2024,2106122838061637376,8548111,-4.5086,0.0074,7.97,5927,0.577629,-0.04,0.02,1.06,6.02,13.24184353201083,,0.6018799407146991,-0.2204901304783086,2169458.993245004,547628.7461140554,1621830.2471309488,6.21000539574914,2.961550610042607,0.4715191587140639,0.155
Ye2024,2106128683517481344,8613081,-4.9349,0.0131,16.78,5856,0.599995,0.23,0.03,1.14,4.14,11.843039123414078,,1.4168660446983907,0.1513287925210638,774668.6998196951,503022.637185577,271646.0626341181,5.434003414546738,0.540027510797494,-0.26758411520812553,0.084
Ye2024,2106129916167738880,8613190,-5.0187,0.0151,23.86,5199,0.820855,-0.17,0.03,0.82,8.92,19.248913098918976,,1.2395505074694313,0.09326422748816629,396817.6733175905,217387.5724842447,179430.1008333458,5.2538953011899165,0.8253926329958448,-0.08333941171681826,-0.573
Ye2024,2106141843297357184,8420490,-4.7266,0.0097,13.88,5740,0.637129,-0.56,0.03,0.9,12.15,16.867395843027396,,0.8228893261989628,-0.08465857092766807,1155205.655034719,436846.4807850584,718359.1742496607,5.856341642559709,1.6444201930131033,0.21601280115399368,-0.032
Ye2024,2106171358312085632,8743145,-4.7807,0.0073,28.37,5530,0.706303,0.04,0.02,0.94,7.61,15.836148205371112,,1.7914709834792915,0.2532097782755693,878642.6123876417,335901.67980123917,542740.9325864025,5.734592576556517,1.6157732015736122,0.2083804008583934,-0.242
Ye2024,2106210631493288576,8678345,-4.9182,0.0117,25.05,5393,0.752861,-0.1,0.03,0.88,8.02,17.42033268532819,,1.4379748339190843,0.15775128550047224,579073.1358602103,281452.08031144424,297621.05554876605,5.473663652630469,1.0574484126016401,0.024259189598924157,-0.379
Ye2024,2106215957252387200,8678511,-4.8744,0.0103,33.01,5668,0.660556,-0.06,0.02,0.96,7.2,15.354869714245666,,2.1498065834693842,0.3323993885153545,781503.8159133377,399650.520666186,381853.29524715175,5.581896542749223,0.9554680289434687,-0.019783840357509536,-0.104
Ye2024,2106224169230273792,8873953,-4.7317,0.0105,12.62,5923,0.578881,-0.06,0.02,1.04,3.15,13.628989336448337,,0.9259674131705443,-0.03340429682696128,1294430.2905930004,545028.5032923588,749401.7873006415,5.8747147245382445,1.3749772402245444,0.13829550941959265,0.151
Ye2024,2106224203589995392,8873894,-4.5643,0.0082,8.86,5638,0.670406,-0.18,0.03,0.9,6.12,16.867395843027396,,0.5252737341587039,-0.27961431515945345,1562471.2062606642,384974.3144947616,1177496.8917659025,6.070959769396944,3.0586375439391165,0.4855280150710796,-0.134
Ye2024,2106240009069944832,8940866,-4.8414,0.0107,2.38,6498,0.44,-0.03,0.03,1.4,1.77,8.525863775948729,,0.27915060134011604,-0.5541614322648759,1456567.3297243,1047362.2929500804,409205.0367742196,5.611940970665215,0.3907005622874025,-0.40815596374798124,0.726
Ye2024,2106279213530330752,8352555,-5.0361,0.0102,22.75,5540,0.70295,0.19,0.02,1.0,7.05,14.454397707459272,,1.5739154588405808,0.1969814009931313,491530.86680295895,340207.46691969055,151323.3998832684,5.179906090312718,0.44479740922026806,-0.3518377510227126,-0.232
Ye2024,2106291067640127488,8482555,-4.8164,0.0089,9.34,6108,0.521799,0.24,0.02,1.3,2.73,9.620852087644154,,0.9708079819660832,-0.012866661563862876,1204502.9005680378,676999.1916194129,527503.7089486249,5.722225517562638,0.7791792301654187,-0.10836263254726608,0.336
Ye2024,2106305185193149568,8611548,-4.9807,0.0123,12.99,6004,0.553672,0.24,0.02,1.22,2.58,10.648698264908191,,1.219867412602661,0.08631262976965517,770325.8483763875,599800.494090428,170525.3542859595,5.231788960500664,0.28430345750974073,-0.5462178586765262,0.232
Ye2024,2106309892477299584,8676086,-4.5649,0.0048,9.9,5497,0.717411,-0.06,0.02,0.9,3.7,16.867395843027396,,0.5869311476491161,-0.23141284244895427,1409985.6233833325,322022.66928730975,1087962.9540960228,6.036614107581289,3.3785290846258356,0.5287276619728895,-0.275
Ye2024,2106310343453354112,8676208,-4.6882,0.0105,20.05,5937,0.5745,-0.55,0.04,0.88,10.07,17.42033268532819,,1.1509539089851353,0.061057932253408796,1444374.89858097,554175.9761399516,890198.9224410184,5.9494870642464335,1.60634701027929,0.20583936931771835,0.165
Ye2024,2106316390767392640,8677084,-4.8393,0.0073,15.66,5888,0.589881,0.15,0.01,1.12,1.73,12.171862643132958,,1.2865738350107785,0.10943471492849921,986695.03291509,522724.6727146641,463970.3602004259,5.666490237424376,0.8875998865538341,-0.051782761948193964,0.116
Ye2024,2106323022196922112,8741487,-4.8325,0.0164,8.91,6030,0.545653,-0.09,0.03,1.06,1.91,13.24184353201083,,0.6728670353535721,-0.1720707478375461,1102506.0597692912,618353.8235844148,484152.2361848764,5.6849819420975924,0.7829695842719766,-0.10625510849047333,0.258
Ye2024,2106329035151138432,8806446,-4.6206,0.0101,4.97,6273,0.472328,-0.14,0.03,1.14,3.1,11.843039123414078,,0.4196557951222289,-0.3771067752382856,2103356.4943907587,816959.9699285121,1286396.5244622466,6.109374858045462,1.5746139000847403,0.1971740809072555,0.501
Ye2024,2106335735300323200,8740530,-4.6474,0.0082,10.25,5851,0.601581,-0.04,0.02,1.02,2.96,14.032847450821215,,0.7304290904552062,-0.1364219386876292,1496690.9377205546,500002.51827981346,996688.4194407412,5.998559412206761,1.99336679917074,0.2995872205261971,0.079
Ye2024,2106343328802587392,8871757,-4.7669,0.0114,26.82,5586,0.687603,-0.14,0.03,0.9,13.34,16.867395843027396,,1.5900498363585147,0.20141073646907595,944311.8988803059,360629.7627195692,583682.1361607367,5.766176401746793,1.6185079449879354,0.20911483562363994,-0.186
Ye2024,2106345935844362752,8939284,-4.6824,0.0076,7.43,6201,0.493753,-0.21,0.02,1.08,4.11,12.87049780038931,,0.5772892482663146,-0.2386065309512097,1742042.162581871,753104.4364659812,988937.7261158898,5.995168944725852,1.313148187994457,0.11831373872984711,0.429
Ye2024,2106367067084513408,8739535,-4.9436,0.011,10.41,5981,0.560796,-0.04,0.02,1.27,4.03,9.988812039318097,,1.0421659711909703,0.0179368884764351,826241.3888599726,583788.1927096279,242453.19615034468,5.3846279135961455,0.4153102086991663,-0.38162739340920643,0.209
Ye2024,2106377684242243456,8937840,-4.8415,0.0085,10.81,5948,0.571064,0.0,0.02,1.04,0.7,13.628989336448337,,0.7931622612023443,-0.10063795778176637,1022340.5242953277,561455.4048709547,460885.119424373,5.6635926863058845,0.8208757372819364,-0.08572258063602871,0.176
Ye2024,2106392669386903424,9007381,-4.8071,0.009,20.37,5928,0.577315,-0.24,0.03,1.0,7.97,14.454397707459272,,1.409259687761874,0.14899102900016423,1091803.5862723927,548280.4676716047,543523.118600788,5.735218021407076,0.9913231469086982,-0.003784753140389861,0.156
Ye2024,2106393631459560448,9007208,-5.0126,0.0241,40.15,5134,0.844206,0.16,0.03,0.86,10.27,18.000329833835156,,2.2305146833770895,0.34840508652794083,382679.49657579773,198936.2117264825,183743.28484931524,5.2642114761579855,0.9236291535597551,-0.03450236740675935,-0.638
Ye2024,2106420019737875584,8872687,-4.7269,0.0104,6.01,6335,0.454074,-0.16,0.03,1.28,2.95,9.863939442164517,,0.6092900341935982,-0.21517592532231222,1712766.710986722,875615.9530850685,837150.7579016535,5.922803674754396,0.9560707008045136,-0.01950999074279932,0.563
Ye2024,2106432251804886272,9077161,-4.6047,0.0075,4.84,5956,0.56857,-0.13,0.02,1.0,3.57,14.454397707459272,,0.33484618992476534,-0.4751546383555874,1773088.8262197399,566800.93502978,1206287.8911899598,6.081450968363254,2.1282390635551454,0.32802041034827795,0.184
Ye2024,2106435099364727040,9143239,-4.8574,0.0121,9.17,6112,0.520584,-0.11,0.03,1.18,4.18,11.222913527863295,,0.8170783796233932,-0.08773628103769875,1098866.968581509,680131.025133541,418735.9434479681,5.621940241452794,0.6156695224508411,-0.21065234479902256,0.34
Ye2024,2106460117552790144,9207290,-4.8605,0.0118,30.21,5145,0.840233,0.25,0.02,0.88,11.86,17.42033268532819,,1.7341804284509197,0.23909428057048818,547839.3873869152,201960.72573685096,345878.66165006417,5.5389237698389255,1.7126035786816005,0.23365684719484184,-0.627
Ye2024,2106480595956902400,9393218,-4.8426,0.0127,12.59,5988,0.558625,-0.14,0.03,1.02,4.27,14.032847450821215,,0.8971807072030289,-0.04712007397153971,1047463.5117407304,588622.1914719605,458841.32026876986,5.661662520730278,0.7795175358940356,-0.10817411055037615,0.216
Ye2024,2106488155099638656,9515217,-4.8295,0.0098,19.39,5647,0.667445,0.12,0.02,1.02,8.17,14.032847450821215,,1.3817580550172146,0.1404320049993031,853852.565351292,389327.7891242333,464524.7762270587,5.667008882789795,1.1931456967712888,0.07669347924479661,-0.125
Ye2024,2106492136530411392,9206098,-4.6616,0.0086,16.51,6076,0.531548,-0.09,0.03,1.06,3.58,13.24184353201083,,1.2468052473274382,0.09579862138837272,1684545.6997894356,652386.9192571156,1032158.78053232,6.013746511443094,1.5821267258204033,0.19924126684831778,0.304
Ye2024,2106492136532232832,9206101,-4.8784,0.0135,16.54,5874,0.594299,0.03,0.03,1.06,2.0,13.24184353201083,,1.2490707929010192,0.09658705334210692,893197.5134330757,514025.0599637409,379172.45346933487,5.5788367787166235,0.7376536340389349,-0.13214751370018735,0.102
Ye2024,2106493029883615616,9142010,-4.6307,0.0117,15.0,5482,0.722483,0.1,0.03,0.94,7.26,15.836148205371112,,0.9472000265135485,-0.023558298464601755,1198582.3040042932,315878.5748837278,882703.7291205653,5.945814961336475,2.7944400136839955,0.44629479135194333,-0.29
Ye2024,2106516394505175680,9329766,-4.7694,0.0059,15.4,5913,0.582018,-0.24,0.01,0.98,6.16,14.894693714546571,,1.0339252552041358,0.014489143762067589,1178808.4833803119,538574.2023895612,640234.2809907506,5.80633892448872,1.1887577944694363,0.07509337754502264,0.141
Ye2024,2106527801938803712,9453090,-4.9,0.0121,22.24,5670,0.659901,0.06,0.03,1.14,6.48,11.843039123414078,,1.8778963548326701,0.27367161893840214,737809.0401401375,400645.7730953503,337163.26704478724,5.527840253411977,0.8415495424796239,-0.0749203117830142,-0.102
Ye2024,2106534025350323072,9514986,-4.8402,0.0122,19.49,5831,0.607936,0.03,0.02,1.1,6.68,12.514101920504952,,1.55744296504927,0.1924121513710652,947073.9742871845,488077.1117632623,458996.86252392223,5.661809716924615,0.9404187401161208,-0.026678725093749637,0.059
Ye2024,2106535399740135424,9515113,-4.4918,0.0084,6.94,5582,0.688932,-0.12,0.03,0.9,6.45,16.867395843027396,,0.4114446630994814,-0.3856885665916493,1774071.279880894,358813.1216837064,1415258.1581971878,6.150835667036447,3.9442764845281695,0.5959673503605287,-0.19
Ye2024,2106537770561798400,9576188,-4.9144,0.0123,19.9,5829,0.608572,0.17,0.02,1.1,5.38,12.514101920504952,,1.5902060033083876,0.2014533886631504,797237.9392822022,486898.1114132875,310339.82786891464,5.491837514912977,0.637381457422604,-0.19560057508911305,0.057
Ye2024,2106538835713689216,9576101,-5.0419,0.0134,10.78,6126,0.516338,-0.06,0.03,1.1,3.88,12.514101920504952,,0.8614281766665537,-0.06478092689583632,725136.4005933726,691190.5581279641,33945.842465408496,4.530786591432501,0.04911213277760647,-1.3088112054849048,0.354
Ye2024,2106542202968888960,9514388,-4.8868,0.0085,22.58,5462,0.729266,0.21,0.02,0.98,5.57,14.894693714546571,,1.5159761209421676,0.18069236051455348,654965.6440289293,307843.12244371744,347122.52158521186,5.540482791956848,1.12759550653491,0.052153336540659456,-0.31
Ye2024,2106546429215948288,9514048,-4.8193,0.0151,11.58,6200,0.494053,-0.25,0.04,1.4,2.75,8.525863775948729,,1.358220152738884,0.1329701700700295,1270218.6781764845,752248.6395088538,517970.03866763075,5.714304639247851,0.6885622804260776,-0.16205677171483968,0.428
Ye2024,2106601056900716928,8149174,-4.8151,0.0083,10.46,6118,0.518763,-0.12,0.02,1.08,4.28,12.87049780038931,,0.8127113777746502,-0.09006366018052951,1216044.9463134483,684852.0848185548,531192.8614948934,5.725252230075684,0.7756315170386435,-0.11034455209736485,0.346
Ye2024,2106677649056936704,8478715,-4.8098,0.0083,16.64,5984,0.559865,-0.03,0.02,1.16,4.84,11.52693877886925,,1.4435749438093506,0.1594393353854097,1126621.6067931158,585855.7182817529,540765.888511363,5.733009288520633,0.9230359483344581,-0.03478138471702287,0.212
Ye2024,2106701803952389504,8350180,-4.8693,0.0132,31.66,5781,0.623919,-0.1,0.03,0.98,7.92,14.894693714546571,,2.1255891934910998,0.3274793334519416,855704.1024872654,459325.8993995259,396378.2030877395,5.5981097645342555,0.8629563532252861,-0.06401116956030824,0.009
Ye2024,2106708671602900480,8415377,-4.8564,0.0077,16.07,5950,0.57044,-0.01,0.01,1.06,5.18,13.24184353201083,,1.2135772455815828,0.0840674248889236,989189.731760856,562787.7145627139,426402.01719814213,5.629819250558736,0.757660492872444,-0.12052535782753898,0.178
Ye2024,2106716711781669504,8609302,-4.9177,0.0133,18.66,5935,0.575125,0.22,0.02,1.3,3.75,9.620852087644154,,1.9395371459836308,0.28769810161652487,850343.9571145624,552861.183623009,297482.7734915534,5.4734618218488675,0.5380786032799224,-0.2691542773499305,0.163
Ye2024,2106718743303354368,8479581,-5.0044,0.0166,23.31,5777,0.625204,-0.06,0.03,1.0,6.57,14.454397707459272,,1.6126579932120413,0.2075422735205768,625203.220977686,457089.9695452686,168113.25143241737,5.225601947806823,0.3677902877625233,-0.4343997433601342,0.005
Ye2024,2106727951713323392,8608958,-5.0115,0.0122,41.76,5695,0.651736,0.01,0.02,1.04,8.62,13.628989336448337,,3.064056986846429,0.486296838259129,580880.3029972845,413267.05494137964,167613.2480559048,5.2243083420400245,0.40558095800711746,-0.3919224432865653,-0.077
Ye2024,2106731078449493120,8608777,-4.9202,0.0177,26.3,5469,0.726889,0.2,0.03,0.98,6.39,14.894693714546571,,1.7657294942771928,0.24692417141536235,609597.8549246561,310635.338053431,298962.5168712251,5.475616741045366,0.9624227518499581,-0.016634118745835733,-0.303
Ye2024,2106742279724554496,8738643,-4.9604,0.0144,20.83,5791,0.620711,0.09,0.03,1.06,5.88,13.24184353201083,,1.5730438099231094,0.19674081807332494,698595.8419080366,464956.8311791264,233639.01072891022,5.36854535868782,0.5024961352571243,-0.29886727409246727,0.019
Ye2024,2106746261154566400,8739075,-4.9327,0.0105,18.34,5772,0.626811,-0.16,0.02,0.96,6.06,15.354869714245666,,1.1944093529484554,0.07715319551904531,734881.0122904824,454308.19730311923,280572.8149873632,5.448045589454554,0.6175825500242119,-0.20930498361671543,0.0
Ye2024,2106754099474509056,8738187,-4.6635,0.0066,10.39,5842,0.604438,-0.15,0.02,0.96,4.39,15.354869714245666,,0.6766582975536779,-0.16963058825777952,1433368.800607219,494605.50535199203,938763.295255227,5.972556100760659,1.8980041368264688,0.2782971546660632,0.07
Ye2024,2106755198986176768,8738442,-4.6306,0.0126,10.25,5548,0.700272,0.13,0.03,0.98,4.58,14.894693714546571,,0.6881645367430124,-0.16230771168262242,1257643.4874906568,343686.11700731795,913957.3704833388,5.960925939502308,2.659279282042918,0.4247639500735135,-0.224
Ye2024,2106764922792197504,8936598,-5.0131,0.0131,15.41,6053,0.538587,-0.29,0.03,1.02,6.51,14.032847450821215,,1.098137783796559,0.04065683463901706,738574.7094128663,635174.787675443,103399.92173742328,5.014520210044016,0.16278971354615202,-0.7883730410394734,0.281
Ye2024,2106771038825357824,8543434,-4.8503,0.02,30.64,5339,0.771539,0.17,0.03,0.94,7.48,15.836148205371112,,1.9348139208250084,0.2866392034402833,650356.4024970748,262175.7035129249,388180.6989841499,5.589033937716262,1.4806127867032237,0.1704414956680072,-0.433
Ye2024,2106795125002246912,8801554,-4.9016,0.0146,21.81,5360,0.764253,-0.03,0.03,0.88,4.7,17.42033268532819,,1.2519852745618854,0.09759922087590797,587044.3268159154,269532.88962271897,317511.43719319644,5.501759373786834,1.178006282044599,0.07114760645280589,-0.412
Ye2024,2106824674377353728,9003558,-5.0952,0.0181,18.73,5680,0.656631,0.27,0.02,1.08,5.54,12.87049780038931,,1.4552661668947606,0.16294243266345237,474029.18320439116,405654.00375002035,68375.17945437081,4.8348984791724305,0.16855541624705925,-0.7732572875902517,-0.092
Ye2024,2106903598695864064,8865799,-4.9006,0.0119,7.48,6346,0.450854,-0.42,0.03,1.22,3.39,10.648698264908191,,0.7024332753093075,-0.15339492343891128,1156144.2076452519,886391.2856478281,269752.92199742375,5.4309661577126285,0.304327136745565,-0.5166593200263456,0.574
Ye2024,2106929815175934848,8733904,-4.6573,0.0101,3.15,6441,0.44,-0.14,0.03,1.24,2.05,10.377405303719263,,0.3035440852320801,-0.5177782252390511,2148448.4281870043,984284.7559514132,1164163.672235591,6.066014042987188,1.1827508911385165,0.07289328393801532,0.669
Ye2024,2106981148624919296,8801363,-4.988,0.0114,15.1,5961,0.567012,-0.09,0.02,1.16,5.01,11.52693877886925,,1.3099748588654563,0.11726296072387397,736017.6413958677,570164.0213919693,165853.6200038984,5.219724955087097,0.2908875582836529,-0.536274853810722,0.189
Ye2024,2106990730693067136,9002888,-4.5514,0.0092,11.51,5537,0.703955,-0.1,0.02,0.9,4.95,16.867395843027396,,0.682381566610235,-0.1659727134167124,1497303.4686479575,338910.78605420596,1158392.6825937517,6.063855805483603,3.4179870640306986,0.5337704147244732,-0.235
Ye2024,2106991284747813120,9002718,-4.7821,0.0095,15.52,5917,0.580763,-0.14,0.02,1.0,5.9,14.454397707459272,,1.0737216668661898,0.030891716922169764,1147936.8931031367,541148.0071060244,606788.8859971123,5.783037617608547,1.1212993081913487,0.04972155420561215,0.145
Ye2024,2107011488274195456,9201481,-4.9629,0.0124,12.26,6016,0.549967,-0.09,0.02,1.06,4.14,13.24184353201083,,0.9258529577367893,-0.033457981692024706,808989.8019268849,608303.3167797738,200686.48514711112,5.302518126729331,0.3299118706264861,-0.481602057734951,0.244
Ye2024,2107024579334573568,9264619,-4.7948,0.0056,21.04,5476,0.724515,-0.34,0.01,0.84,6.97,18.60920008626386,,1.1306235572978982,0.053318030034326475,817834.6268095251,313449.2595131407,504385.36729638436,5.7027624787840425,1.6091451869428934,0.20659523057727897,-0.296
Ye2024,2107082127598234368,9386391,-4.9942,0.0126,19.1,5996,0.556147,0.04,0.02,1.37,3.33,8.834712020579083,,2.161926722173799,0.33484096959190135,742776.6338736517,594188.7849683178,148587.8489053339,5.171983295500384,0.2500684170827233,-0.6019411549421199,0.224
Ye2024,2107083265768077824,9386276,-4.6733,0.0122,6.13,6122,0.51755,-0.06,0.03,1.1,2.81,12.514101920504952,,0.48984737689851343,-0.3099392132281411,1689993.5133180893,688015.0575549239,1001978.4557631654,6.000858383563399,1.4563321612814817,0.1632604404711215,0.35
Ye2024,2107103984690249344,9632205,-4.9278,0.0119,20.93,5673,0.65892,-0.24,0.03,0.88,13.19,17.42033268532819,,1.2014695917735103,0.07971278363589417,693526.1974568845,402142.63950154657,291383.557955338,5.46446504197505,0.7245776232943271,-0.1399150821560973,-0.099
Ye2024,2107124291295389824,8869855,-4.7818,0.0084,16.97,5741,0.636805,-0.14,0.02,0.94,4.38,15.836148205371112,,1.0715989633289944,0.03003228479739274,1018033.1594318037,437383.30852267117,580649.8509091325,5.763914318862797,1.327553748839584,0.12305211344608048,-0.031
Ye2024,2107128173945862400,8936900,-4.7708,0.0124,4.07,6427,0.44,-0.13,0.04,1.24,2.23,10.377405303719263,,0.39219823076017973,-0.40649436980343157,1640004.10937772,969300.6732092036,670703.4361685163,5.826530531337227,0.6919457034399054,-0.15992798303109293,0.655
Ye2024,2107133327906695168,9005959,-4.6132,0.0113,3.5,6495,0.44,-0.17,0.04,1.32,2.11,9.386296808958306,,0.37288401072716887,-0.42842623879433406,2458829.1789737553,1043958.0455185833,1414871.1334551722,6.150716886094982,1.3552950135580772,0.13203384046119956,0.723
Ye2024,2107164762767933440,9204525,-4.9842,0.0125,11.11,6038,0.543192,0.09,0.03,1.14,2.17,11.843039123414078,,0.9381037995589463,-0.02774910503075011,781599.3173053033,624160.6945559883,157438.622749315,5.197111281957509,0.2522405273553996,-0.5981851342863941,0.266
Ye2024,2107169371272294400,9328987,-5.1156,0.0159,36.68,5041,0.878134,0.18,0.03,0.86,8.86,18.000329833835156,,2.0377404380142377,0.3091488639112246,280594.09445518465,174881.0358201729,105713.05863501175,5.024128638611377,0.6044855472134476,-0.21861407832758245,-0.731
Ye2024,2107182427973133568,9328072,-4.891,0.014,24.53,5591,0.685942,-0.14,0.03,0.9,6.76,16.867395843027396,,1.4542849547305878,0.16264951115988155,712147.0927220571,362911.658778322,349235.43394373514,5.543118301429656,0.9623152783775935,-0.016682618993988388,-0.181
Ye2024,2107215722559374592,9265388,-4.9144,0.0171,27.5,5775,0.625846,-0.19,0.03,0.98,9.37,14.894693714546571,,1.8462950985788138,0.26630111675586715,768103.4059545767,455975.51170066075,312127.89425391593,5.494332582440468,0.6845277569616983,-0.16460893693701334,0.003
Ye2024,2107216650272342400,9326811,-4.8496,0.0099,28.15,5340,0.771191,-0.09,0.02,0.86,7.54,18.000329833835156,,1.563860232554547,0.19419793610060607,651893.6711290779,262522.0953994092,389371.5757296687,5.5903642446819,1.483195443557872,0.1711983826305777,-0.432
Ye2024,2107243072911617024,9573539,-4.6628,0.0104,15.4,5527,0.70731,-0.09,0.02,0.9,7.71,16.867395843027396,,0.9130040074541806,-0.03952731621004112,1150190.0199244907,334619.0988551848,815570.9210693059,5.911461732745784,2.437311330583272,0.3869110074442677,-0.245
Ye2024,2107266570672734592,9451706,-5.0402,0.0081,9.76,6069,0.533687,0.18,0.01,1.24,3.15,10.377405303719263,,0.9405048482111434,-0.02663896136195986,701261.9686879166,647106.5850794673,54155.38360844937,4.733641636496411,0.08368850643329316,-1.0773341828113852,0.297
Ye2024,2107277501368909440,9574801,-4.6363,0.0092,13.79,5667,0.660884,-0.26,0.03,0.92,11.67,16.339848430570573,,0.843949076920444,-0.07368375749716098,1351215.40274178,399153.690584336,952061.7121574441,5.978665100044982,2.3852008251851196,0.3775249509224363,-0.105
Ye2024,2107297120779783296,9757312,-4.512,0.0057,3.92,6412,0.44,-0.27,0.02,1.38,2.44,8.730003855438706,,0.4490261476296919,-0.3477283684829803,2948395.850771442,953463.9373231562,1994931.9134482858,6.299928077908332,2.0922992840705064,0.3206238064494742,0.64
Ye2024,2107302579678521600,9636421,-4.7273,0.0104,6.79,6265,0.474696,-0.05,0.03,1.16,2.43,11.52693877886925,,0.5890549199798972,-0.2298442122887938,1636801.588869763,809643.0292028214,827158.5596669416,5.917588768304513,1.0216336457331894,0.009295187226823315,0.493
Ye2024,2107324505491356672,9818107,-4.9649,0.0137,23.57,5646,0.667774,-0.07,0.03,0.94,5.62,15.836148205371112,,1.4883669749949557,0.17271002500404073,624705.3594818099,388841.9929438331,235863.36653797678,5.372660493043859,0.6065789467652647,-0.2171126673229872,-0.126
Ye2024,2107401089050166528,10191892,-4.8619,0.0105,14.11,5951,0.570128,0.2,0.02,1.18,3.78,11.222913527863295,,1.2572492842405756,0.09942139704662796,977398.2062963995,563454.8861806605,413943.320115739,5.616940878690537,0.734652108390833,-0.13391827067626627,0.179
Ye2024,2107412638219912192,9449320,-4.649,0.0097,13.98,5630,0.673041,0.03,0.02,0.96,5.4,15.354869714245666,,0.9104603464677975,-0.04073896440529438,1278336.8727574681,381139.696404836,897197.1763526321,5.952887898107096,2.3539851262295546,0.3718037144051061,-0.142
Ye2024,2107472935261338112,9935390,-4.7519,0.0086,4.88,6272,0.472624,0.08,0.02,1.38,3.38,8.730003855438706,,0.5589917348043103,-0.25259461350072693,1553588.2764070926,816042.2605194204,737546.0158876722,5.867789121358896,0.9038086035130284,-0.04392352885959779,0.5
Ye2024,2107481254616945920,9693342,-4.8638,0.0139,9.98,6072,0.53277,0.21,0.03,1.28,3.04,9.863939442164517,,1.0117661466309666,0.0050801439623193514,1054723.9023240872,649365.0768404714,405358.82548361586,5.607839632927761,0.6242387217001505,-0.20464929542857674,0.3
Ye2024,2107485343425913984,9754429,-4.8527,0.0082,5.5,6301,0.464062,-0.21,0.01,1.18,3.1,11.222913527863295,,0.4900688209300614,-0.309742927213476,1254728.1890774153,843017.9681056779,411710.2209717374,5.614591648771898,0.48837656674967433,-0.31124518251474725,0.529
Ye2024,2107531935231409664,9993816,-4.6561,0.0057,5.38,6140,0.512101,-0.05,0.01,1.12,2.22,12.171862643132958,,0.4420030161148141,-0.35457476712703623,1779037.985815305,702404.0654232707,1076633.9203920343,6.0320680585625395,1.5327842952378865,0.18548104201730686,0.368
Ye2024,2107533481419669504,10056241,-4.6367,0.0092,19.25,5253,0.801678,0.08,0.02,0.88,8.58,17.42033268532819,,1.1050305609957034,0.04337428914172715,996646.9449392076,233814.8958373217,762832.0491018859,5.882428930907409,3.2625468380450466,0.513556755245492,-0.519
Ye2024,2107551726439731456,9936129,-4.9097,0.0121,7.1,6245,0.480631,-0.36,0.02,1.06,4.33,13.24184353201083,,0.5361791190808486,-0.2706901031553457,1061797.0330380138,791596.2371220309,270200.7959159829,5.431686623965843,0.3413366350733793,-0.46681709714074665,0.473
Ye2024,2107566294968744704,9995140,-4.7795,0.0097,2.71,6468,0.44,-0.03,0.02,1.32,1.61,9.386296808958306,,0.2887187625916079,-0.539524992270204,1648890.3698257094,1013744.6592204825,635145.7106052269,5.802873369469103,0.6265342113798373,-0.20305520973315921,0.696
Ye2024,2107586872155346304,10191036,-4.8367,0.0121,13.32,5898,0.586732,-0.11,0.02,1.02,4.81,14.032847450821215,,0.9492015107183753,-0.022641579245120023,999380.3579959718,529015.7667620745,470364.59123389726,5.672434620868822,0.8891315170298966,-0.05103399505242298,0.126
Ye2024,2107616975583095424,10122419,-4.9007,0.0106,14.57,5937,0.5745,0.01,0.02,1.06,3.65,13.24184353201083,,1.1002999669025302,0.04151109989556919,885482.3976108746,554175.9761399516,331306.421470923,5.520229853576981,0.5978361310040889,-0.2234178413517332,0.165
Ye2024,2107623778811348864,10190163,-4.9505,0.0108,20.55,5921,0.579508,-0.08,0.03,1.08,6.68,12.87049780038931,,1.5966748387446519,0.203216481500303,781073.6393726696,543732.360007474,237341.27936519566,5.37537327905774,0.43650386995898727,-0.36001190157036345,0.149
Ye2024,2107624088049371008,10190029,-4.907,0.0133,25.75,5476,0.724515,-0.05,0.02,0.88,9.3,17.42033268532819,,1.478157763409837,0.1697207886744175,631633.9927640522,313449.2595131407,318184.7332509115,5.502679338026007,1.0151076245805337,0.0065120898192430835,-0.296
Ye2024,2107632433166859520,10189476,-4.766,0.009,10.74,5958,0.567947,-0.03,0.02,1.04,3.84,13.628989336448337,,0.7880261503527454,-0.10345937037153996,1224654.9215333217,568144.1210268775,656510.8005064442,5.817241875226362,1.1555356752083443,0.06278335812923778,0.186
Ye2024,2107649995291771392,10322381,-4.7232,0.0086,12.93,6105,0.522711,-0.47,0.02,1.04,6.72,13.628989336448337,,0.9487130469330537,-0.022865126854682765,1489890.701653292,674658.4456090613,815232.2560442307,5.911281354934675,1.2083629299389613,0.08219739355432355,0.333
Ye2024,2107663567388699520,10517557,-4.9776,0.012,42.37,5564,0.694927,0.14,0.02,1.06,8.84,13.24184353201083,,3.1997055317543035,0.5051100121265687,572216.2961299901,350735.079810446,221481.21631954412,5.3453368998833115,0.631477229022096,-0.19964230542274808,-0.208
Ye2024,2116936607939876992,7867628,-4.984,0.0126,28.27,5651,0.666131,0.02,0.03,0.98,9.43,14.894693714546571,,1.8979913613390205,0.27829423141512405,599947.1102462296,391276.18594689196,208670.9242993376,5.31946193974082,0.5333085216887199,-0.27302147670936217,-0.121
Ye2024,2116941968058941440,7868216,-4.8135,0.0138,29.39,5391,0.75355,0.24,0.03,0.96,9.79,15.354869714245666,,1.9140507569877374,0.2819534502576556,735849.6098331462,280717.04875600996,455132.56107713626,5.658137906897894,1.621321409205618,0.20986911750600828,-0.381
Ye2024,2116943686045793792,7798670,-4.8108,0.0089,15.67,5976,0.562348,-0.21,0.02,0.98,5.56,14.894693714546571,,1.0520525161720005,0.022037419394194627,1118031.6341053667,580356.2303092787,537675.403796088,5.7305201699345165,0.9264575371398259,-0.033174481157248,0.204
Ye2024,2116947053300252544,7868378,-4.8304,0.0121,15.5,5943,0.572625,-0.27,0.03,0.96,6.09,15.354869714245666,,1.0094517432225223,0.004085562355334516,1045284.85416599,558136.4661631373,487148.3880028527,5.687661269787151,0.8728123273358462,-0.05907912853322572,0.171
Ye2024,2116949149244328576,7937052,-4.7882,0.0094,5.78,6287,0.46819,-0.07,0.02,1.18,1.83,11.222913527863295,,0.5150177790865008,-0.2881777782871908,1442731.7123523885,829901.205561958,612830.5067904305,5.787340376404202,0.738437904033962,-0.13168601906462074,0.515
Ye2024,2116956296069795584,7867871,-4.9124,0.0123,27.35,5451,0.733008,0.08,0.02,0.94,6.59,15.836148205371112,,1.72706138167637,0.23730777314916657,612514.6277271671,303498.8733996783,309015.7543274888,5.489980621311827,1.0181775993630964,0.007823538016567646,-0.321
Ye2024,2116964164450070656,8073821,-4.9088,0.0106,7.87,6376,0.442101,-0.13,0.02,1.26,2.45,10.115976103458719,,0.7779773221596673,-0.10903306239908031,1156125.4731103596,916358.8407235804,239766.63238677918,5.379788743489227,0.2616514641769084,-0.5822768306465683,0.604
Ye2024,2117017662562049792,7581081,-4.8645,0.0107,16.51,5818,0.612078,0.02,0.02,1.02,4.44,14.032847450821215,,1.1765252959429713,0.07060126918339137,887578.1537671143,480457.1980489555,407120.95571815874,5.609723457374561,0.847361549314692,-0.07193124684827204,0.046
Ye2024,2117120707417047424,7867091,-4.7665,0.0135,28.84,5257,0.800265,0.13,0.03,0.9,5.96,16.867395843027396,,1.7098075048687382,0.23294721900088722,741418.8863002094,235072.99359078883,506345.89270942064,5.704447291493521,2.1539943188491453,0.3332445535136244,-0.515
Ye2024,2117125655219423744,7935997,-4.5909,0.0047,7.45,5616,0.677662,-0.13,0.01,0.92,5.0,16.339848430570573,,0.45594058180256036,-0.3410917509247179,1446838.7545361822,374507.95649790764,1072330.7980382745,6.03032877938782,2.8633057841169407,0.4568677305794898,-0.156
Ye2024,2117272955418715264,7868899,-4.8795,0.0137,22.42,5522,0.70899,0.26,0.02,1.02,4.61,14.032847450821215,,1.5976800202932415,0.20348980417955212,695820.7022242375,332490.80255256407,363329.8996716734,5.560301138925481,1.0927517299196086,0.03852150268760687,-0.25
Ye2024,2117296350101869952,8143646,-4.8128,0.0078,23.65,5641,0.669418,-0.38,0.02,0.84,9.7,18.60920008626386,,1.2708767647383692,0.10410343962645531,883560.1810711599,386420.80692140927,497139.3741497506,5.6964781612455715,1.2865233063157995,0.1094176581815482,-0.131
Ye2024,2117331637552303488,8142648,-4.9794,0.0093,5.79,6261,0.475882,0.02,0.02,1.32,2.7,9.386296808958306,,0.6168566920315165,-0.20981571941717353,913664.0809900865,806005.6973599977,107658.38363008888,5.0320478550839525,0.13357025140481593,-0.8742902566011171,0.489
Ye2024,2117398883858818432,8344638,-4.732,0.0122,3.48,6404,0.44,-0.13,0.04,1.32,2.18,9.386296808958306,,0.37075324495158507,-0.43091503919802876,1767734.466209645,945108.847768138,822625.6184415069,5.915202230306314,0.8704030444579228,-0.06027959858688346,0.632
Ye2024,2117403419344354176,8409671,-4.5379,0.0074,5.08,5873,0.594615,-0.2,0.02,0.96,6.21,15.354869714245666,,0.330839668101317,-0.4803824235310377,1955022.4100529938,513408.4425005358,1441613.967552458,6.158848981460717,2.807928051457692,0.4483859755178721,0.101
Ye2024,2117408298427267200,8539406,-4.7169,0.0087,4.78,6301,0.464062,-0.11,0.02,1.22,2.6,10.648698264908191,,0.44888115721637567,-0.3478686246912538,1715337.7883258406,843017.9681056779,872319.8202201627,5.940675740313105,1.034758277074839,0.014838909026459594,0.529
Ye2024,2119131267507245312,9753286,-4.9128,0.0103,6.38,6341,0.452317,-0.02,0.02,1.34,2.39,9.159880552148511,,0.696515632892563,-0.1570691316409007,1120579.6966061364,881479.3849614178,239100.31164471863,5.378580142178064,0.2712488978459593,-0.5666320177900152,0.569
Ye2024,2119131611104628224,9813472,-4.598,0.0105,13.06,5342,0.770496,0.03,0.02,0.9,6.59,16.867395843027396,,0.7742748271007532,-0.11110486010744905,1165271.8935568358,263216.05755425076,902055.836002585,5.955233420598816,3.427054733606686,0.5349210406170679,-0.43
Ye2024,2119142670642206976,9752283,-4.5011,0.0054,4.62,6084,0.529106,-0.25,0.02,1.02,4.48,14.032847450821215,,0.329227551014932,-0.4825038285232767,2450578.1569927386,658466.8231706431,1792111.3338220955,6.253364986443654,2.7216425653653107,0.43483108850788166,0.312
Ye2024,2119145183201451008,9812539,-4.606,0.0067,4.22,6378,0.441519,-0.22,0.01,1.16,2.56,11.52693877886925,,0.36609893406703475,-0.4364015356076217,2324608.364957754,918387.2168474856,1406221.1481102684,6.14805362498785,1.5311854545812957,0.1850277948939203,0.606
Ye2024,2119149168931182080,9872950,-4.916,0.0111,12.22,6042,0.541963,0.06,0.02,1.12,3.67,12.171862643132958,,1.003954806119522,0.0017141631131100928,916926.7026036466,627081.6358565692,289845.0667470774,5.46216591294293,0.4622126533033618,-0.3351581696647644,0.27
Ye2024,2119167173433935488,9751937,-4.6423,0.0083,9.46,5953,0.569505,0.14,0.02,1.14,2.32,11.843039123414078,,0.798781453089796,-0.0975720275698249,1622763.6347237623,564791.265839046,1057972.3688847162,6.024474325357392,1.8732095074328163,0.2725863533675326,0.181
Ye2024,2119215380147028992,10053675,-4.5593,0.0093,7.93,5721,0.643282,-0.09,0.03,0.94,5.7,15.836148205371112,,0.5007530806834959,-0.30037637020267927,1675712.5709537682,426753.637666918,1248958.9332868503,6.096548158678281,2.9266509363926385,0.46637092693032334,-0.051
Ye2024,2119520769501220864,9993295,-4.8215,0.0116,4.37,6326,0.456713,-0.02,0.02,1.22,2.03,10.648698264908191,,0.4103787985430045,-0.3868150843329508,1369709.559929688,866883.5711349265,502825.9887947615,5.701417716306024,0.5800386644038716,-0.2365430561308893,0.554
Ye2024,2119623569540531584,10515281,-4.657,0.0066,6.19,6295,0.46583,-0.15,0.02,1.2,2.82,10.930356368792774,,0.5663127341092967,-0.2469436727170674,1961528.7340179791,837374.8785862352,1124153.855431744,6.050825754286693,1.3424738240651382,0.12790582645733078,0.523
Ye2024,2119639516757415424,10579294,-4.6176,0.014,5.12,6256,0.477364,-0.09,0.04,1.14,1.65,11.843039123414078,,0.4323214629830608,-0.36419320299578695,2095070.7657681063,801478.7595694481,1293592.0061986581,6.111797323167254,1.6140065981206686,0.20790530580212355,0.484
Ye2024,2119679889449648384,10646158,-4.7678,0.0106,17.24,5808,0.615271,-0.1,0.02,0.96,6.01,15.354869714245666,,1.122770842139115,0.050291125673736954,1101331.7698517235,474665.4093788188,626666.3604729046,5.797036382344612,1.3202275710231448,0.12064879811574986,0.036
Ye2024,2119700058616197504,10904269,-4.8866,0.0119,30.0,5279,0.792514,-0.03,0.02,0.84,8.82,18.60920008626386,,1.6121058326490942,0.20739354927228743,571766.0765043802,242096.8936891932,329669.182815187,5.518078351574932,1.361724133637254,0.13408913446817333,-0.493
Ye2024,2125717479600707968,6692779,-4.7472,0.0125,22.58,5499,0.716736,-0.27,0.02,0.84,9.88,18.60920008626386,,1.2133783233738848,0.083996232141574,927997.0921052342,322849.5785098138,605147.5135954204,5.781861253217015,1.874394621757344,0.272861029459767,-0.273
Ye2024,2125749429857242240,7120179,-4.837,0.0117,16.68,6281,0.469962,-0.19,0.03,1.2,3.49,10.930356368792774,,1.5260252673575232,0.1835617245645345,1284478.7097937707,824333.5836109843,460145.1261827864,5.662894826377504,0.5582025715452787,-0.2532081671212107,0.509
Ye2024,2125776028596985088,6948764,-5.0997,0.0177,24.36,5677,0.657612,0.27,0.03,1.1,7.19,12.514101920504952,,1.9466039316880566,0.28927759621428156,468152.4640018159,404145.9251118225,64006.53888999339,4.806224343652327,0.15837482184753818,-0.8003138606368345,-0.095
Ye2024,2125787676546944768,7033367,-4.694,0.0111,13.88,5810,0.614632,0.08,0.02,1.06,2.1,13.24184353201083,,1.048192418710166,0.020441014244415193,1307122.4271297052,475818.9489730052,831303.4781567,5.919759597584899,1.7471004043680125,0.24231786423306828,0.038
Ye2024,2125791799715513984,7032843,-5.1017,0.016,28.79,5648,0.667117,0.21,0.02,1.18,6.04,11.222913527863295,,2.565287519013903,0.40913604817036214,456552.25143910485,389814.10604871064,66738.1453903942,4.8243741337255885,0.1712050548064433,-0.7664834169828287,-0.124
Ye2024,2125862129800219264,7364715,-4.9404,0.0109,8.32,6120,0.518156,0.38,0.02,1.34,2.24,9.159880552148511,,0.9083087877219631,-0.04176648407133905,912467.5428109402,686432.0077898391,226035.53502110112,5.354176719901521,0.3292904941144661,-0.48242080622468686,0.348
Ye2024,2125872167142902912,7609527,-4.9103,0.015,5.64,6253,0.478255,-0.01,0.03,1.3,2.8,9.620852087644154,,0.5862266614870137,-0.23193443381061402,1065774.8100954161,798773.0840646051,267001.7260308111,5.426514068867324,0.33426480105232975,-0.4759093533313881,0.481
Ye2024,2125884330490627328,7611858,-5.0648,0.0086,23.03,5821,0.611121,0.06,0.01,1.18,5.36,11.222913527863295,,2.052051808367148,0.3121883212565113,560792.4186377667,482206.5163408808,78585.90229688596,4.8953446439553545,0.16297146478487679,-0.7878884310030541,0.049
Ye2024,2126042312265659392,7751922,-4.8683,0.01,4.57,6441,0.44,-0.13,0.02,1.32,2.3,9.386296808958306,,0.48687997972090336,-0.3125780830747595,1321675.7852305148,984284.7559514132,337391.02927910164,5.528133531168406,0.3427778671152722,-0.4649872278807671,0.669
Ye2024,2126045232843416704,7890021,-4.767,0.0105,4.64,6420,0.44,-0.4,0.02,1.3,2.8,9.620852087644154,,0.4822857640602383,-0.3166955572390754,1647220.9186238868,961882.3325849591,685338.5860389277,5.835905184220763,0.7124973219927548,-0.1472167636646519,0.648
Ye2024,2126098632179076224,8026699,-5.0018,0.0122,20.1,5905,0.58453,0.03,0.02,1.08,2.65,12.87049780038931,,1.5617111561444041,0.19360071270870388,686580.3100147162,533458.0937655981,153122.2162491181,5.185038206337921,0.28703701010186583,-0.5420621024062916,0.133
Ye2024,2126111688879773824,8094082,-4.8409,0.0101,20.78,5775,0.625846,0.28,0.02,1.12,3.77,12.171862643132958,,1.7072161105698582,0.23228850042773327,909745.0283179962,455975.51170066075,453769.51661733544,5.6568353174423756,0.995162031673373,-0.0021062019351065463,0.003
Ye2024,2126147006388578304,8096156,-4.9988,0.0105,9.13,6058,0.537054,0.19,0.02,1.32,3.3,9.386296808958306,,0.9726945765540149,-0.012023505610310712,765823.7180747039,638883.0209747299,126940.69709997403,5.103600878930204,0.19869161166046231,-0.701820467497495,0.286
Ye2024,2126169859915412992,8233588,-5.01,0.0117,11.57,5980,0.561106,0.24,0.02,1.3,3.5,9.620852087644154,,1.2025961832277925,0.08011982115779329,708625.0042079212,583100.410440697,125524.59376722423,5.098728824549963,0.21527097480921847,-0.6670145225683329,0.208
Ye2024,2126177552195975936,8299279,-4.6465,0.0102,11.12,5600,0.682957,-0.11,0.02,0.92,4.47,16.339848430570573,,0.6805448684086538,-0.16714323642697212,1258530.7888552696,367050.30593781447,891480.482917455,5.950111839654912,2.428769213636044,0.385386249261202,-0.172
Ye2024,2126220815407795456,8363515,-4.5632,0.0082,3.03,6483,0.44,-0.06,0.02,1.34,1.83,9.159880552148511,,0.33079033975932065,-0.48044718185975804,2738519.4073523204,1030435.8320573049,1708083.5752950155,6.232509116588032,1.6576321612232376,0.21948816428755996,0.711
Ye2024,2126222048057149824,8428580,-4.7827,0.0067,17.71,5842,0.604438,-0.27,0.02,0.96,4.01,15.354869714245666,,1.1533800240303786,0.06197242537511777,1089326.1948686945,494605.50535199203,594720.6895167024,5.774313047271165,1.2024142131080044,0.08005410117656873,0.07
Ye2024,2126226136866012032,8492610,-4.9221,0.0101,19.87,6041,0.54227,-0.2,0.02,1.18,4.6,11.222913527863295,,1.770484994887331,0.24809225040209532,903539.36725682,626350.3030595151,277189.0641973049,5.442776092272917,0.4425463879291309,-0.35404119961981984,0.269
Ye2024,2126231295128075264,8363992,-4.5085,0.0101,3.31,6115,0.519673,-0.23,0.03,1.04,3.29,13.628989336448337,,0.2428646701738908,-0.614635657959358,2458654.940962178,682488.0518213708,1776166.8891408073,6.249483769791547,2.6024878888366056,0.41538871711680225,0.343
Ye2024,2126233146252642944,8428992,-5.0091,0.012,13.84,5942,0.572937,0.15,0.02,1.26,4.83,10.115976103458719,,1.3681329274065814,0.13612829536259416,692217.104664771,557474.7027775995,134742.40188717155,5.12950428471955,0.2417013744584677,-0.6167208799273479,0.17
Ye2024,2126261011999621888,8687184,-4.8586,0.0087,12.67,6170,0.503055,-0.37,0.02,1.26,3.54,10.115976103458719,,1.2524742912024123,0.09776882012529646,1138026.5462019444,726959.8181989437,411066.7280030006,5.6139123261370205,0.565460040173095,-0.24759808029733155,0.398
Ye2024,2126338463152001920,8167544,-4.9503,0.0175,29.95,5484,0.721806,-0.17,0.03,0.98,11.44,14.894693714546571,,2.01078320736129,0.30336524965093464,575044.5888313429,316691.9288218883,258352.6600094546,5.412212937418281,0.8157854258254732,-0.08842405770991921,-0.288
Ye2024,2126360522104849152,8367182,-5.0292,0.0184,6.88,6213,0.490165,-0.24,0.04,1.06,3.55,13.24184353201083,,0.519565118207921,-0.2843600136389096,789981.9185385084,763439.3533682044,26542.56517030392,4.423942892359388,0.03476709060543087,-1.458831650613071,0.441
Ye2024,2126365126309761280,8431917,-4.8511,0.0103,20.74,5425,0.741881,0.19,0.02,0.94,11.17,15.836148205371112,,1.3096619033260661,0.11715919453273907,692007.3491465864,293439.2370203183,398568.1121262681,5.600502549553687,1.3582645462599485,0.13298436478368972,-0.347
Ye2024,2126385600412895616,8432609,-4.6157,0.0072,12.0,5637,0.670735,-0.15,0.02,0.9,12.98,16.867395843027396,,0.7114316941201407,-0.14786679099887937,1387087.5571148111,384493.18410253513,1002594.373012276,6.001125262837801,2.607573851673033,0.41623661735547446,-0.135
Ye2024,2126414569971999104,8500171,-4.8665,0.0166,26.63,5481,0.722821,0.01,0.03,0.92,5.84,16.339848430570573,,1.6297580796512996,0.21212314276593047,695906.5832327608,315472.57059891126,380434.0126338495,5.580279338020515,1.2059178771441579,0.0813177334115032,-0.291
Ye2024,2126418383902933632,8564441,-4.533,0.0073,5.88,5893,0.588306,0.06,0.02,1.12,6.59,12.171862643132958,,0.48308136333738044,-0.31597971671728686,2004275.884235469,525862.1463830824,1478413.7378523867,6.1697959894859915,2.8114093171014924,0.4489240797651888,0.121
Ye2024,2126419685272608384,8629109,-4.5906,0.0079,13.36,6038,0.543192,-0.28,0.03,0.98,5.7,14.894693714546571,,0.89696372789138,-0.04722511893486868,1934568.7644410324,624160.6945559883,1310408.0698850441,6.117406558939964,2.099472269424518,0.3221101426960603,0.266
Ye2024,2126486961640315776,8756593,-4.8644,0.0087,12.56,6215,0.489568,-0.07,0.02,1.3,3.17,9.620852087644154,,1.3054976716803004,0.11577610160722111,1156049.0696471424,765173.6174353741,390875.45221176837,5.592038396695408,0.5108323696808345,-0.29172159079712,0.443
Ye2024,2126558090598708224,8495590,-4.9734,0.0135,3.42,6453,0.44,-0.15,0.03,1.28,1.81,9.863939442164517,,0.3467174570619144,-0.4600242912689167,1045341.9930659347,997286.0380991051,48055.954966829624,4.681747211962718,0.04818673192139292,-1.3170725270425132,0.681
Ye2024,2126631994094785024,8687869,-5.0769,0.0107,11.12,5973,0.56328,0.07,0.02,1.2,4.43,10.930356368792774,,1.0173501782383487,0.007470465508853228,604619.0069073038,578305.3751850654,26313.63172223838,4.420180792140449,0.045501274674850926,-1.3419764368264075,0.201
Ye2024,2126634364916728448,8752225,-4.8226,0.0083,13.55,5983,0.560175,-0.07,0.02,1.04,5.19,13.628989336448337,,0.9942043144580727,-0.002524356524652198,1093170.108753776,585165.8460420435,508004.2627117324,5.705867356505211,0.8681372403187606,-0.06141161353121812,0.211
Ye2024,2126638320588210176,8817143,-4.7203,0.0102,19.63,6415,0.44,-0.14,0.02,1.34,2.42,9.159880552148511,,2.1430410460315064,0.33103048923794315,1828514.3772846847,956613.3954750485,871900.9818096362,5.940467166703863,0.9114455075936454,-0.040269291308314886,0.643
Ye2024,2126648765949090048,9020155,-4.9938,0.0127,22.53,6226,0.486286,-0.01,0.03,1.32,2.93,9.386296808958306,,2.400307646195176,0.38026690857922113,864267.5397124729,774772.6300459836,89494.90966648934,4.951798334012848,0.11551119153651275,-0.93737593622995,0.454
Ye2024,2126818189517921152,9649205,-5.0087,0.0102,25.52,5562,0.695594,0.12,0.01,0.98,7.78,14.894693714546571,,1.713361851481139,0.23384909297472917,531906.9620060301,349847.2310416966,182059.73096433352,5.260213896624373,0.5203978045566828,-0.28366454429901633,-0.21
Ye2024,2126836851157355776,8024703,-4.8246,0.0137,19.51,5816,0.612716,0.12,0.03,1.14,6.75,11.843039123414078,,1.6473811997655305,0.2167941054229004,971648.8209886651,479294.0137963739,492354.8071922912,5.692278182586342,1.027250065763321,0.011676177736923286,0.044
Ye2024,2126838908441667968,8024282,-4.7984,0.0092,20.66,5574,0.691594,0.04,0.02,0.98,3.49,14.894693714546571,,1.3870711540595744,0.14209874010920628,870722.1533403633,355203.38746598864,515518.76587437466,5.712244479061535,1.4513340358380915,0.16176738020167364,-0.198
Ye2024,2126843345146637824,7885698,-4.9769,0.0153,29.59,5746,0.63519,0.31,0.02,1.18,6.5,11.222913527863295,,2.63657025660373,0.4210393484529132,651889.8562596734,440075.9474744174,211813.90878525598,5.325954474706107,0.481312168958221,-0.31757315796819224,-0.026
Ye2024,2126860559375879680,8024926,-4.8285,0.0092,34.22,5612,0.678984,-0.16,0.02,0.92,10.29,16.339848430570573,,2.0942666723870627,0.32103198153207074,834799.8955403862,372631.4612920682,462168.434248318,5.664800280174001,1.2402829128968014,0.09352076056192765,-0.16
Ye2024,2126887188173672704,8295509,-4.5727,0.0107,8.03,6022,0.548116,-0.03,0.04,1.08,1.35,12.87049780038931,,0.6239074917333116,-0.2048797994331041,1994686.9268995207,612593.375077556,1382093.5518219648,6.1405374407697,2.256135322467351,0.35336514497367766,0.25
Ye2024,2126890452348855424,8426595,-4.6185,0.0063,7.92,6070,0.533382,0.15,0.02,1.18,1.84,11.222913527863295,,0.7056991021392883,-0.15138043511822638,1852961.9483684227,647858.6654823512,1205103.2828860716,6.081024269537687,1.8601329998246365,0.269543997457121,0.298
Ye2024,2126921994588354944,8293302,-4.9435,0.0159,6.85,6215,0.489568,-0.17,0.04,1.22,3.64,10.648698264908191,,0.6432711144209566,-0.19160594981094717,963554.465701655,765173.6174353741,198380.84826628095,5.297499742950486,0.2592625304191647,-0.5862602445420421,0.443
Ye2024,2126931301777313408,8294354,-4.7508,0.0075,6.79,6203,0.493155,0.0,0.02,1.3,3.05,9.620852087644154,,0.7057586935278056,-0.15134376351345458,1490111.8255088646,754818.537155636,735293.2883532286,5.866460601814987,0.9741325261088792,-0.011381955398027064,0.431
Ye2024,2126945084333094016,8554513,-4.5496,0.0107,5.6,6193,0.496149,-0.17,0.03,1.08,3.11,12.87049780038931,,0.43510360569197326,-0.3614073177055846,2352968.1938745286,746281.3939565207,1606686.799918008,6.205931225659339,2.1529235660022574,0.33302861159186087,0.421
Ye2024,2126949104422407680,8489323,-4.7922,0.011,5.22,6328,0.456126,0.03,0.02,1.32,2.34,9.386296808958306,,0.5561298674273776,-0.2548237801423476,1467160.474671713,868817.613871112,598342.8608006011,5.776950113559887,0.688686383940375,-0.1619785033919369,0.556
Ye2024,2126951780180291072,8554094,-5.0051,0.0183,24.5,5606,0.68097,0.08,0.03,0.98,6.86,14.894693714546571,,1.6448810878247613,0.21613450729013692,553508.2652058961,369831.8488685485,183676.4163373476,5.264053397394177,0.4966484549648204,-0.3039509112469097,-0.166
Ye2024,2126958518990798976,8554303,-4.7593,0.0089,5.02,6361,0.446473,-0.11,0.02,1.2,2.03,10.930356368792774,,0.45927139341335527,-0.3379306045921661,1615895.676430269,901268.1812334525,714627.4951968164,5.854079721609688,0.7929132638620344,-0.10077431720486406,0.589
Ye2024,2126992363331351296,8556311,-4.9118,0.0095,10.05,6014,0.550584,0.28,0.02,1.36,3.05,8.941232764773126,,1.124006081084839,0.050768660854434995,908793.9593745482,606879.0388474129,301914.92052713525,5.479884576231054,0.4974878043251144,-0.30321756130866,0.242
Ye2024,2126992844367736832,8621114,-4.8224,0.0103,16.57,5214,0.815508,0.07,0.02,0.86,11.06,18.000329833835156,,0.9205386875107938,-0.03595795466742217,630806.0412853684,221848.1130663898,408957.9282189786,5.611678632011849,1.8434140483159966,0.26562289284406004,-0.558
Ye2024,2127010986309875328,8750985,-4.6435,0.0078,7.24,6078,0.530937,0.11,0.02,1.16,2.07,11.52693877886925,,0.628093905840126,-0.20197542037214858,1758549.1848410494,653902.3603255241,1104646.8245155253,6.043223448445602,1.6893146309574607,0.2277105434509357,0.306
Ye2024,2127012425117996544,8751312,-4.912,0.0138,11.44,5971,0.563901,-0.04,0.03,1.04,4.95,13.628989336448337,,0.8393872588487343,-0.07603762727807138,882673.3641165103,576941.5963100195,305731.76780649077,5.485340567500222,0.5299180536849449,-0.27579128433132466,0.199
Ye2024,2127027028006840320,8881475,-4.7602,0.0101,9.8,6051,0.5392,-0.2,0.03,1.02,4.74,14.032847450821215,,0.6983614718498558,-0.1559197283869074,1320445.097109695,633696.6746806252,686748.4224290698,5.836797670449881,1.0837178888072625,0.03491624227626578,0.279
Ye2024,2127027337244495104,8815685,-4.8314,0.0096,6.77,6363,0.445889,-0.23,0.02,1.3,2.77,9.620852087644154,,0.7036798755792701,-0.15262486910881193,1370438.1172932794,903267.8627813399,467170.2545119395,5.669475182750357,0.5172001282913244,-0.2863413760650245,0.591
Ye2024,2127052011837763456,8814285,-4.9509,0.0117,7.18,6221,0.487777,-0.2,0.02,1.24,3.32,10.377405303719263,,0.6918877879258206,-0.1599643347863514,950938.7436070584,770396.7100207937,180542.0335862647,5.256578329950019,0.23434943482740433,-0.6301360895158026,0.449
Ye2024,2127058608907880320,8748022,-4.779,0.0102,17.47,5841,0.604756,-0.03,0.02,1.0,4.55,14.454397707459272,,1.2086287061953822,0.082292904982931,1097894.3789926472,494008.93503821513,603885.443954432,5.780954561506883,1.222418059923789,0.08721975751704215,0.069
Ye2024,2127074551826232320,8881201,-4.7106,0.0139,20.62,5682,0.655978,0.07,0.03,1.0,4.33,14.454397707459272,,1.4265554620348475,0.15428866094749788,1150844.5202789253,406662.0701891336,744182.4500897918,5.871679423923848,1.8299775283780009,0.26244575674608295,-0.09
Ye2024,2127093827639774464,9016493,-4.9428,0.012,18.89,5774,0.626168,-0.09,0.03,0.98,5.84,14.894693714546571,,1.2682368877146835,0.1032003808474381,718983.3857007157,455419.15776199347,263564.22793872224,5.420886465622082,0.5787288994031812,-0.23752483016806347,0.002
Ye2024,2127096572119535232,9083564,-5.0356,0.011,15.02,5993,0.557076,0.05,0.02,1.12,4.03,12.171862643132958,,1.2339935505658934,0.09131288987472416,673889.7448725809,592096.0417386078,81793.70313397306,4.912719870915444,0.1381426278307776,-0.8596722868447754,0.221
Ye2024,2127119185125336448,8553325,-5.0415,0.0155,9.11,6007,0.552745,-0.36,0.04,0.98,7.56,14.894693714546571,,0.6116272126564725,-0.2135132001013973,671030.5062346318,601916.5785417781,69113.92769285361,4.839565574301092,0.1148231003377431,-0.9399707309277635,0.235
Ye2024,2127120731313502848,8488035,-4.9379,0.0281,28.53,5100,0.856538,-0.17,0.03,0.8,7.76,19.92161221406761,,1.4321130083966593,0.1559772896105322,442580.66908884543,189832.13907005408,252748.53001879135,5.402688638420966,1.3314317125485222,0.124318896930515,-0.672
Ye2024,2127131795149447808,8552124,-4.7911,0.0083,13.15,5942,0.572937,-0.14,0.02,1.0,5.63,14.454397707459272,,0.9097577267584017,-0.041074247174223213,1143516.2129868972,557474.7027775995,586041.5102092978,5.767928378844648,1.0512432354138495,0.021703214197750054,0.17
Ye2024,2127162817694787072,8746452,-4.8645,0.0127,12.07,6327,0.45642,-0.09,0.03,1.32,3.56,9.386296808958306,,1.2859171455648366,0.10921298695273948,1241375.2274181284,867850.1301607745,373525.09725735395,5.572319787501345,0.43040276687883444,-0.3661249454356555,0.555
Ye2024,2127181651129771776,8616270,-4.929,0.0118,8.6,6161,0.505764,-0.04,0.03,1.12,2.36,12.171862643132958,,0.7065475722281415,-0.15085859154985765,962091.9299654919,719516.9379397813,242574.99202571053,5.384846025775978,0.3371359022072284,-0.4721949962175597,0.389
Ye2024,2127239409850563840,9147169,-4.9919,0.0113,5.86,6323,0.457593,-0.13,0.01,1.24,2.98,10.377405303719263,,0.56468836173333,-0.248191163010561,923431.0296688199,863989.4347885464,59441.59488027345,4.77409045348485,0.06879898351398388,-1.162417978298339,0.551
Ye2024,2127305758504843904,9274642,-4.9546,0.0152,9.72,6125,0.516641,-0.2,0.04,1.04,2.82,13.628989336448337,,0.7131856779728757,-0.1467973868088022,886004.8694715138,690395.5062382987,195609.36323321506,5.2913896393227144,0.28332942706857367,-0.5477083165851033,0.353
Ye2024,2127324037885469056,9211183,-4.8098,0.0104,14.19,5957,0.568258,-0.04,0.02,1.04,4.06,13.628989336448337,,1.041163042225834,0.017518743722397256,1106425.3994577562,567472.1869894437,538953.2124683125,5.731551064910676,0.9497438373633248,-0.022393515786177258,0.185
Ye2024,2127329329285337856,9274513,-4.7407,0.0128,15.97,5743,0.636159,0.13,0.03,1.04,3.26,13.628989336448337,,1.1717670038299204,0.06884126440340622,1120642.2750661946,438458.6625553741,682183.6125108205,5.83390128252725,1.555867566933213,0.1919726277450262,-0.029
Ye2024,2127343279339374336,9396652,-4.776,0.0123,8.97,6080,0.530327,-0.2,0.02,1.02,3.55,14.032847450821215,,0.6392145308666537,-0.19435336103531017,1297854.6388134507,655420.8213183674,642433.8174950833,5.807828393984427,0.9801852437382734,-0.008691839888355708,0.308
Ye2024,2127346028118485376,9397038,-4.9859,0.0133,43.63,5565,0.694593,0.11,0.03,1.02,10.19,14.032847450821215,,3.1091337772254293,0.49263940890741786,561787.9392461072,351179.72881324834,210608.2104328589,5.323475297885458,0.5997163080698684,-0.22205414124316727,-0.207
Ye2024,2127350254366292352,9457426,-4.6367,0.0084,11.29,5686,0.654672,-0.17,0.02,0.92,5.05,16.339848430570573,,0.6909488816846854,-0.16055408174804292,1368167.14790864,408684.6538806267,959482.4940280134,5.982037055344142,2.347733111379,0.3706487250954588,-0.086
Ye2024,2127353449821732736,9336082,-5.0573,0.0185,23.68,5470,0.72655,-0.07,0.04,0.88,10.77,17.42033268532819,,1.3593311004871822,0.13332525334808984,444898.6029082613,311035.9946308925,133862.60827736877,5.126659282862556,0.43037658209373475,-0.3661513677881334,-0.302
Ye2024,2127395437421868416,9019366,-4.9752,0.0086,17.21,5814,0.613355,0.13,0.01,1.06,3.74,13.24184353201083,,1.2996679773776627,0.11383241845313934,685980.6199433529,478133.24699534604,207847.37294800684,5.3177445396846945,0.4347059616835847,-0.36180440372788947,0.042
Ye2024,2127402790405934464,9086251,-4.9883,0.012,10.24,6051,0.5392,0.09,0.02,1.22,3.8,10.648698264908191,,0.9616198849154156,-0.016996564663560726,780944.8195911618,633696.6746806252,147248.1449105366,5.1680498320826205,0.23236376454831126,-0.6338315960909948,0.279
Ye2024,2127409971592837504,9018496,-4.6879,0.0051,7.34,5801,0.617509,-0.01,0.01,1.02,0.64,14.032847450821215,,0.5230584901406062,-0.28144974416333174,1317416.8034321235,470646.8989936591,846769.9044384644,5.927765414098706,1.7991617627759462,0.2550702125521462,0.029
Ye2024,2127417736893090816,9152029,-4.9064,0.011,3.83,6366,0.445014,0.03,0.03,1.36,2.01,8.941232764773126,,0.4283525662243714,-0.36819862693345,1155256.1090426936,906274.5237101548,248981.58533253882,5.39616722788208,0.27473086666195223,-0.5610925438270599,0.594
Ye2024,2127428972526679296,9152377,-4.9203,0.012,3.83,6479,0.44,-0.11,0.02,1.4,2.04,8.525863775948729,,0.4492213458540523,-0.3475396153527651,1200448.8403228081,1025961.9601172484,174486.88020555978,5.24176277760731,0.17007149094067694,-0.7693684810072446,0.707
Ye2024,2127464053819699840,9150496,-4.5691,0.0106,7.45,5284,0.790757,-0.02,0.03,0.88,1.98,17.42033268532819,,0.42766117815158394,-0.3689001719544995,1192238.0342760207,243718.1108262185,948519.9234498022,5.977046457579384,3.8918729520521262,0.5901586545348326,-0.488
Ye2024,2127467451133229312,9214930,-4.8943,0.0089,11.57,6003,0.553981,-0.16,0.02,1.0,6.0,14.454397707459272,,0.8004484333532097,-0.09666664104825035,939258.4482316466,599096.5527871308,340161.89544451574,5.53168566281851,0.5677914417334012,-0.24581115784040095,0.231
Ye2024,2127469757536443264,9277694,-4.856,0.0219,17.84,5839,0.605391,0.1,0.03,1.06,5.14,13.24184353201083,,1.3472444344228647,0.12944639816568332,918259.9387871725,492817.6466667365,425442.29212043603,5.628840659806445,0.8632854261571066,-0.06384559071512973,0.067
Ye2024,2127521842601892864,9645350,-4.9509,0.0094,10.92,5965,0.565767,0.13,0.01,1.22,5.39,10.648698264908191,,1.0254774553980799,0.01092611706534573,803810.2291538127,572866.8061034476,230943.42305036518,5.363505598651819,0.40313633219771805,-0.39454805979302515,0.193
Ye2024,2127534285124763264,9402384,-4.7776,0.0126,8.11,6151,0.508779,-0.43,0.03,1.28,3.5,9.863939442164517,,0.8221867183544227,-0.08502954311389578,1354548.7652130327,711323.8583563959,643224.9068566369,5.80836285275061,0.9042644912022068,-0.043704522766810736,0.379
Ye2024,2127618466484079488,9767233,-4.8804,0.0123,24.67,5892,0.588621,-0.27,0.03,0.94,9.53,15.836148205371112,,1.5578283102726163,0.19251959196945306,900041.8202471371,525233.362126075,374808.45812106214,5.573809382839693,0.7136036762856938,-0.14654292126298982,0.12
Ye2024,2127620802946830976,9827711,-4.4998,0.01,26.62,5807,0.61559,-0.58,0.03,0.82,13.74,19.248913098918976,,1.382935226690539,0.14080183929249954,2039947.735664303,474089.5401072735,1565858.1955570295,6.194752429704314,3.302874379389848,0.5188920561693798,0.035
Ye2024,2127629736478438912,9948224,-4.8205,0.0083,6.24,6223,0.48718,0.19,0.02,1.36,2.3,8.941232764773126,,0.6978903428825268,-0.1562128112196487,1285615.0284688114,772144.5260210762,513470.50244773517,5.710515499555226,0.6649927379446573,-0.17718309738529162,0.451
Ye2024,2127677599593334528,9459767,-4.5591,0.0105,8.21,5225,0.811597,-0.07,0.02,0.82,10.76,19.248913098918976,,0.4265175886975705,-0.37006305472671597,1166425.2590300834,225168.88549304832,941256.3735370351,5.973707929960516,4.180223974888816,0.6211995517397186,-0.547
Ye2024,2127682203798368640,9583359,-5.0649,0.0155,15.87,5809,0.614951,0.0,0.03,1.02,4.0,14.032847450821215,,1.130918016148695,0.053431122675445905,556054.3499426802,475241.87882671866,80812.47111596155,4.907478386998721,0.17004492810160607,-0.7694363171586901,0.037
Ye2024,2127713741738277632,9706034,-4.9885,0.0107,10.82,6041,0.54227,0.08,0.02,1.22,3.94,10.648698264908191,,1.0160866362094527,0.006930739467177908,775437.9998899415,626350.3030595151,149087.69683042646,5.173441805631947,0.23802606321443787,-0.6233754862607892,0.269
Ye2024,2127730960267822080,9765828,-5.0056,0.0099,18.86,5790,0.621032,-0.15,0.02,0.96,4.27,15.354869714245666,,1.228274830785598,0.08929555258635255,629109.1351678243,464391.085386986,164718.04978083837,5.21674119170593,0.35469683842784294,-0.4501426825724927,0.018
Ye2024,2127798374074293632,10004664,-4.5339,0.0078,12.35,5497,0.717411,-0.07,0.02,0.9,3.84,16.867395843027396,,0.7321817851986449,-0.13538107945081965,1514309.6310670679,322022.66928730975,1192286.961779758,6.076380794765516,3.702493878516346,0.5684943491571165,-0.275
Ye2024,2127813488058867712,9886812,-4.6453,0.0047,5.33,5785,0.622635,-0.02,0.01,1.0,2.62,14.454397707459272,,0.36874590749979325,-0.43327279097342764,1437226.4123721577,461571.2087567268,975655.2036154309,5.989296365183406,2.1137696310032505,0.32505765400463726,0.013
Ye2024,2127836375944431360,10135493,-4.6094,0.0099,6.89,5898,0.586732,0.04,0.03,1.06,2.16,13.24184353201083,,0.5203203000657812,-0.28372922996679517,1686672.6761776127,529015.7667620745,1157656.9094155382,6.063579868178044,2.1883221297942823,0.3401112522567986,0.126
Ye2024,2127842388899397760,10135544,-4.8564,0.0135,31.2,5731,0.640041,-0.36,0.04,0.88,11.07,17.42033268532819,,1.7910105715878415,0.2530981493156505,851399.4601280192,432040.42003016116,419359.04009785806,5.622586009514676,0.9706477002049535,-0.01293837011245943,-0.041
Ye2024,2127850905814003200,10136693,-4.7919,0.009,5.9,6265,0.474696,-0.09,0.02,1.22,3.05,10.648698264908191,,0.5540583321289992,-0.2564445096612285,1410574.530623247,809643.0292028214,600931.5014204255,5.778824970753917,0.7422178413764714,-0.12946861032377238,0.493
Ye2024,2127867024831280768,10334851,-4.6687,0.012,8.61,6051,0.5392,-0.11,0.04,1.06,2.73,13.24184353201083,,0.6502115796177614,-0.18694530042076624,1630122.899674938,633696.6746806252,996426.2249943129,5.998445149234238,1.5724024834065897,0.1965637210606225,0.279
Ye2024,2127892141799894016,10268920,-4.9057,0.0164,18.44,5762,0.630029,-0.04,0.03,0.98,4.27,14.894693714546571,,1.2380247861015756,0.09272933964321507,776613.1722444851,448788.2111873429,327824.96105714224,5.515642018290811,0.7304669616651193,-0.13639942201716787,-0.01
Ye2024,2127901212771142912,10267917,-4.8978,0.0143,31.9,5897,0.587046,-0.3,0.03,1.15,5.26,11.683440060674577,,2.730360222189402,0.43621994820880267,867633.3713897016,528383.7476262897,339249.6237634119,5.530519374688253,0.6420515871039871,-0.1924300761452826,0.125
Ye2024,2127904717463945728,10267555,-4.9889,0.0132,14.7,5872,0.594931,-0.37,0.03,1.0,8.43,14.454397707459272,,1.0169915272508367,0.007317334748176146,691601.4963711365,512792.45991130354,178809.03645983298,5.252389462924519,0.3486966959123407,-0.4575521677769818,0.1
Ye2024,2127913650996455936,10463931,-4.7229,0.0084,7.81,6084,0.529106,0.02,0.02,1.12,2.73,12.171862643132958,,0.6416437836164866,-0.19270600891612508,1470511.950103836,658466.8231706431,812045.1269331928,5.909580164504107,1.233236206226824,0.09104626656833487,0.312
Ye2024,2127924160776160896,10464664,-4.944,0.0114,4.49,6354,0.448516,-0.01,0.03,1.32,2.25,9.386296808958306,,0.4783569166185681,-0.3202479421412865,1051478.9398400171,894299.1829300122,157179.7569100049,5.196396612769668,0.17575746451543584,-0.7550862211927903,0.582
Ye2024,2127933579644342528,10464300,-5.0281,0.0136,35.16,5813,0.613674,-0.01,0.03,1.06,7.71,13.24184353201083,,2.655219412236991,0.4241004145273133,606894.2578939802,477553.76882793446,129340.48906604579,5.111734498781218,0.2708396363062689,-0.5672877780613159,0.041
Ye2024,2127941654183582976,10593761,-4.826,0.0086,8.14,6185,0.498548,-0.19,0.02,1.08,3.04,12.87049780038931,,0.6324541697022612,-0.19897093982258374,1238712.5922682988,739511.467544,499201.12472429883,5.698275555161961,0.6750417628846263,-0.1706693577922699,0.413
Ye2024,2127941997780982784,10659278,-4.8914,0.0098,10.05,6284,0.469076,-0.06,0.02,1.34,2.72,9.159880552148511,,1.097175879399727,0.04027625139444468,1135419.7443217211,827113.3743660524,308306.3699556687,5.488982497830685,0.372749830326432,-0.4285825455632605,0.512
Ye2024,2127942788054751360,10594312,-4.8981,0.0107,11.35,6001,0.5546,0.22,0.02,1.18,2.76,11.222913527863295,,1.011323839555672,0.004890244821421657,929835.7583888023,597690.7968702991,332144.96151850314,5.521327668786275,0.5557136955390994,-0.25514889991470335,0.229
Ye2024,2128001371410443136,9348056,-4.7111,0.016,3.03,6451,0.44,-0.03,0.04,1.3,1.72,9.620852087644154,,0.3149409192031298,-0.5017709092916512,1909940.79127704,995108.9799157166,914831.8113613235,5.961341257878829,0.9193282643663889,-0.03652938747422087,0.679
Ye2024,2128006868968485632,9347707,-4.7196,0.0068,3.47,6414,0.44,0.16,0.01,1.36,0.95,8.941232764773126,,0.3880896618273026,-0.41106792611119897,1830322.2492544586,955562.5856428624,874759.6636115962,5.941888748902883,0.9154394246433316,-0.03837038802369025,0.642
Ye2024,2128030847763757696,9222547,-4.741,0.0109,18.99,5134,0.844206,0.05,0.02,0.84,12.19,18.60920008626386,,1.0204629920668766,0.008797259289642506,715212.6610719104,198936.2117264825,516276.4493454279,5.712882314563778,2.5951858883050245,0.41416847099903337,-0.638
Ye2024,2128038101970986880,9346156,-4.6411,0.0142,13.9,5651,0.666131,0.14,0.03,1.02,2.96,14.032847450821215,,0.9905331080319383,-0.004131003825307176,1321335.0819170133,391276.18594689196,930058.8959701213,5.968510451118391,2.3769882486442926,0.376027034668208,-0.121
Ye2024,2128053834428679040,9467905,-4.8452,0.0102,9.92,6124,0.516944,-0.22,0.02,1.16,4.43,11.52693877886925,,0.8605927549632666,-0.06520231441511684,1139075.3789997704,689601.2392774703,449474.1397223001,5.6527047098646115,0.6517884744424715,-0.18589332342026274,0.352
Ye2024,2128066654913751296,9469305,-4.9986,0.0221,18.58,5796,0.61911,0.4,0.03,1.34,3.87,9.159880552148511,,2.028410730273326,0.30715589929555986,641985.536504075,467794.4408232141,174191.09568086092,5.24102595092707,0.3723667501783975,-0.42902910550684314,0.024
Ye2024,2128077203353553536,9591807,-4.9163,0.0161,26.85,5343,0.770149,0.3,0.02,0.96,8.46,15.354869714245666,,1.748630922937079,0.24269815422061744,560341.0419525565,263563.6285658603,296777.4133866962,5.472430845344235,1.126018089072318,0.05154536735474866,-0.429
Ye2024,2128086239964784512,9653126,-4.6082,0.0084,10.61,5646,0.667774,-0.04,0.02,0.96,3.73,15.354869714245666,,0.6909859997155459,-0.16053075191361632,1420284.1218954255,388841.9929438331,1031442.1289515924,6.013444866063856,2.6525996360186865,0.4236717056970096,-0.126
Ye2024,2128117709182080256,9654342,-4.9199,0.013,9.37,6126,0.516338,-0.31,0.03,1.16,4.67,11.52693877886925,,0.8128784389118758,-0.08997439568151722,960328.2539873602,691190.5581279641,269137.695859396,5.429974530008984,0.3893827725140438,-0.4096232669084225,0.354
Ye2024,2128124207474727168,9715580,-4.5861,0.008,4.88,6183,0.499149,0.05,0.03,1.18,2.7,11.222913527863295,,0.4348246992979453,-0.3616857947050093,2149357.8239225745,737827.2447916513,1411530.5791309234,6.1496902910581905,1.9130908882736004,0.28173560324111874,0.411
Ye2024,2128159804164528256,9897031,-4.7881,0.0121,3.0,6342,0.452025,-0.19,0.03,1.32,2.8,9.386296808958306,,0.3196148663375733,-0.4953730284249473,1494227.3706936315,882459.8919903153,611767.4787033162,5.786586386353963,0.6932524460953406,-0.159108589368082,0.57
Ye2024,2128182893908278400,9774536,-4.9695,0.0149,12.48,6020,0.548733,0.08,0.03,1.14,2.77,11.843039123414078,,1.0537835660212107,0.0227514213747875,798909.7137192895,611160.4800741681,187749.23364512145,5.273578172976476,0.307201201266052,-0.5125770903911843,0.248
Ye2024,2128185470888611712,9774082,-4.7675,0.0158,20.07,5661,0.66285,-0.08,0.03,0.94,4.19,15.836148205371112,,1.2673536354751278,0.10289781496720252,994682.2227245247,396183.8262005124,598498.3965240123,5.77706299119739,1.510658328139591,0.1791662492610016,-0.111
Ye2024,2128212954378457472,10080740,-4.7806,0.0102,5.09,6398,0.44,-0.05,0.03,1.32,2.19,9.386296808958306,,0.5422798898860827,-0.26577650080785103,1574666.8312594197,938883.8355572342,635782.9957021854,5.803308908335809,0.6771689655566854,-0.16930295368821172,0.626
Ye2024,2128215909315876352,9955598,-4.927,0.0061,34.81,5364,0.762869,0.08,0.01,0.9,9.93,16.867395843027396,,2.0637447726935085,0.31465598623778424,555350.047491069,270954.1597053741,284395.88778569485,5.453923312434337,1.0496088640784729,0.021027489718430156,-0.408
Ye2024,2128216738250756096,10015980,-4.9263,0.0169,8.1,6129,0.515429,0.08,0.03,1.2,3.19,10.930356368792774,,0.7410554355872865,-0.13014930285853563,948135.0946720056,693580.4298458679,254554.6648261377,5.405781060083582,0.3670153508839725,-0.4353157704487938,0.357
Ye2024,2128217352424973568,10016298,-4.9847,0.0101,15.86,6081,0.530021,-0.13,0.02,1.06,4.9,13.24184353201083,,1.1977184265665155,0.0783547311071641,803177.9004163773,656181.1858554556,146996.71456092177,5.167307628190302,0.22401848411621847,-0.649716145869031,0.309
Ye2024,2128218559316957824,10016239,-4.8005,0.0109,4.89,6359,0.447056,-0.02,0.01,1.26,1.77,10.115976103458719,,0.4833937872122964,-0.31569893563452467,1467800.517758949,899272.299897387,568528.2178615619,5.754752024973514,0.6322091961761024,-0.19913919116096251,0.587
Ye2024,2128223708976568064,10080239,-4.7533,0.0166,16.42,5626,0.67436,0.11,0.03,1.0,2.68,14.454397707459272,,1.135986454248894,0.05537315278342207,1002560.6342305441,379234.7111230045,623325.9231075395,5.7947151888660855,1.6436415360337737,0.21580710767035108,-0.146
Ye2024,2128230275987858816,10212630,-4.8037,0.0115,6.3,6343,0.451732,0.03,0.02,1.36,2.21,8.941232764773126,,0.704600826948705,-0.152056851448491,1442416.1695894413,883441.3348277622,558974.834761679,5.7473922562403565,0.6327243391556476,-0.19878545911176462,0.571
Ye2024,2128259756641940480,9651253,-4.8583,0.0078,10.35,6079,0.530632,0.0,0.01,1.12,2.77,12.171862643132958,,0.8503217875071237,-0.07041669300048882,1073100.28487902,654661.213017692,418439.071861328,5.621632230117152,0.6391688762688615,-0.19438438074315745,0.307
Ye2024,2128261886945791232,9651429,-4.8327,0.0211,16.87,5798,0.618469,0.14,0.03,1.08,2.95,12.87049780038931,,1.3107496121470696,0.11751973787734027,941942.90818572,468933.63864450395,473009.269541216,5.674869651670483,1.0086912743314662,0.003758263986682099,0.026
Ye2024,2128273637976366208,9712730,-5.1361,0.0123,20.09,5569,0.69326,-0.29,0.02,0.86,13.54,18.000329833835156,,1.1160906597520728,0.047699473661490195,398676.473625922,352963.1658550663,45713.30777085567,4.660042647556126,0.1295129696043877,-0.8876867385666741,-0.203
Ye2024,2128296727720698752,9893496,-4.7304,0.0063,25.4,5086,0.86164,-0.15,0.02,0.8,3.69,19.92161221406761,,1.2749972104197387,0.10550923457339387,705857.7053851803,186188.69530191697,519669.01008326333,5.715726818898817,2.791087875880899,0.4457735102290015,-0.686
Ye2024,2128308203872828672,9649809,-4.8103,0.0131,21.06,5707,0.64783,-0.24,0.03,0.92,6.52,16.339848430570573,,1.2888736446660296,0.11021034317645693,930986.1642740159,419445.4633177445,511540.70095627144,5.708880194250507,1.2195642716220334,0.08620469278035203,-0.065
Ye2024,2128309406463720192,9711194,-4.8693,0.0138,13.63,5948,0.571064,0.04,0.03,1.16,5.83,11.52693877886925,,1.1824475050553755,0.07278186926537812,958949.1444515692,561455.4048709547,397493.7395806145,5.599330293025183,0.7079702789075024,-0.14998497391673007,0.176
Ye2024,2128315625577500800,9832338,-4.9365,0.0178,18.48,5696,0.65141,-0.01,0.03,0.96,7.87,15.354869714245666,,1.203526981596917,0.08045583106913094,690862.5625330626,413778.92162606923,277083.6409069934,5.442610885675598,0.6696417493141255,-0.17415747775744078,-0.076
Ye2024,2128320813897335552,9710739,-5.0876,0.0165,17.01,5859,0.599045,0.07,0.03,1.12,6.83,12.171862643132958,,1.3974853725117078,0.14534727081914367,546142.1914637284,504842.2119928088,41299.97947091964,4.61594983578065,0.08180769850423668,-1.0872058251723447,0.087
Ye2024,2128387746666608000,10014689,-4.7701,0.0138,21.04,5557,0.697263,-0.02,0.03,0.94,5.43,15.836148205371112,,1.3286059038563374,0.12339617796141845,918064.7737142543,347636.04256394465,570428.7311503096,5.756201391783842,1.6408791417115045,0.21507659444691843,-0.215
Ye2024,2128409560800333568,10079027,-4.5965,0.0097,4.1,5992,0.557385,0.04,0.03,1.1,0.89,12.514101920504952,,0.32763038259117533,-0.48461583102682076,1850968.1907858823,591399.8677528822,1259568.323033,6.100221730001217,2.129808259543463,0.3283405069267755,0.22
Ye2024,2128440312766598528,10407733,-4.9879,0.0111,10.44,6220,0.488075,0.02,0.02,1.38,2.74,8.730003855438706,,1.1958757605239754,0.07768606316280585,872716.6775634444,769524.0759558113,103192.60160763306,5.0136485616695055,0.1340992502144387,-0.8725736504007666,0.448
Ye2024,2128468148454731520,10340723,-4.6739,0.0139,5.01,6438,0.44,-0.32,0.04,1.32,2.61,9.386296808958306,,0.5337568267837474,-0.27265655727736404,2064028.197307278,981057.2579330258,1082970.9393742522,6.03461680284994,1.1038814815517972,0.042922447785295144,0.666
Ye2024,2128469900801446016,10275588,-4.7118,0.0096,19.91,6377,0.44181,-0.12,0.02,1.3,2.51,9.620852087644154,,2.0694632677671003,0.3158577222334533,1820863.559526943,917372.5476943247,903491.0118326182,5.95592383644215,0.9848681586378449,-0.006621903317999198,0.605
Ye2024,2128470106959879424,10341130,-5.0602,0.0118,10.28,6122,0.51755,-0.16,0.03,1.08,3.9,12.87049780038931,,0.7987259047345509,-0.09760223005252812,693401.916495148,688015.0575549239,5386.858940224047,3.7313356033008462,0.007829565473999843,-2.1062623397914306,0.35
Ye2024,2128481411314070784,10407464,-4.9986,0.0115,19.84,5999,0.555219,-0.23,0.03,0.98,7.45,14.894693714546571,,1.3320179911201333,0.12451009074376435,736761.9427101241,596287.8725663596,140474.0701437645,5.147596166000833,0.2355809611541805,-0.6278598106582244,0.227
Ye2024,2128489107895527040,10472907,-5.0429,0.0138,29.38,5835,0.606663,-0.09,0.03,1.0,7.34,14.454397707459272,,2.032599392559836,0.30805179145423783,595490.9671265197,490442.4640152555,105048.50311126414,5.021389868306467,0.21419128810998828,-0.6691981973823259,0.063
Ye2024,2128494536734250624,10602599,-5.0431,0.0112,10.35,6091,0.526972,-0.17,0.02,1.14,5.39,11.843039123414078,,0.8739310823973983,-0.05852281417868115,706750.5166330559,663826.5626699438,42923.953963112086,4.6326997204064275,0.0646613985895198,-1.1893549060785922,0.319
Ye2024,2128495017770764800,10602514,-4.743,0.0084,5.7,6293,0.46642,-0.18,0.02,1.2,4.54,10.930356368792774,,0.521483454672535,-0.28275946606469393,1607099.1212155032,835501.0669270844,771598.0542884188,5.88739112382816,0.9235153428664115,-0.03455588499161412,0.521
Ye2024,2128497148075362176,10472135,-4.9899,0.0132,19.1,5563,0.69526,-0.32,0.03,0.86,13.27,18.000329833835156,,1.0610916675592132,0.025752904160968662,555837.6701579012,350290.91403273994,205546.7561251613,5.312910627270302,0.5867887172944197,-0.23151824531253581,-0.209
Ye2024,2128502405115327488,10601380,-4.6378,0.0072,3.62,6447,0.44,-0.19,0.01,1.3,2.02,9.620852087644154,,0.37626604868492736,-0.4245049672607905,2255497.8500817013,990767.0960652337,1264730.7540164676,6.101998079274087,1.2765167101726154,0.10602650428579104,0.675
Ye2024,2128509517580041728,10601726,-4.8596,0.0137,16.83,5858,0.599362,0.23,0.03,1.12,3.1,12.171862643132958,,1.3826971675115836,0.14072707318239838,922590.9836746512,504235.0605095004,418355.92316515086,5.621545922191649,0.8296843197345825,-0.08108711759468949,0.086
Ye2024,2128525529217963392,10019668,-4.7598,0.0108,13.98,5860,0.598728,-0.01,0.03,1.04,1.07,13.628989336448337,,1.0257547096770372,0.01104351967458581,1162524.731164534,505449.9907441835,657074.7404203506,5.817614772156406,1.2999797258932129,0.11393657922886569,0.088
Ye2024,2128537348968019968,10017668,-4.9128,0.0108,30.6,5640,0.669747,-0.13,0.02,0.96,10.39,15.354869714245666,,1.9928531188780119,0.29947529066662304,701339.2628665277,385938.12544117373,315401.1374253539,5.498863255183956,0.8172323920183124,-0.08765442789860585,-0.132
Ye2024,2128546523018329984,10214458,-4.8576,0.0091,11.49,5967,0.565145,0.07,0.02,1.18,5.62,11.222913527863295,,1.023798318633892,0.010214411980565358,997782.512348836,574222.3164328769,423560.1959159592,5.626915140514084,0.7376240591747724,-0.13216492628680698,0.195
Ye2024,2128549477955613312,10083396,-4.955,0.0119,10.74,6078,0.530937,0.03,0.02,1.26,3.63,10.115976103458719,,1.061686968233142,0.025996486605391975,858330.4496779109,653902.3603255241,204428.08935238677,5.310540569606514,0.31262785051061576,-0.5049723353881513,0.306
Ye2024,2128575763155986560,10347528,-4.8678,0.0165,6.95,6262,0.475585,0.02,0.03,1.22,2.31,10.648698264908191,,0.6526619336095838,-0.18531171671325883,1182126.59969683,806913.7130644172,375212.8866324127,5.574277745744444,0.46499753388434334,-0.33254935038587724,0.49
Ye2024,2128600360426748800,10345854,-4.9233,0.0174,18.73,5492,0.7191,-0.03,0.03,0.92,3.65,16.339848430570573,,1.1462774627063028,0.059289753702226645,615508.2110053739,319963.3435165599,295544.86748881394,5.470623421676308,0.9236835202452427,-0.034476804704951174,-0.28
Ye2024,2128603938140978560,10213263,-5.0121,0.0162,18.98,5801,0.617509,0.11,0.03,1.18,5.38,11.222913527863295,,1.691182949318648,0.228190591383554,624486.7072887961,470646.8989936591,153839.80829513696,5.187068730042071,0.32686884503877206,-0.4856264715044883,0.029
Ye2024,2128604006860454016,10213217,-4.5382,0.0123,2.51,6477,0.44,-0.26,0.04,1.24,2.28,10.377405303719263,,0.2418716361690543,-0.6164150575476135,2890063.0989364865,1023731.2821660324,1866331.8167704542,6.27098885987204,1.8230680739008285,0.26080288564209536,0.705
Ye2024,2128692448827083392,10675144,-4.602,0.0075,10.45,5791,0.620711,0.04,0.02,1.14,6.04,11.843039123414078,,0.8823748609712861,-0.054346873524544904,1594505.4072752148,464956.8311791264,1129548.5760960884,6.052904912438192,2.429362255484156,0.38549227965790456,0.019
Ye2024,2128748764438814080,10866952,-4.9322,0.0087,17.26,5617,0.677332,-0.19,0.01,0.96,11.63,15.354869714245666,,1.1240733605174669,0.05079465556423386,659826.0113951392,374978.34532974736,284847.6660653918,5.454612665361686,0.7596376420481116,-0.11939352296511611,-0.155
Ye2024,2128794978287438976,11196062,-4.9954,0.0121,19.91,6036,0.543807,-0.11,0.02,1.22,4.21,10.648698264908191,,1.8697121004556567,0.27177473872403685,760691.6709201805,622704.6076808593,137987.06323932123,5.139838371711826,0.2215931302535674,-0.654443707568219,0.264
Ye2024,2128795150086137728,11249955,-4.51,0.0086,16.39,6343,0.451732,-0.4,0.04,1.1,4.07,12.514101920504952,,1.3097224318705767,0.1171792658239429,2836550.9073205804,883441.3348277622,1953109.5724928183,6.2907266085690265,2.2107971355829767,0.3445488932169055,0.571
Ye2024,2128816281323586176,10538713,-4.6407,0.0092,19.65,5688,0.654019,0.15,0.02,1.04,4.27,13.628989336448337,,1.441779688494548,0.1588989029763687,1357532.0370669276,409699.17878377665,947832.8582831509,5.976731760201854,2.313484886879357,0.3642666667638008,-0.084
Ye2024,2128820576290848128,10603346,-5.0457,0.0094,25.53,5625,0.67469,0.18,0.01,1.02,6.38,14.032847450821215,,1.8193028955435528,0.25990501072484806,510977.57835910044,378759.74354500463,132217.8348140958,5.121290040920621,0.34908101261396474,-0.4570737729023501,-0.147
Ye2024,2128823050192083712,10603741,-4.774,0.0068,20.93,5669,0.660229,-0.23,0.02,0.92,5.69,16.339848430570573,,1.2809176345137703,0.10752120466567575,985456.7409043143,400147.88134555204,585308.8595587623,5.767385097885516,1.4627313721881547,0.16516457609917584,-0.103
Ye2024,2128826348726958976,10603599,-4.9992,0.0076,21.19,5265,0.797443,-0.35,0.01,0.8,4.61,19.92161221406761,,1.0636689326296955,0.026806474664250443,436521.0977774413,237606.62601472466,198914.47176271665,5.298666380801947,0.8371587741428969,-0.07719216662466663,-0.507
Ye2024,2128827375219305600,10669119,-4.7752,0.0079,11.41,6057,0.537361,-0.18,0.02,1.02,4.83,14.032847450821215,,0.813092285082332,-0.08986015966118766,1280684.1400767553,638139.8917515443,642544.248325211,5.807903040395211,1.006901866864298,0.0029871460689326087,0.285
Ye2024,2128834796921590016,10736265,-4.5903,0.0101,2.75,6446,0.44,-0.24,0.03,1.28,2.29,9.863939442164517,,0.27879327687727035,-0.5547177034947891,2514623.3347814376,989684.1688912321,1524939.1658902057,6.1832525188007255,1.5408341507560266,0.18775589550770025,0.674
Ye2024,2128836755426678400,10670098,-4.6081,0.0079,17.6,6324,0.4573,-0.23,0.02,1.24,3.21,10.377405303719263,,1.6959923492332096,0.2294238887854982,2236038.0094624823,864953.2241859218,1371084.7852765606,6.137064311565034,1.5851548348952633,0.2000716896808253,0.552
Ye2024,2128839233629156224,10670942,-4.8771,0.0079,16.0,5939,0.573875,0.15,0.02,1.14,3.73,11.843039123414078,,1.351004571822065,0.13065681868430706,936192.2416119466,555493.4510236821,380698.79058826447,5.580581497140931,0.6853344353325855,-0.1640974460620719,0.167
Ye2024,2128840436220001280,10736408,-4.8339,0.0121,21.81,5745,0.635513,0.18,0.03,1.18,5.54,11.222913527863295,,1.9433456335426613,0.28855004887098035,905465.4191518225,439536.2846535916,465929.1344982309,5.6683198676841355,1.0600470331259229,0.0253251348627925,-0.027
Ye2024,2128843146338008064,10802568,-4.9999,0.0092,6.71,6197,0.494951,0.14,0.02,1.36,2.62,8.941232764773126,,0.7504558014009223,-0.12467488073308063,836445.6390239534,749686.2540285944,86759.384995359,4.938316464802868,0.11572759208154007,-0.9365630830523687,0.425
Ye2024,2128854454993093760,10800931,-4.8466,0.0121,43.26,5522,0.70899,0.17,0.02,1.0,10.46,14.454397707459272,,2.9928607801953198,0.47608651510307276,750580.6184511491,332490.80255256407,418089.815898585,5.621269588854133,1.2574477630324479,0.09948995261626004,-0.25
Ye2024,2128866407882096256,10603071,-5.0071,0.0094,22.81,5737,0.638099,-0.01,0.02,0.98,6.31,14.894693714546571,,1.5314178617666452,0.18509370820225304,604297.9711347803,435239.38871562027,169058.58241916005,5.228037223032406,0.3884266608269242,-0.41069096863880256,-0.035
Ye2024,2128880186137161728,10799881,-4.8881,0.0109,11.23,6092,0.526667,-0.02,0.02,1.12,3.28,12.171862643132958,,0.9226196786188405,-0.0349772865319676,1010534.896053935,664595.287369806,345939.6086841291,5.539000289820505,0.5205267254500334,-0.2835569675607294,0.32
Ye2024,2128889738144420736,10862932,-5.0182,0.0172,18.26,6006,0.553054,-0.14,0.04,1.08,5.97,12.87049780038931,,1.418748542845613,0.1519054284864952,707543.3411481495,601210.5063704243,106332.83477772516,5.026667392094975,0.1768645651581648,-0.7523591693389093,0.234
Ye2024,2128905887223154688,10922935,-5.0115,0.011,23.51,5478,0.723837,-0.12,0.02,0.9,6.65,16.867395843027396,,1.393813260730376,0.14420459207843522,497278.68952833686,314257.2435283921,183021.44599994476,5.262501982264445,0.5823937228782107,-0.23478331455704968,-0.294
Ye2024,2128907265911414656,10922695,-4.5517,0.0102,4.39,6293,0.46642,0.01,0.03,1.24,2.23,10.377405303719263,,0.42303445529169253,-0.3736242587865304,2496563.769138981,835501.0669270844,1661062.702211897,6.220386026617955,1.988103627827995,0.298439017798181,0.521
Ye2024,2128921349106020864,11032171,-4.9266,0.0085,17.88,5842,0.604438,-0.2,0.02,0.96,3.36,15.354869714245666,,1.1644514302463675,0.06612137864494186,782092.1866588652,494605.50535199203,287486.68130687316,5.458617729481596,0.5812444022479688,-0.23564121661299967,0.07
Ye2024,2128925923249565696,11086137,-4.7898,0.0115,9.04,6039,0.542884,-0.05,0.03,1.1,3.16,12.514101920504952,,0.7223850386888354,-0.1412312572711929,1223691.2512140416,624889.8330207808,598801.4181932608,5.777282820249469,0.9582511773292806,-0.018520638489163785,0.267
Ye2024,2128933448032286976,11139559,-4.9751,0.0139,9.1,6331,0.455247,-0.04,0.03,1.32,2.53,9.386296808958306,,0.969498427890639,-0.01345289082351614,964719.3526061143,871725.6204943173,92993.73211179709,4.968453677575501,0.10667775493287031,-0.9719261327508685,0.559
Ye2024,2128940148180320000,10924986,-4.7411,0.0132,29.42,5532,0.705632,-0.07,0.03,0.92,4.82,16.339848430570573,,1.8005062975344064,0.2553946447185006,963918.7371052114,336759.07553592906,627159.6615692823,5.797378117085097,1.8623393016838539,0.2700588084523207,-0.24
Ye2024,2128957224970217600,11033622,-4.7742,0.011,13.05,6383,0.440065,-0.47,0.01,1.16,4.57,11.52693877886925,,1.132130589946636,0.053896525105004305,1583110.080700603,923475.0220435564,659635.0586570466,5.819303729714562,0.7142965894165078,-0.1461214235155626,0.611
Ye2024,2128958152683126272,10979505,-4.7424,0.0092,2.26,6461,0.44,-0.02,0.02,1.34,1.69,9.159880552148511,,0.24672810820332167,-0.6077813712146621,1788177.807897188,1006035.1951106186,782142.6127865694,5.893285947816031,0.7774505470462879,-0.10932722651716059,0.689
Ye2024,2128958633719470720,11033504,-4.5999,0.0122,8.5,5068,0.86822,0.01,0.03,0.82,8.01,19.248913098918976,,0.44158337441283174,-0.3549872861318641,939849.1683668395,181592.56947121187,758256.5988956277,5.879816198542856,4.175592652847149,0.6207181247524618,-0.704
Ye2024,2128961726095953024,11087683,-4.7042,0.009,7.44,6069,0.533687,0.01,0.03,1.12,2.0,12.171862643132958,,0.6112458066717875,-0.21378410724754665,1520128.4480787353,647106.5850794673,873021.862999268,5.941025119835063,1.3491160237413709,0.13004930052726763,0.297
Ye2024,2128968009629792512,11141200,-4.8683,0.0104,5.95,6298,0.464946,-0.26,0.02,1.1,2.37,12.514101920504952,,0.4754636040042667,-0.3228827220180066,1208154.1828080895,840192.357690354,367961.82511773554,5.565802764323784,0.43794950257491494,-0.35857596259491953,0.526
Ye2024,2129008524059567488,11140626,-4.9851,0.0096,20.23,5591,0.685942,-0.42,0.02,0.82,9.14,19.248913098918976,,1.0509684311025396,0.021589670924647895,573415.8663562123,362911.658778322,210504.2075778903,5.3232607809773755,0.5800425599070461,-0.23654013944626848,-0.181
Ye2024,2129009245615040000,11140963,-4.8489,0.0124,22.1,5931,0.576376,-0.07,0.03,1.08,6.49,12.87049780038931,,1.7171053010343946,0.2347969289733257,993627.111203858,550239.6274552557,443387.48374860233,5.646783429383707,0.805807981877237,-0.09376843505130111,0.159
Ye2024,2129013506221654272,11140660,-4.8975,0.0091,9.45,6063,0.535523,0.21,0.02,1.22,2.47,10.648698264908191,,0.8874324133252613,-0.05186471279410979,970201.6515161515,642609.8172589816,327591.83425716986,5.515333067748789,0.5097834260523681,-0.29261428830772407,0.291
Ye2024,2129014567075961088,11193284,-4.6919,0.0106,5.63,6288,0.467895,-0.11,0.03,1.34,2.85,9.159880552148511,,0.6146368359224341,-0.2113814155107168,1802029.3857296624,830832.2727444682,971197.1129851942,5.987307382734,1.1689448578797526,0.06779402486297156,0.516
Ye2024,2129019033841275392,11247688,-4.5324,0.0052,6.67,5823,0.610484,-0.02,0.02,1.02,8.23,14.032847450821215,,0.4753133691059732,-0.32301997016285333,1913369.7213012192,483375.7626147192,1429993.9586864999,6.155334202699566,2.9583484925914556,0.4710493324379879,0.051
Ye2024,2129019480517873152,11247610,-4.9877,0.0103,13.78,6033,0.544729,0.06,0.02,1.4,3.02,8.525863775948729,,1.6162585237255458,0.2085108282502191,772760.7189888866,620525.9433524599,152234.77563642664,5.182513871500699,0.24533184674594177,-0.6102460719799506,0.261
Ye2024,2129024570057782528,11193107,-4.733,0.0101,22.58,5172,0.830519,0.04,0.03,0.86,4.21,18.000329833835156,,1.2544214582977502,0.09844347450219007,750318.7536666685,209552.35179867587,540766.4018679927,5.73300970080227,2.5805790163000677,0.4117171615333561,-0.6
Ye2024,2129032678956059136,11299248,-4.7806,0.0098,7.54,6175,0.501551,-0.25,0.02,1.08,1.9,12.87049780038931,,0.585835926235264,-0.23222399884201095,1366342.5223456125,731123.2277163516,635219.2946292609,5.802923681207065,0.868826581550904,-0.06106690041144394,0.403
Ye2024,2129116890377197568,10140949,-4.9468,0.0102,22.44,5615,0.677992,0.13,0.02,1.0,6.15,14.454397707459272,,1.552468698742094,0.1910228525841239,637104.6561023648,374038.0741333131,263066.5819690517,5.4200656820339095,0.703314983584507,-0.15285013017829915,-0.157
Ye2024,2129123869701231616,10274494,-4.8133,0.0097,3.35,6420,0.44,-0.25,0.02,1.22,2.46,10.648698264908191,,0.31459244281900806,-0.5022517142665274,1480648.083743798,961882.3325849591,518765.751158839,5.714971296298493,0.5393235051575485,-0.26815065158692214,0.648
Ye2024,2129144382465423744,10403889,-4.8066,0.01,19.39,5512,0.712354,-0.03,0.02,0.92,4.53,16.339848430570573,,1.186669514248543,0.07432978540569465,817049.8831578383,328269.03822104825,488780.84493679,5.689114177796572,1.4889641971280188,0.1728842550546088,-0.26
Ye2024,2129162283888866688,10337258,-4.6526,0.0083,6.87,6208,0.491659,-0.02,0.02,1.16,2.44,11.52693877886925,,0.5959951841328268,-0.22475724950974502,1874211.3760583245,759118.4435255525,1115092.932532772,6.047311063262483,1.4689314191260814,0.16700152009905522,0.436
Ye2024,2129168709160524800,10336945,-4.7661,0.0081,12.79,5950,0.57044,0.06,0.02,1.24,4.28,10.377405303719263,,1.232485349243906,0.0907817654500022,1217810.1783776502,562787.7145627139,655022.4638149363,5.816256194256789,1.16388905952556,0.0659115858705148,0.178
Ye2024,2129173622602512512,10271799,-4.5991,0.0108,7.49,6151,0.508779,-0.17,0.04,1.1,3.31,12.514101920504952,,0.5985247720994886,-0.22291787004708974,2043123.6206258084,711323.8583563959,1331799.7622694126,6.124438933033556,1.872283273819474,0.27237155751613423,0.379
Ye2024,2129183518207280128,10337983,-4.8538,0.0112,16.98,5847,0.60285,0.15,0.02,1.3,4.21,9.620852087644154,,1.764916438306648,0.24672414811397764,927991.7429210776,497597.6395780854,430394.10334299225,5.633866312604562,0.8649440212536473,-0.06301199894828889,0.075
Ye2024,2129189599881411328,10468825,-4.5896,0.0109,10.82,5533,0.705296,0.06,0.03,0.98,2.07,14.894693714546571,,0.7264331987862824,-0.13880431630384485,1367270.4176578748,337188.4772184299,1030081.9404394449,6.012871773118045,3.054914417411008,0.48499904810827266,-0.239
Ye2024,2129241723603481344,10534629,-5.0239,0.0104,14.79,6058,0.537054,-0.23,0.02,1.0,6.41,14.454397707459272,,1.0232180059891072,0.009968173996892498,722817.7562640948,638883.0209747299,83934.73528936494,4.923941725103216,0.1313773140524341,-0.8814796213244842,0.286
Ye2024,2129248350736185984,10599644,-4.9846,0.0092,24.02,6209,0.49136,0.11,0.02,1.36,2.63,8.941232764773126,,2.6864304544933164,0.42917560216481454,873169.1355011985,759980.9424821255,113188.19301907299,5.053801126727712,0.14893556758067672,-0.8270015751864694,0.437
Ye2024,2129254810363702528,10666494,-5.0263,0.0129,24.16,5634,0.671723,-0.07,0.03,0.94,5.33,15.836148205371112,,1.5256235093711554,0.1834473724288112,537748.3756670255,383052.88770045066,154695.4879665748,5.189477646732362,0.40384890163665194,-0.39378109394840705,-0.138
Ye2024,2129256635730165888,10666727,-4.8115,0.0117,4.95,6203,0.493155,-0.01,0.03,1.38,2.81,8.730003855438706,,0.5670100588691263,-0.2464092365698688,1295742.9700387244,754818.537155636,540924.4328830884,5.73313659842608,0.7166284428061882,-0.14470595878693412,0.431
Ye2024,2129281958857839104,10920742,-4.785,0.0106,15.3,5882,0.591773,-0.2,0.03,1.0,8.62,14.454397707459272,,1.058501385505973,0.0246914308175989,1113555.3718187679,518980.9207426676,594574.4510761003,5.774206243592333,1.1456576288493565,0.059054851386429734,0.11
Ye2024,2129282165016263040,10920626,-4.9843,0.0153,18.59,5812,0.613993,-0.03,0.03,1.12,6.05,12.171862643132958,,1.5272929497350174,0.1839223469784732,670832.5993279857,476974.8934506748,193857.7058773109,5.287483068967057,0.40643167709488304,-0.39101245069613,0.04
Ye2024,2129285837208235136,10920360,-5.0027,0.0138,13.82,5965,0.565767,-0.19,0.03,1.0,4.07,14.454397707459272,,0.9561104018099704,-0.01949195696182031,713433.5499833943,572866.8061034476,140566.74387994676,5.147882584853126,0.24537421680278573,-0.6101710735917183,0.193
Ye2024,2129288963946940800,10598873,-4.6822,0.0126,5.11,6322,0.457887,-0.14,0.03,1.3,2.9,9.620852087644154,,0.5311379858508228,-0.2747926376592435,1882910.6099590482,863026.5671272371,1019884.0428318111,6.008550796839345,1.18175277758448,0.07252663173923758,0.55
Ye2024,2129305495278181120,10663835,-5.0293,0.0154,9.67,6048,0.540121,0.21,0.03,1.26,3.17,10.115976103458719,,0.9559136855506967,-0.019581320675143198,709183.8983262385,631485.0401190649,77698.85820717365,4.890414636845092,0.12304148676669162,-0.9099484297316159,0.276
Ye2024,2129311267714216704,10794926,-4.6787,0.0106,24.37,5532,0.705632,-0.08,0.02,0.92,5.76,16.339848430570573,,1.4914459031581742,0.1736075055117136,1112859.7173905182,336759.07553592906,776100.6418545891,5.889918042608723,2.3046168558916427,0.36259873397594694,-0.24
Ye2024,2129311439513361792,10794974,-4.7889,0.0123,5.26,6300,0.464357,-0.09,0.04,1.26,2.75,10.115976103458719,,0.5199695952426747,-0.2840220506044058,1452358.8466013193,842075.1932804106,610283.6533209087,5.785531737369989,0.7247377172381381,-0.1398191362777621,0.528
Ye2024,2129311576952316544,10795103,-4.7523,0.0082,6.79,6379,0.441228,-0.15,0.02,1.32,2.61,9.386296808958306,,0.7233949808107076,-0.14062450886410802,1660818.390579876,919402.8489452658,741415.5416346103,5.870061685517941,0.8064098805927765,-0.09344415964280557,0.607
Ye2024,2129316249876752640,10918794,-4.8461,0.0125,14.79,5892,0.588621,0.36,0.02,1.26,3.68,10.115976103458719,,1.462043785862958,0.1649603792387476,974008.3708190876,525233.362126075,448775.00869301264,5.652028664003629,0.8544297469536797,-0.06832364009905388,0.12
Ye2024,2129316559114092544,10860133,-4.8514,0.0088,12.38,6014,0.550584,0.2,0.02,1.24,3.27,10.377405303719263,,1.1929764365629054,0.07663186565544754,1044396.5575814827,606879.0388474129,437517.5187340698,5.640995447386245,0.7209303514008406,-0.14210669015346944,0.242
Ye2024,2129318242741798528,10919030,-4.7898,0.0121,19.79,5774,0.626168,-0.21,0.03,1.24,4.62,10.377405303719263,,1.9070277608707509,0.2803570151777446,1022630.7669451587,455419.15776199347,567211.6091831652,5.753745111019495,1.2454715606838735,0.09533381522935018,0.002
Ye2024,2129318895576600832,10859606,-4.9197,0.0094,16.89,5763,0.629707,0.14,0.02,1.08,7.04,12.87049780038931,,1.3123035535959695,0.1180343048592237,752499.4987034077,449337.6069568906,303161.8917465171,5.481674608423204,0.6746862204560644,-0.17089815962535654,-0.009
Ye2024,2129320540544543616,10918580,-4.5453,0.0054,2.06,6197,0.494951,-0.07,0.02,1.26,3.38,10.115976103458719,,0.2036382825475114,-0.6911405743889915,2382526.3978610216,749686.2540285944,1632840.1438324272,6.212943669090786,2.178031323180894,0.33806412123554985,0.425
Ye2024,2129327348072084480,10975246,-4.9633,0.0111,8.83,6149,0.509383,-0.06,0.03,1.2,3.68,10.930356368792774,,0.8078419131155234,-0.09267361815961678,882124.1435801968,709694.88634824,172429.2572319568,5.2366109574072315,0.24296251889202364,-0.6144607185575403,0.377
Ye2024,2129337449835410048,11029069,-4.8801,0.0113,18.17,5888,0.589881,-0.05,0.02,1.04,4.87,13.628989336448337,,1.3331876305316,0.12489127557295755,898220.4570658414,522724.6727146641,375495.78435117734,5.574605065592388,0.7183433343620772,-0.1436679337801813,0.116
Ye2024,2129347925254420864,11083088,-4.8799,0.0101,15.86,5997,0.555837,0.0,0.02,1.08,3.85,12.87049780038931,,1.2322755689776244,0.09070783826980001,967047.7793189575,594887.775112769,372160.0042061885,5.570729697956793,0.6255969945518557,-0.20370534634955115,0.225
Ye2024,2129356278972042496,11136525,-4.8527,0.0131,9.76,6103,0.523319,-0.28,0.03,1.04,3.87,13.628989336448337,,0.7161205984583607,-0.14501383406838497,1104295.281398868,673101.8096883838,431193.4717104841,5.6346721769895,0.6406066147855218,-0.19340858120448046,0.331
Ye2024,2129367136648171904,10401690,-4.6851,0.0088,6.42,6175,0.501551,-0.37,0.02,1.04,5.22,13.628989336448337,,0.4710547379203562,-0.3269286236662235,1702392.0572245808,731123.2277163516,971268.8295082292,5.987339451342822,1.3284611850480628,0.12334886972431305,0.403
Ye2024,2129375108107492096,10596512,-4.8807,0.0141,20.48,5613,0.678654,-0.27,0.03,0.9,2.88,16.867395843027396,,1.2141767579650402,0.08428191525728895,740784.5320832991,373099.8269851621,367684.705098137,5.565475564517666,0.9854861313370686,-0.006349483131025493,-0.159
Ye2024,2129388130448704256,10661712,-4.9955,0.0098,33.88,5692,0.652714,-0.05,0.02,0.96,10.4,15.354869714245666,,2.206466132927681,0.34369726584371235,601410.9100583892,411734.7138727199,189676.19618566928,5.278012831606264,0.46067574531571837,-0.33660465285007524,-0.08
Ye2024,2129397437638745984,10728256,-4.8393,0.0076,13.36,5905,0.58453,0.22,0.02,1.16,3.95,11.52693877886925,,1.159024113539238,0.06409247157023137,998139.7341650635,533458.0937655981,464681.64039946534,5.667155513815825,0.8710743089852654,-0.0599447949283875,0.133
Ye2024,2129407470682340608,10794224,-4.8247,0.0084,11.59,6107,0.522103,-0.26,0.01,1.08,5.4,12.87049780038931,,0.9005090696374947,-0.04551190874818902,1180927.9909930583,676218.1698134303,504709.821179628,5.703041755779097,0.7463712803204893,-0.1270450801917566,0.335
Ye2024,2129464031110761728,10792747,-4.5229,0.0104,4.16,6373,0.442975,-0.15,0.03,1.24,2.75,10.377405303719263,,0.4008709189096677,-0.3969954484019089,2805998.34501068,913323.4852910623,1892674.8597196178,6.27707601345784,2.072294088787667,0.31645138817478685,0.601
Ye2024,2129466814250095360,10916765,-4.9148,0.0129,19.65,5964,0.566078,-0.19,0.03,1.0,7.95,14.454397707459272,,1.3594478578557103,0.13336255471144554,872895.5425075116,572190.0813037746,300705.46120373695,5.47814131552689,0.5255342080005281,-0.27939900967885567,0.192
Ye2024,2129470903055122176,10916554,-4.7276,0.0069,18.74,5533,0.705296,0.03,0.01,0.96,4.51,15.354869714245666,,1.2204597205154881,0.08652345073680245,995071.7973120301,337188.4772184299,657883.3200936002,5.818148875478902,1.9510848221169341,0.2902761504691297,-0.239
Ye2024,2129498042951286400,11186430,-4.8988,0.0106,18.87,5878,0.593036,-0.42,0.02,0.88,9.78,17.42033268532819,,1.0832169707007233,0.03471545546213904,854535.4099358865,516497.88948374795,338037.52045213856,5.528964907440264,0.6544799646519663,-0.1841036438027236,0.106
Ye2024,2129521716811229440,11026936,-4.8194,0.0089,4.1,6394,0.44,-0.19,0.01,1.16,2.44,11.52693877886925,,0.35568853783764043,-0.44893012984956,1436488.866576845,934753.4035471817,501735.4630296633,5.700474798364388,0.5367570325239668,-0.2702222567820821,0.622
Ye2024,2129528043302891392,11135275,-4.7945,0.0134,24.68,5457,0.730966,-0.01,0.03,0.92,5.48,16.339848430570573,,1.510417927367408,0.17909713168819336,807100.3799494561,305861.8944736583,501238.4854757978,5.700044409066122,1.6387738862938543,0.21451903489494423,-0.315
Ye2024,2129536908116799104,11136148,-4.8008,0.013,11.36,5946,0.571688,0.15,0.03,1.28,3.96,9.863939442164517,,1.1516696819366514,0.06132793404994832,1121272.9781433623,560125.8027381012,561147.1754052611,5.749076781191343,1.0018234701243312,0.0007912018654625162,0.174
Ye2024,2129558657830208000,11241813,-4.8432,0.011,34.9,5756,0.631962,-0.22,0.03,0.92,10.01,16.339848430570573,,2.135882725491189,0.3295774032861692,893089.2825557463,445503.926521714,447585.35603403224,5.650875868969694,1.0046720789389423,0.002024332854490646,-0.016
Ye2024,2129558962769802112,11294748,-5.122,0.018,38.75,5178,0.828367,0.18,0.03,0.9,7.19,16.867395843027396,,2.2973315122629545,0.3612236697958249,307793.83797639137,211272.2342017572,96521.60377463416,4.9846245294063225,0.4568589154146,-0.34021789559059384,-0.594
Ye2024,2129568690873921664,11400603,-4.6521,0.0129,8.91,5951,0.570128,-0.06,0.03,1.04,2.88,13.628989336448337,,0.6537535381418027,-0.184585947698202,1584424.4576496426,563454.8861806605,1020969.5714689821,6.009012798756805,1.8119810414451332,0.25815364939000124,0.179
Ye2024,2129571061695489152,11081060,-4.698,0.0081,4.52,6329,0.455833,-0.23,0.02,1.22,3.23,10.648698264908191,,0.4244650273259451,-0.3721580864919906,1823694.6301168425,869786.0230042225,953908.6071126199,5.9795067674420315,1.0967164128688107,0.040094342936479996,0.557
Ye2024,2129573810474523264,11080883,-4.7572,0.0113,9.42,6068,0.533993,0.03,0.02,1.24,3.83,10.377405303719263,,0.907741359646411,-0.0420378762357743,1344602.842691188,646355.2540288954,698247.5886622926,5.8440094445771695,1.080284540598903,0.03353816116858401,0.296
Ye2024,2129577418247111040,11187247,-4.9485,0.016,24.0,5794,0.61975,-0.02,0.03,1.04,7.83,13.628989336448337,,1.7609522912910511,0.24574758997652926,719491.553848285,466657.618763614,252833.93508467101,5.402835364036473,0.5417975083200011,-0.26616299658111287,0.022
Ye2024,2129608479450865280,11347865,-4.9993,0.016,8.01,6172,0.502453,-0.03,0.03,1.16,2.51,11.52693877886925,,0.6948939483120732,-0.1580814704850578,824167.3510569222,728622.7338718434,95544.6171850788,4.9802062246964445,0.13113043656675694,-0.882296492910887,0.4
Ye2024,2129608994846836224,11294082,-4.9084,0.0135,4.65,6342,0.452025,-0.3,0.03,1.4,2.53,8.525863775948729,,0.545399284130899,-0.263285436431434,1132704.6604341944,882459.8919903153,250244.7684438791,5.398365006991699,0.2835763650169672,-0.547329968730346,0.57
Ye2024,2129643285865403648,10921306,-4.951,0.0143,7.41,6146,0.510288,-0.23,0.03,1.22,3.93,10.648698264908191,,0.6958597018772685,-0.1574783133240445,905694.9794211785,707257.4310779575,198437.54834322096,5.29762385277461,0.28057329569627126,-0.5519536664639233,0.374
Ye2024,2129646137725232512,10920939,-5.1407,0.0133,26.47,5759,0.630995,0.18,0.02,1.34,4.1,9.159880552148511,,2.889775674399082,0.46086413093928524,451128.2779823944,447143.48117819923,3984.7968041951535,3.600406180420531,0.008911673706380392,-2.0500407232153077,-0.013
Ye2024,2129649298819636480,10977193,-4.8379,0.02,23.54,5053,0.873721,0.24,0.03,0.88,5.03,17.42033268532819,,1.3512945145890316,0.13075001380462356,536919.1940065728,177837.17571232255,359082.01829425024,5.55519365755962,2.0191617239531374,0.3051711049800975,-0.719
Ye2024,2129671632650089472,11137913,-4.8964,0.0149,17.92,5893,0.588306,0.11,0.03,1.22,4.56,10.648698264908191,,1.6828347986019774,0.22604148402273372,868075.5037111886,525862.1463830824,342213.3573281062,5.534296956989637,0.650766288621218,-0.18657495273116534,0.121
Ye2024,2129675309142483968,11085771,-5.0303,0.0094,10.65,6221,0.487777,-0.03,0.02,1.3,3.03,9.620852087644154,,1.1069705575951592,0.044136069980800316,792049.89730387,770396.7100207937,21653.18728307623,4.335521832216905,0.0281065417354804,-1.5511925872489163,0.449
Ye2024,2129680909779204864,11138780,-4.9295,0.0138,10.17,6108,0.521799,-0.15,0.03,1.18,4.23,11.222913527863295,,0.9061818016106771,-0.04278466378497527,928341.6813626431,676999.1916194129,251342.48974323028,5.400265912791457,0.3712596600625292,-0.43032223731844726,0.336
Ye2024,2129689053037302016,11245710,-4.9134,0.0216,25.23,5384,0.755961,0.22,0.03,0.96,8.0,15.354869714245666,,1.6431269342905959,0.21567111470261763,581610.1024018486,278157.3954055785,303452.70699627016,5.4820910160340945,1.0909388425708,0.03780040496185803,-0.388
Ye2024,2129691453919438592,11298442,-4.924,0.0149,18.57,5705,0.64848,-0.4,0.04,0.86,9.26,18.000329833835156,,1.0316477626478842,0.013531440653021483,715540.6837636613,418410.2582893399,297130.4254743214,5.472947124839887,0.7101413495193256,-0.14865519887745618,-0.067
Ye2024,2129706228606045824,11351405,-4.9664,0.0106,18.34,5744,0.635836,0.17,0.01,1.08,3.85,12.87049780038931,,1.4249643086412125,0.15380398662221728,666913.4275880915,438997.189846952,227916.23774113948,5.357775267304831,0.5191747077483528,-0.28468647289658855,-0.028
Ye2024,2129708157052191616,11351375,-4.997,0.0107,5.42,6317,0.459355,-0.04,0.02,1.26,2.52,10.115976103458719,,0.5357861608774329,-0.2710085082197579,909191.243199878,858226.0291205455,50965.21407933254,4.707273852805404,0.05938437235649727,-1.2263278292998907,0.545
Ye2024,2129728223139091200,11189912,-4.8988,0.009,30.78,5797,0.618789,-0.41,0.02,0.88,10.88,17.42033268532819,,1.7669008138933897,0.24721217079266758,808397.4559484364,468363.74250485474,340033.71344358166,5.53152197832653,0.7260034938337634,-0.13906128928740896,0.025
Ye2024,2129732827344529536,11243362,-5.0663,0.0118,36.17,5136,0.843483,0.18,0.02,0.88,6.52,17.42033268532819,,2.076309370972187,0.3172920640588275,338697.34857323073,199483.21371675283,139214.1348564779,5.143683332821381,0.6978739326615658,-0.15622302335723579,-0.636
Ye2024,2129745643526619264,11244528,-4.8461,0.015,20.35,5350,0.767719,0.1,0.03,0.92,3.92,16.339848430570573,,1.2454215892190743,0.0953163898882281,662104.9956792406,266007.67250964476,396097.3231695958,5.5978019074469545,1.4890447310508848,0.17290774419729357,-0.422
Ye2024,2129753237029165952,11402910,-4.7047,0.0161,5.35,6368,0.444431,-0.29,0.04,1.28,3.02,9.863939442164517,,0.5423796477430533,-0.2656966153038233,1840449.712655423,908283.7322198697,932165.9804355532,5.96949324923086,1.0262938191762112,0.011271713387090643,0.596
Ye2024,2129753924223612928,11402999,-5.1308,0.0156,35.61,5752,0.633253,-0.04,0.03,1.18,5.62,11.222913527863295,,3.172972856967179,0.5014663569665337,459290.27113787446,443325.8806924759,15964.390445398574,4.203152340899036,0.03601050861380384,-1.4435707445934882,-0.02
Ye2024,2129761547786639360,11507692,-4.8264,0.0097,6.25,6237,0.48301,-0.14,0.02,1.24,3.4,10.377405303719263,,0.6022700103811113,-0.22020876168457648,1279719.2795149167,784474.7971641409,495244.48235077586,5.694819645648323,0.6313070657477764,-0.19975934991215608,0.465
Ye2024,2129768389673596800,11402271,-4.9112,0.0117,8.76,6150,0.509081,0.05,0.03,1.28,3.0,9.863939442164517,,0.8880833110708685,-0.051546291156971055,995204.1989657125,710508.9717311907,284695.22723452176,5.454380186489824,0.4006919526165132,-0.3971893797268647,0.378
Ye2024,2129781412013833984,11299029,-4.8028,0.0078,11.2,5936,0.574812,0.02,0.02,1.08,4.37,12.87049780038931,,0.8702072113839465,-0.060377322041603405,1108631.7335476417,553518.2448707833,555113.4886768584,5.744381780361504,1.0028820076318306,0.0012498398511620764,0.164
Ye2024,2129802504592956544,11403986,-4.8117,0.008,14.59,5838,0.605709,0.08,0.02,1.08,3.03,12.87049780038931,,1.1336002869724804,0.05445994718166662,1016174.0478447372,492222.9275418481,523951.1203028891,5.719290773294993,1.064458989993601,0.027128934198422983,0.066
Ye2024,2129803986361992192,11456064,-4.7835,0.0148,10.54,6072,0.53277,-0.24,0.04,1.02,4.33,14.032847450821215,,0.7510948891119876,-0.12430519320287452,1268933.2814832502,649365.0768404714,619568.2046427788,5.792089122285195,0.9541138363296788,-0.020399806071142713,0.3
Ye2024,2129809243402113152,11509051,-4.7827,0.0157,9.04,5675,0.658266,0.07,0.03,1.02,1.61,14.032847450821215,,0.6442028270941526,-0.19097737360403902,970007.7409630531,403143.2144764801,566864.526486573,5.753479280358115,1.4061120369412659,0.14801992600873362,-0.097
Ye2024,2129814431722603520,11612115,-4.7931,0.0154,19.24,5719,0.643931,0.09,0.03,1.02,2.89,14.032847450821215,,1.371068848815431,0.13705926362239187,976769.5734851091,425702.97051556635,551066.6029695428,5.741204091690435,1.2944861585112957,0.11209741103639584,-0.053
Ye2024,2129817558458855680,11509603,-4.6182,0.0099,13.5,5431,0.73983,-0.07,0.03,0.88,7.4,17.42033268532819,,0.7749564973216622,-0.1107226762077862,1188313.2722947057,295734.9208162875,892578.3514784182,5.9506463492897685,3.0181702891722204,0.47974373960174665,-0.341
Ye2024,2129836967410541056,11663410,-4.9055,0.0094,27.79,5810,0.614632,-0.05,0.02,1.04,8.09,13.628989336448337,,2.039036007290763,0.30942489504229514,803186.2521192747,475818.9489730052,327367.3031462695,5.515035300695149,0.6880081254705184,-0.16240643265668225,0.038
Ye2024,2129852983349778944,11508233,-4.8171,0.0111,9.68,5965,0.565767,-0.18,0.03,1.02,5.61,14.032847450821215,,0.6898101068884289,-0.1612704467710086,1093839.3145669256,572866.8061034476,520972.50846347807,5.716814806336713,0.9094129785718489,-0.04123885210813041,0.193
Ye2024,2129855418590041984,11507863,-4.9563,0.0099,17.96,5852,0.601264,0.13,0.02,1.22,4.75,10.648698264908191,,1.6865911262774282,0.2270098110279129,735409.1116555162,500605.2939988955,234803.8176566207,5.370705153792466,0.4690398213350471,-0.3287902842531114,0.08
Ye2024,2129857999867232384,11559725,-5.066,0.0102,28.72,5572,0.69226,-0.09,0.01,0.92,10.83,16.339848430570573,,1.7576662428683938,0.244936411897252,469522.23912037065,354305.8390302728,115216.40009009786,5.061514301671362,0.32518910895017306,-0.48786400797971313,-0.2
Ye2024,2129926165291545216,11295582,-4.9103,0.0099,13.13,5927,0.577629,0.25,0.02,1.26,3.68,10.115976103458719,,1.2979469174023421,0.11325693133133452,860303.0163026557,547628.7461140554,312674.2701886003,5.495092144834673,0.570960294555975,-0.24339409220040345,0.155
Ye2024,2129939432450200064,11348829,-5.0548,0.0163,49.35,5602,0.682294,0.18,0.02,1.16,6.64,11.52693877886925,,4.281275449338429,0.6315731704363601,492248.220223504,367975.4852176014,124272.73500590259,5.0943758564346355,0.3377201471245135,-0.4714430302025883,-0.17
Ye2024,2129948915738046464,11505574,-4.6831,0.0119,3.28,6482,0.44,-0.33,0.03,1.24,2.66,10.377405303719263,,0.3160713014480072,-0.5002149353169726,2076576.0624227715,1029315.7975346539,1047260.2648881176,6.020054625860585,1.0174333935187267,0.007505987652436438,0.71
Ye2024,2129963308169671424,11558157,-4.9034,0.01,5.38,6324,0.4573,-0.18,0.02,1.16,2.15,11.52693877886925,,0.46673276428451355,-0.3309317109029063,1132867.6665382034,864953.2241859218,267914.44235228153,5.427996125571036,0.30974442878623604,-0.508996496313173,0.552
Ye2024,2130022033261906944,11760542,-4.6344,0.017,18.57,5403,0.749423,-0.1,0.03,0.88,3.39,17.42033268532819,,1.0659957152046864,0.0277554590369881,1121376.903232105,285152.0651094549,836224.8381226502,5.922323063118013,2.9325575383845366,0.467246541966682,-0.369
Ye2024,2130035296120772992,11811765,-5.0351,0.0167,14.96,5906,0.584216,0.0,0.03,1.06,4.92,13.24184353201083,,1.129752059359084,0.05298314165402165,636334.5545393621,534095.3175971321,102239.23694223003,5.009617599489838,0.191425076336934,-0.718001171045033,0.134
Ye2024,2130038972612856832,11812249,-4.5651,0.0105,1.85,6485,0.44,-0.11,0.03,1.3,1.79,9.620852087644154,,0.1922906602395347,-0.7160418093909424,2729930.9250492407,1032679.0390630162,1697251.8859862245,6.229746299934707,1.6435424965400647,0.21578093797300824,0.713
Ye2024,2130047562547570048,11861755,-5.0168,0.015,18.88,6082,0.529716,-0.45,0.04,0.96,7.78,15.354869714245666,,1.2295773491639497,0.08975585414709318,746444.2893965802,656942.3072572898,89501.98213929043,4.951832653445789,0.13624024689924136,-0.8656945780014085,0.31
Ye2024,2130058450284093952,11912033,-4.7009,0.0158,19.39,5558,0.696929,-0.21,0.03,0.88,4.62,17.42033268532819,,1.113067146893854,0.04652136437591306,1077422.1666682654,348077.3181868646,729344.8484814008,5.8629329197869575,2.0953529873206316,0.32125719557542076,-0.214
Ye2024,2130058935621065344,11911820,-4.7427,0.012,21.98,5554,0.698265,-0.11,0.03,0.9,6.21,16.867395843027396,,1.303105719730058,0.11497965104096762,975742.5370704989,346315.09492757206,629427.4421429269,5.798945673612851,1.8174992986504517,0.2594742519424661,-0.218
Ye2024,2130103087883958912,11963261,-4.8075,0.0099,7.54,6220,0.488075,0.05,0.02,1.2,2.6,10.930356368792774,,0.6898219733738444,-0.16126297586741134,1322127.3076652787,769524.0759558113,552603.2317094674,5.742413420409456,0.7181103866348683,-0.14380879166081725,0.448
Ye2024,2130114357878677376,12111243,-5.0191,0.0105,19.28,6016,0.549967,0.11,0.02,1.4,3.08,8.525863775948729,,2.261354451192201,0.35436864024542414,710792.844196243,608303.3167797738,102489.52741646918,5.010679490585899,0.16848424887608138,-0.7734406938783828,0.244
Ye2024,2130117518974110720,12013059,-4.8987,0.0071,25.88,5689,0.653693,0.15,0.01,1.12,6.47,12.171862643132958,,2.126215252240035,0.32760722920323737,749989.9981614754,410207.2511759922,339782.7469854832,5.53120132309327,0.8283196993992322,-0.08180200996951884,-0.083
Ye2024,2130118270590136704,12012876,-4.5642,0.0054,5.72,6145,0.51059,-0.11,0.01,1.08,3.53,12.87049780038931,,0.44442725438537267,-0.35219931591876086,2205460.508044657,706446.5440912269,1499013.9639534298,6.175805678505166,2.121907137194311,0.326726373586733,0.373
Ye2024,2130122947813146880,12061487,-4.7088,0.0101,19.93,5435,0.738463,-0.01,0.02,0.92,4.61,16.339848430570573,,1.2197175564194669,0.08625927502747688,967408.5698921668,297273.9243728123,670134.6455193544,5.826162071254715,2.254266488166436,0.3530052548774068,-0.337
Ye2024,2130145178563749376,12060997,-4.6407,0.0119,7.15,5808,0.615271,-0.19,0.03,1.24,4.68,10.377405303719263,,0.6889968918759913,-0.16178273722757108,1475768.2662741023,474665.4093788188,1001102.8568952834,6.000478700743236,2.109070593969336,0.32409111651437345,0.036
Ye2024,2130147824263591040,12060905,-4.4494,0.0071,2.95,6429,0.44,-0.43,0.03,1.18,2.98,11.222913527863295,,0.2628550948624875,-0.5802836007295569,3441798.4896431733,971429.1953307908,2470369.2943123826,6.392761880585058,2.543025581469345,0.4053507289665448,0.657
Ye2024,2130159850171940224,12060457,-4.8864,0.012,28.16,5476,0.724515,-0.08,0.03,0.92,7.35,16.339848430570573,,1.723394199135584,0.23638462679706387,662316.3778485722,313449.2595131407,348867.1183354315,5.5426600379535955,1.112993914476949,0.046492789746832415,-0.296
Ye2024,2130161258921267712,12109687,-5.0412,0.0176,18.43,5782,0.623598,0.26,0.03,1.1,3.75,12.514101920504952,,1.4727385246720395,0.16812564747251763,576400.1510642527,459886.34612996783,116513.80493428488,5.066377385032349,0.2533534772553501,-0.5962731306768533,0.01
Ye2024,2130198191341482496,12356201,-4.6449,0.0068,17.57,5767,0.628419,-0.19,0.02,0.92,5.19,16.339848430570573,,1.0752853721169109,0.03152373782228426,1420729.971175527,451540.9656829454,969189.0054925815,5.986408478844559,2.1464032704689493,0.3317113213977327,-0.005
Ye2024,2130206815636283008,8943155,-4.961,0.0098,9.27,6153,0.508176,-0.08,0.02,1.12,3.7,12.171862643132958,,0.7615925575063803,-0.11827730864892834,889117.9886269777,712956.0379666033,176161.95066037436,5.245912110644174,0.24708669438132488,-0.6071506407264263,0.381
Ye2024,2130233208213377536,9209433,-4.7531,0.0125,3.58,6407,0.44,-0.23,0.04,1.22,2.55,10.648698264908191,,0.33619132695285037,-0.47341349465949834,1687060.4044608686,948234.6130125886,738825.79144828,5.8685420476888295,0.7791592727257589,-0.10837375645378773,0.635
Ye2024,2130244920586123136,9209935,-4.9033,0.0096,9.88,6297,0.465241,-0.17,0.02,1.3,2.81,9.620852087644154,,1.0269360665765421,0.011543406793671954,1113900.7845536848,839252.2954757316,274648.48907795316,5.438777214182382,0.32725378358633883,-0.48511532359716153,0.525
Ye2024,2130284021967393536,9271825,-4.7852,0.0084,21.05,5442,0.736075,0.1,0.02,0.96,3.6,15.354869714245666,,1.3709005932151028,0.13700596435673013,815541.1634182076,299983.72180426103,515557.4416139465,5.7122770598934185,1.7186180587170228,0.2351793709150572,-0.33
Ye2024,2130302580525426432,9455176,-4.9782,0.0125,6.42,6189,0.497348,-0.03,0.03,1.3,3.18,9.620852087644154,,0.6673005614798987,-0.175678509725103,874769.5705377224,742889.8128803602,131879.75765736226,5.120178140411007,0.1775226357540604,-0.7507462625733319,0.417
Ye2024,2130338417732781312,9639728,-4.7191,0.0108,14.19,5654,0.665146,-0.04,0.03,0.96,3.3,15.354869714245666,,0.9241367894404897,-0.03426374035748299,1106458.0510332093,392742.96933275944,713715.0817004498,5.853524874044415,1.8172574366206928,0.2594164547622356,-0.118
Ye2024,2130344804345531136,9334300,-4.7964,0.0085,3.0,6497,0.44,-0.02,0.02,1.38,1.77,8.730003855438706,,0.34364245992068254,-0.4638931807837751,1614593.514533993,1046226.4869109014,568367.0276230917,5.754628875489247,0.543254290283988,-0.26499683520660144,0.725
Ye2024,2130350508062097024,9457004,-4.9151,0.0115,22.96,5931,0.576376,-0.37,0.03,0.96,8.17,15.354869714245666,,1.4952910983476846,0.17472574791097892,853146.1450595416,550239.6274552557,302906.51760428585,5.481308618097214,0.5504992779330812,-0.2592432463377954,0.159
Ye2024,2130357143790044928,9518732,-4.774,0.009,2.1,6434,0.44,-0.18,0.02,1.2,2.33,10.930356368792774,,0.1921254833004076,-0.7164150270032661,1635068.5416422253,976768.057548933,658300.4840932924,5.818424174458581,0.6739578337002627,-0.17136727433137394,0.662
Ye2024,2130371334361426816,9579750,-4.8135,0.0131,14.67,5878,0.593036,0.04,0.03,1.06,1.96,13.24184353201083,,1.1078517854811338,0.04448166196886179,1039992.1556811427,516497.88948374795,523494.26619739475,5.718911929238416,1.0135457992299637,0.005843377995428951,0.106
Ye2024,2130374151859956736,9579686,-5.0237,0.0098,20.32,6141,0.511799,0.04,0.02,1.32,3.85,9.386296808958306,,2.164858027993163,0.33542942046727187,763603.879476519,703210.9691711135,60392.9103054055,4.780985958555555,0.08588163858790718,-1.0660996779887308,0.369
Ye2024,2130375075273141888,9640798,-4.9955,0.0107,26.99,5713,0.645879,0.01,0.02,1.0,9.27,14.454397707459272,,1.86725179051021,0.2712028845565167,610335.5021834013,422564.2770136913,187771.22516970994,5.273629039966885,0.4443613324266548,-0.3522637396599851,-0.059
Ye2024,2130387513500306560,9703015,-4.7669,0.0155,19.52,5546,0.700941,0.02,0.03,0.96,5.16,15.354869714245666,,1.2712579372712023,0.10423367751571605,917553.0804563039,342813.60565141373,574739.4748048901,5.759471026786011,1.6765363606638988,0.22441297683101746,-0.226
Ye2024,2130389785541178752,9763612,-4.7151,0.0128,11.21,5297,0.786197,0.04,0.03,0.88,1.83,17.42033268532819,,0.6435009137019136,-0.1914508321078191,860263.760865515,247976.9472112277,612286.8136542873,5.786954906473385,2.469127959433822,0.39254359727742244,-0.475
Ye2024,2130407755684333440,9883245,-4.9282,0.0115,21.43,5818,0.612078,-0.09,0.02,0.98,8.2,14.894693714546571,,1.438767416819781,0.15799059396743315,766490.196006126,480457.1980489555,286032.9979571705,5.456416138038306,0.5953350248860785,-0.22523856618452665,0.046
Ye2024,2130412291169793152,9943581,-4.9464,0.0089,7.43,6201,0.493753,-0.02,0.01,1.16,1.85,11.52693877886925,,0.6445770332033338,-0.19072517280872014,948546.5788891786,753104.4364659812,195442.1424231974,5.291018214697435,0.2595153247806233,-0.58583699129857,0.429
Ye2024,2130433211950452736,9761459,-5.0486,0.0115,13.06,6040,0.542577,0.13,0.02,1.18,3.41,11.222913527863295,,1.1636906911539275,0.06583756023133526,674775.7881096478,625619.7023181735,49156.085791474325,4.69157729352193,0.07857183143262782,-1.1047331237570477,0.268
Ye2024,2130443313713517440,9881857,-4.5111,0.0077,7.6,5050,0.874823,-0.02,0.02,0.82,3.53,19.248913098918976,,0.39482748771029663,-0.4035926195653654,1136782.159193258,177094.15019540122,959688.0089978569,5.9821300684636665,5.419083622688617,0.7339258527271023,-0.722
Ye2024,2130459535810305664,10002817,-5.0533,0.0101,23.7,5761,0.630351,-0.05,0.02,1.16,5.95,11.52693877886925,,2.0560532553053847,0.3130343594408083,552463.0510382799,448239.39197107573,104223.65906720416,5.017966316238152,0.23251784857393695,-0.6335437041088632,-0.011
Ye2024,2130463143582820352,10002543,-4.964,0.0129,9.58,6290,0.467305,-0.03,0.03,1.32,2.71,9.386296808958306,,1.0206368065046507,0.008871225933934669,964304.7774850193,832697.0966020179,131607.68088300142,5.119281236297396,0.15804988563074387,-0.8012058140917524,0.518
Ye2024,2130477299795005568,10130757,-4.9336,0.014,11.68,6007,0.552745,-0.23,0.03,0.98,6.55,14.894693714546571,,0.7841718818691107,-0.10558873429801485,860284.8293299827,601916.5785417781,258368.2507882046,5.412239144947492,0.4292426226473701,-0.3672971602813639,0.235
Ye2024,2130477677752287488,10131101,-4.7446,0.0111,7.71,6156,0.507271,-0.14,0.03,1.1,2.18,12.514101920504952,,0.6161049389702347,-0.2103453096955992,1466243.7748317185,715410.3331666223,750833.4416650962,5.875543607592326,1.0495143931478883,0.020988398918269088,0.384
Ye2024,2130531377722954368,9760862,-4.9127,0.0112,6.91,6180,0.500049,0.18,0.02,1.34,2.54,9.159880552148511,,0.7543766494181208,-0.1224117629878646,1011266.5379017979,735307.0829177168,275959.4549840811,5.440845278550104,0.37529824123149624,-0.4256234708260487,0.408
Ye2024,2130633842762775040,9941901,-4.5668,0.0045,10.82,5612,0.678984,0.02,0.01,0.96,5.03,15.354869714245666,,0.7046624426882382,-0.1520188750444063,1525044.0424327801,372631.4612920682,1152412.581140712,6.061607990922296,3.0926336094778963,0.4903284713102226,-0.16
Ye2024,2130644043305078016,9941130,-4.6638,0.0084,10.89,5989,0.558315,-0.18,0.02,1.1,5.8,12.514101920504952,,0.8702182601019268,-0.0603718079907812,1582081.998337795,589315.5587759111,992766.4395618839,5.996847087427582,1.6846092467403972,0.22649918018391085,0.217
Ye2024,2130651331868989440,10064019,-4.9264,0.0145,18.86,5930,0.576689,-0.33,0.03,0.98,8.78,14.894693714546571,,1.2662227476071428,0.10251011132691405,830673.7949021516,549585.9077749092,281087.8871272424,5.448842131032047,0.5114539567895289,-0.29119345718600537,0.158
Ye2024,2130794161004383872,10067180,-4.8605,0.0133,33.11,5642,0.669089,0.11,0.02,1.24,5.33,10.377405303719263,,3.190585606994975,0.5038704017234167,792216.829094447,386904.0063575872,405312.8227368598,5.6077903435782845,1.0475798029402121,0.02018711675188507,-0.13
Ye2024,2130796329965588480,10199661,-4.9304,0.0149,17.96,5564,0.694927,0.07,0.03,0.96,5.29,15.354869714245666,,1.1696615037597742,0.06806019651632858,637911.1921376684,350735.079810446,287176.11232722236,5.45814831190754,0.8187835459242516,-0.08683089339851965,-0.208
Ye2024,2130805740236211456,10133176,-4.6496,0.0112,10.98,5508,0.713701,-0.01,0.03,0.94,3.07,15.836148205371112,,0.6933504194079175,-0.1590472174062099,1169465.6308752059,326593.2598809776,842872.3709942282,5.9257618180775715,2.580801487763101,0.41175460040412337,-0.264
Ye2024,2130835156470433024,10462071,-5.01,0.0152,25.38,5537,0.703955,0.33,0.02,1.04,7.17,13.628989336448337,,1.8622070480402864,0.2700279660236092,520846.5966029006,338910.78605420596,181935.81054869463,5.2599181899541065,0.5368250821016818,-0.2701672008050228,-0.235
Ye2024,2130855841032290816,10198505,-4.9758,0.0099,12.52,6055,0.537974,-0.03,0.02,1.24,3.98,10.377405303719263,,1.206467284795442,0.08151554984575915,805876.1937453677,636655.8583862409,169220.3353591268,5.228452551395607,0.26579561489947945,-0.5754521883318429,0.283
Ye2024,2130883565041222144,10526521,-4.6308,0.0125,9.67,6292,0.466715,-0.18,0.03,1.28,3.14,9.863939442164517,,0.9803385408738925,-0.0086239232420501,2079536.715137985,834565.5112521285,1244971.2038858566,6.095159306340909,1.491759708615303,0.1736988729846005,0.52
Ye2024,2130896145006894848,10590455,-4.6979,0.0081,9.43,5518,0.710335,0.07,0.02,0.96,4.2,15.354869714245666,,0.614137415392799,-0.21173444307762865,1053994.9285172566,330796.53958281834,723198.3889344383,5.859257449992662,2.1862332352282,0.3396964921833372,-0.254
Ye2024,2130901603905216768,10721756,-4.8486,0.0156,5.72,6280,0.470258,-0.08,0.03,1.16,2.62,11.52693877886925,,0.4962288869344642,-0.3043179577762713,1249828.177267523,823408.7701089955,426419.4071585275,5.629836962036476,0.5178708590899292,-0.28577852631075573,0.508
Ye2024,2130918474538711040,10528252,-4.5993,0.0086,3.77,6405,0.44,-0.25,0.02,1.26,2.85,10.115976103458719,,0.37267782776898933,-0.428666444552352,2400978.5101825204,946149.7855498242,1454828.7246326962,6.1628118673251535,1.5376304543442556,0.18685197205618226,0.633
Ye2024,2130936792576259712,10723510,-4.7953,0.0159,19.09,5752,0.633253,0.01,0.03,1.0,4.35,14.454397707459272,,1.32070532348425,0.12080592839366688,994459.8325377421,443325.8806924759,551133.9518452662,5.741257165960808,1.2431801883174378,0.0945340804682834,-0.02
Ye2024,2130936930015188224,10723397,-4.8617,0.0112,21.34,5907,0.583902,-0.2,0.03,0.98,4.97,14.894693714546571,,1.4327249964971596,0.1561628380140556,949247.8454061421,534733.1945237245,414514.65088241757,5.617539885151532,0.7751803238091792,-0.11059725939582106,0.135
Ye2024,2130949948057836288,10724037,-4.9466,0.016,19.64,5774,0.626168,-0.02,0.03,1.0,4.74,14.454397707459272,,1.3587560268847916,0.13314148345093096,712719.8504562946,455419.15776199347,257300.69269430113,5.410440955401593,0.5649755578107871,-0.24797034038855248,0.002
Ye2024,2130952941653574016,10790803,-4.6667,0.0126,19.66,5675,0.658266,-0.02,0.03,0.96,3.48,15.354869714245666,,1.2803755659196638,0.10733737768115988,1266995.8725084737,403143.2144764801,863852.6580319935,5.936439673890329,2.1427934962362905,0.33098031954094814,-0.097
Ye2024,2130985068008443648,10722289,-4.8145,0.0237,24.55,5576,0.690928,-0.46,0.04,0.82,8.59,19.248913098918976,,1.2753966872747082,0.1056452846128305,840238.9252758876,356102.88640975975,484136.03886612784,5.684967412527555,1.3595397772458468,0.13339191864338554,-0.196
Ye2024,2130988018645874944,10722785,-4.8081,0.0112,6.87,6220,0.488075,-0.14,0.02,1.12,2.47,12.171862643132958,,0.5644164908380619,-0.24840030573387492,1320301.9824677857,769524.0759558113,550777.9065119744,5.740976510974178,0.715738368325726,-0.1452457010960942,0.448
Ye2024,2131048663584080512,10329364,-4.9703,0.0128,13.61,6030,0.545653,-0.15,0.03,1.12,5.48,12.171862643132958,,1.1181526113982563,0.04850108240990925,802751.240178321,618353.8235844148,184397.41659390624,5.265754832298574,0.29820696429919163,-0.5254822182894918,0.258
Ye2024,2131056291446117120,10460310,-4.9518,0.019,5.63,6333,0.45466,-0.18,0.03,1.16,2.94,11.52693877886925,,0.48842108976241844,-0.31120559171794926,1019177.1747252833,873668.9285468215,145508.24617846182,5.1628876061626325,0.1665484961454295,-0.7784592844299657,0.561
Ye2024,2131058288610233472,10525241,-4.7344,0.0093,21.96,5557,0.697263,-0.04,0.02,0.92,5.29,16.339848430570573,,1.3439537149509029,0.12838431210504359,996720.3464221999,347636.04256394465,649084.3038582553,5.812301107158905,1.8671375357716593,0.2711763098219811,-0.215
Ye2024,2131116012971337216,10966835,-4.9771,0.0089,20.9,5802,0.617189,0.09,0.02,1.2,5.3,10.930356368792774,,1.9121060004659614,0.2815119643738686,677364.815880622,471219.17814932426,206145.63773129776,5.31417414908513,0.4374729367784187,-0.35904880840472186,0.03
Ye2024,2131142469969589760,10849776,-4.923,0.0129,12.09,6076,0.531548,-0.09,0.03,1.14,4.66,11.843039123414078,,1.020852829583048,0.008963136889154217,922747.330346871,652386.9192571156,270360.4110897555,5.431943098127561,0.4144172777063336,-0.38256214646721587,0.304
Ye2024,2131164975598466816,11020397,-4.7698,0.0121,14.67,5937,0.5745,0.09,0.03,1.1,3.37,12.514101920504952,,1.172277490881108,0.06903042609672651,1196960.8128554334,554175.9761399516,642784.8367154818,5.808065623211925,1.1598930022061313,0.06441792828320966,0.165
Ye2024,2131172152483853184,10965715,-4.7158,0.013,16.88,5882,0.591773,-0.34,0.04,0.92,6.42,16.339848430570573,,1.0330573182318414,0.014124418616625493,1305905.699472153,518980.9207426676,786924.7787294856,5.895933220613176,1.516288455466508,0.1807818284072723,0.11
Ye2024,2131176864067826304,11019724,-4.637,0.0092,14.87,5981,0.560796,-0.26,0.03,1.0,3.77,14.454397707459272,,1.0287526537564586,0.012310968521954246,1673813.0373963774,583788.1927096279,1090024.8446867494,6.03743639682814,1.8671580862700319,0.2711810898227882,0.209
Ye2024,2131212563835505664,11075625,-4.8631,0.0119,19.58,5841,0.604756,-0.11,0.03,0.98,5.75,14.894693714546571,,1.3145621101881153,0.11878111039272347,904608.2862483335,494008.93503821513,410599.3512101184,5.613418258804451,0.8311577424775841,-0.08031654518538997,0.069
Ye2024,2131222042825093888,11182210,-4.9544,0.009,25.66,5879,0.59272,-0.08,0.02,1.14,5.54,11.843039123414078,,2.166673582059637,0.33579348806729203,752359.7914313861,517117.6895157393,235242.10191564687,5.371515051219239,0.45491018134758066,-0.34207434311378815,0.107
Ye2024,2131245720983164032,11235807,-4.7311,0.0109,19.93,5459,0.730286,0.03,0.03,0.94,2.39,15.836148205371112,,1.2585131018943347,0.09985774118020459,935328.3839110096,306653.06855502597,628675.3153559837,5.798426408314007,2.050119107949425,0.31177909345697913,-0.313
Ye2024,2131274480084421504,11288330,-4.8277,0.0078,17.09,5836,0.606345,0.17,0.01,1.08,4.35,12.87049780038931,,1.3278429680849684,0.12314671800895181,978076.6017129242,491035.33674858423,487041.26496433996,5.68756575872407,0.9918660196419036,-0.0035469879868964614,0.064
Ye2024,2131311446863167360,11341266,-4.8465,0.0088,7.26,6218,0.488672,0.08,0.02,1.3,2.6,9.620852087644154,,0.7546109153183901,-0.12227691709386256,1207020.392299301,767781.3522510945,439239.04004820646,5.642700933728016,0.5720887056717133,-0.24253662610755328,0.446
Ye2024,2131411261903499008,10259333,-4.7098,0.0083,9.22,6045,0.541041,-0.02,0.02,1.1,3.29,12.514101920504952,,0.7367688115830823,-0.1326687666929268,1477055.9873146168,629280.0327057362,847775.9546088806,5.928281094552595,1.3472157236003026,0.12943714291522213,0.273
Ye2024,2131526023429337984,10783566,-4.6537,0.0149,7.5,6303,0.463473,-0.14,0.04,1.34,2.86,9.159880552148511,,0.8187879697012889,-0.08682854697036295,1986556.699959935,844906.2354447396,1141650.4645151952,6.057533157703022,1.3512155747249943,0.13072464246743676,0.531
Ye2024,2131537229003574016,10908262,-4.9082,0.0077,21.51,5717,0.64458,0.27,0.01,1.24,5.02,10.377405303719263,,2.0727724677276327,0.31655163135881087,748315.0942913315,424654.52396792057,323660.5703234109,5.510089795065262,0.7621738426313363,-0.11794596004535764,-0.055
Ye2024,2131568045389350016,10847015,-4.7124,0.0086,3.33,6424,0.44,-0.1,0.02,1.32,2.06,9.386296808958306,,0.35477250163470636,-0.4500500496382899,1872551.9094041765,966115.39473885,906436.5146653266,5.957337392219687,0.9382280000934514,-0.027691610288217067,0.652
Ye2024,2131570076913351552,10907436,-4.9929,0.0171,48.35,6187,0.497948,-0.17,0.04,1.14,4.03,11.843039123414078,,4.082566940474803,0.6109333144474028,844563.2906964682,741198.9884437897,103364.30225267855,5.01437057733167,0.13945553604936875,-0.8555642406093349,0.415
Ye2024,2131574165722379648,10962806,-4.6626,0.0117,7.86,6010,0.551818,-0.04,0.03,1.06,4.17,13.24184353201083,,0.5935729402782353,-0.22652590583501303,1608828.0316031447,604039.0663576672,1004788.9652454775,6.002074856927244,1.6634502985118447,0.22100982930793087,0.238
Ye2024,2131578014012994816,10908140,-4.8789,0.0146,13.07,5975,0.562659,0.06,0.03,1.16,4.38,11.52693877886925,,1.1338656559848685,0.05456160101124887,955131.9549843853,579671.9195798715,375460.0354045138,5.574563716767669,0.6477112703279396,-0.18861854605456868,0.203
Ye2024,2131586741386589696,11017985,-4.8157,0.012,15.0,5842,0.604438,-0.13,0.02,0.98,2.89,14.894693714546571,,1.0070700537702622,0.003059681981285766,1009620.0047926519,494605.50535199203,515014.4994406598,5.711819456106098,1.0412631761430626,0.017560510011501447,0.07
Ye2024,2131610342228530944,10323670,-4.8573,0.0099,18.45,5898,0.586732,-0.09,0.02,1.18,5.07,11.222913527863295,,1.6439581356653876,0.2158907537873593,953083.1894289755,529015.7667620745,424067.4226669009,5.627434910753921,0.8016158483564172,-0.09603370516732351,0.126
Ye2024,2131610380885145728,10323700,-5.0091,0.0191,32.59,5739,0.637452,0.05,0.03,1.16,5.89,11.52693877886925,,2.8272901092996836,0.4513703738958487,602360.7087386586,436310.21856953145,166050.49016912712,5.2202401619424315,0.3805789621740544,-0.41955522252362726,-0.033
Ye2024,2131615809723821696,10388593,-4.9424,0.0091,8.96,6158,0.506668,-0.04,0.01,1.16,3.34,11.52693877886925,,0.7773095851281119,-0.10940597690717023,931044.5771153616,717050.5548550765,213994.0222602851,5.330401641874275,0.29843645027725496,-0.5251481343243396,0.386
Ye2024,2131619348776948736,10454339,-4.908,0.0104,22.69,5747,0.634867,-0.05,0.02,0.96,7.04,15.354869714245666,,1.4777071002399376,0.16958836006997904,764498.3020100382,440616.1788088976,323882.12320114055,5.510386977620064,0.7350663429488219,-0.13367346217250442,-0.025
Ye2024,2131622234994984832,10519285,-4.8896,0.0125,15.94,5951,0.570128,-0.19,0.03,1.02,5.79,14.032847450821215,,1.1359063123761939,0.055342512980691254,917004.6494982848,563454.8861806605,353549.76331762434,5.54845055084352,0.6274677387468173,-0.20240859852328308,0.179
Ye2024,2131633397611657984,10518125,-4.5676,0.0069,2.3,6240,0.482117,-0.05,0.02,1.16,1.56,11.52693877886925,,0.1995325943967251,-0.6999861505517027,2326751.9971261113,787138.8668762349,1539613.1302498765,6.18741160622273,1.9559612605077425,0.2913602489616397,0.468
Ye2024,2131691229349792512,10779905,-4.7415,0.0125,4.16,6432,0.44,-0.06,0.03,1.34,2.08,9.159880552148511,,0.45415439386098155,-0.34279647973532024,1759931.9661844193,974629.4989640388,785302.4672203806,5.895036961897138,0.8057446117269185,-0.09380259007264405,0.66
Ye2024,2131715998422672640,10845320,-4.9418,0.0131,26.29,5731,0.640041,0.04,0.03,1.02,8.74,14.032847450821215,,1.8734615402992558,0.27264478202696046,699412.468821154,432040.42003016116,267372.0487909928,5.427116003934478,0.618858876149429,-0.2084083756926572,-0.041
Ye2024,2131787604119066368,11071366,-4.6616,0.0084,2.23,6485,0.44,-0.06,0.02,1.34,1.81,9.159880552148511,,0.24345295632451655,-0.6135849473139023,2186007.5536676855,1032679.0390630162,1153328.5146046693,6.061953029548571,1.1168315333011138,0.0479876675868718,0.713
Ye2024,2131791108812035072,11124540,-4.8312,0.0158,12.31,5960,0.567324,0.01,0.03,1.12,6.4,12.171862643132958,,1.011348908619584,0.0049010101378909494,1055350.634500037,569490.0376491257,485860.5968509113,5.686511679338552,0.8531503006734945,-0.06897445183011429,0.188
Ye2024,2131791284907817600,11124504,-4.9433,0.0155,6.45,6243,0.481225,-0.32,0.04,1.16,4.06,11.52693877886925,,0.5595587973299466,-0.2521542719340277,981488.185791989,789810.6967246366,191677.48906735238,5.28257111158497,0.24268788693574725,-0.6149518996806177,0.471
Ye2024,2131795609937777408,11178144,-4.6289,0.0103,1.96,6421,0.44,-0.01,0.03,1.28,1.41,9.863939442164517,,0.19870357188343635,-0.7017943259685757,2265282.741747759,962939.103068982,1302343.6386787768,6.114725593057684,1.3524672894974137,0.13112677014639723,0.649
Ye2024,2131807159107133824,11230757,-4.9216,0.0097,22.92,6191,0.496749,0.01,0.02,1.34,3.71,9.159880552148511,,2.5022160354071388,0.39832480293328937,997826.3140038593,744583.9462501089,253242.3677537504,5.403536365414831,0.3401125810315083,-0.4683773028761488,0.419
Ye2024,2131926456119119488,11179559,-4.5876,0.014,15.51,5437,0.737781,-0.21,0.03,0.84,6.9,18.60920008626386,,0.8334587154795817,-0.07911590763377008,1280704.8925859085,298046.0000095234,982658.892576385,5.992402788655411,3.297004128708274,0.5181194909933495,-0.335
Ye2024,2131942497818921600,11233929,-4.5786,0.0094,3.82,6094,0.526058,-0.01,0.03,1.1,1.62,12.514101920504952,,0.30525562475568047,-0.5153363248348475,2063581.0742615703,666135.0288151725,1397446.0454463977,6.145335049032702,2.0978420064952576,0.32177277733178694,0.322
Ye2024,2132040118133535872,11392986,-5.023,0.0122,19.68,5694,0.652062,0.29,0.02,1.14,7.13,11.843039123414078,,1.6617356233411398,0.22056193012370498,565303.3874379332,412755.7317420427,152547.65569589054,5.183405537929513,0.3695833733236375,-0.4322875748875888,-0.078
Ye2024,2132050219896564608,11339964,-4.921,0.0099,4.77,6337,0.453488,0.08,0.02,1.28,1.36,9.863939442164517,,0.4835796111653017,-0.3155320182849378,1096848.2965962866,877566.700039975,219281.5965563116,5.341002184575732,0.2498745640033092,-0.6022779506572069,0.565
Ye2024,2132066403333436544,11549175,-4.7309,0.0117,2.62,6309,0.461707,-0.11,0.03,1.3,3.78,9.620852087644154,,0.2723251512581518,-0.5649122464742108,1669374.7727606131,850592.8313067306,818781.9414538825,5.9131682555666565,0.9626015072288131,-0.016553462645525027,0.537
Ye2024,2132110585659631872,11599875,-4.7953,0.0079,8.0,6172,0.502453,0.01,0.01,1.32,3.06,9.386296808958306,,0.8523063102335289,-0.06940429615266612,1318303.5033051835,728622.7338718434,589680.76943334,5.7706169648726595,0.8093087712207705,-0.09188575273467171,0.4
Ye2024,2132165011483997312,11853779,-4.6227,0.0087,3.95,6373,0.442975,0.04,0.02,1.3,1.52,9.620852087644154,,0.41056654483576327,-0.38661644216749597,2229910.3872960284,913323.4852910623,1316586.902004966,6.119449530221909,1.441534049226151,0.1588249049388565,0.601
Ye2024,2132191507140198784,11390297,-4.9555,0.0257,28.98,5190,0.824071,0.02,0.03,0.86,4.87,18.000329833835156,,1.6099704987364396,0.20681791804839686,455807.18629071786,214748.36838406828,241058.81790664958,5.382123022556866,1.1225175758985335,0.05019314972523986,-0.582
Ye2024,2132193014671950336,11390300,-4.7264,0.0112,7.66,6134,0.513916,-0.14,0.02,1.08,3.54,12.87049780038931,,0.5951595749286634,-0.22536657507918106,1507255.3123184543,697579.3084586913,809676.0038597629,5.908311268403364,1.1606938365886317,0.06471767829577614,0.362
Ye2024,2132215421518219392,11547513,-4.6912,0.0139,15.74,5906,0.584216,-0.33,0.03,0.94,6.32,15.836148205371112,,0.9939285611548835,-0.002644829497237281,1404706.2254040136,534095.3175971321,870610.9078068816,5.939824104092528,1.6300665426608048,0.21220533355765728,0.134
Ye2024,2132455802249004160,10855401,-4.9453,0.0148,2.35,6470,0.44,-0.07,0.04,1.32,1.27,9.386296808958306,,0.25036497863109913,-0.6014264208728733,1127012.8278807367,1015956.65314553,111056.17473520664,5.045542710375496,0.10931192230629398,-0.9613324683388419,0.698
Ye2024,2132492704608267008,11132878,-4.8998,0.0124,9.56,6120,0.518156,-0.11,0.03,1.08,2.57,12.87049780038931,,0.7427840125741544,-0.12913745243568492,1001883.9635287055,686432.0077898391,315451.95573886647,5.498933224289045,0.4595530979893446,-0.337664301837163,0.348
Ye2024,2132498477044325504,11133010,-4.8867,0.0142,8.79,6141,0.511799,0.0,0.03,1.14,2.79,11.843039123414078,,0.7422081366447468,-0.12947428889784587,1046810.6349471033,703210.9691711135,343599.6657759899,5.536052732715334,0.488615338553374,-0.31103290382895143,0.369
Ye2024,2132498747625672192,11132897,-4.5797,0.0101,13.08,5461,0.729606,-0.02,0.03,0.9,7.76,16.867395843027396,,0.7754605465909534,-0.11044029305825573,1327395.811018975,307445.9982369433,1019949.8127820317,6.008578802577545,3.3174925633475767,0.5208099580019648,-0.311
Ye2024,2132546095343304960,11237282,-5.0476,0.0218,18.98,5941,0.57325,-0.22,0.04,1.2,4.74,10.930356368792774,,1.7364484157341602,0.2396618863540885,633067.3944044418,556813.6128405519,76253.78156388993,4.882261386007113,0.13694669060780637,-0.8634484582485301,0.169
Ye2024,2132617808415447424,11450321,-4.75,0.0106,10.53,5957,0.568258,-0.09,0.03,1.02,3.31,14.032847450821215,,0.7503822753652021,-0.12471743289391579,1269761.4478836602,567472.1869894437,702289.2608942165,5.84651602742235,1.2375747692939896,0.09257144672549733,0.185
Ye2024,2132621480608055040,11502174,-4.9481,0.0103,19.36,5984,0.559865,-0.09,0.02,1.06,5.56,13.24184353201083,,1.462032076817638,0.16495690109795394,819366.2590848355,585855.7182817529,233510.54080308264,5.368306489652835,0.3985802878018193,-0.3994841835848202,0.212
Ye2024,2132627837161228800,11554345,-4.6322,0.0089,4.34,6465,0.44,-0.25,0.02,1.3,2.6,9.620852087644154,,0.4511034948322057,-0.3457238082814455,2310392.964986837,1010434.4179705115,1299958.5470163254,6.113929503776759,1.2865343102893625,0.10942137280104729,0.693
Ye2024,2132629078410136192,11606040,-4.7859,0.0093,19.39,5695,0.651736,0.05,0.02,1.04,8.59,13.628989336448337,,1.422702705338895,0.1531141573436286,976532.3845504784,413267.05494137964,563265.3296090988,5.750713020145617,1.362957252155016,0.13448223481902727,-0.077
Ye2024,2132636637553108096,11555098,-4.7892,0.0181,4.5,6432,0.44,-0.07,0.04,1.32,2.07,9.386296808958306,,0.47942229950635995,-0.31928176936926606,1576869.9593329728,974629.4989640388,602240.460368934,5.779769929397746,0.6179173326982944,-0.20906962257203618,0.66
Ye2024,2132720715832719744,11808709,-4.6182,0.0069,4.74,6380,0.440937,0.05,0.02,1.36,1.94,8.941232764773126,,0.5301282412280732,-0.2756190592279877,2263051.574268929,920419.4447503455,1342632.1295185836,6.1279570357475075,1.4587176935215216,0.16397125076331517,0.608
Ye2024,2132748203622689920,11448266,-4.7508,0.0082,11.68,5942,0.572937,-0.12,0.02,1.02,3.29,14.032847450821215,,0.8323328562455423,-0.07970296130302161,1254707.0160918813,557474.7027775995,697232.3133142819,5.843377506333663,1.2506976726304255,0.09715234168676579,0.17
Ye2024,2132749406213494400,11395587,-4.9596,0.0144,18.21,5735,0.638746,-0.01,0.03,1.0,3.83,14.454397707459272,,1.2598241980433837,0.10030994579492016,673202.0434532581,434170.81498622854,239031.22846702958,5.378454643479256,0.55054651352973,-0.25920598329361383,-0.037
Ye2024,2132761054166125952,11499453,-4.5734,0.0045,7.24,5884,0.591142,0.11,0.01,1.08,3.98,12.87049780038931,,0.5625268045017655,-0.24985677851463806,1815107.6736972241,520226.27299139544,1294881.4007058288,6.112229992836012,2.489073443484555,0.39603771124479276,0.112
Ye2024,2132821935322422400,11653958,-4.7747,0.0091,3.25,6493,0.44,-0.07,0.02,1.36,1.82,8.941232764773126,,0.3634845535846494,-0.4395140399231983,1693141.864252363,1041693.826233757,651448.0380186061,5.813879780444964,0.6253738110111643,-0.2038603098079648,0.721
Ye2024,2132837298424655616,11704002,-4.4498,0.0097,10.31,5973,0.56328,0.09,0.03,1.12,2.8,12.171862643132958,,0.8470355197293185,-0.07209837750990881,2562015.752176762,578305.3751850654,1983710.3769916967,6.297478265168969,3.43021258683076,0.5353210362021126,0.201
Ye2024,2132847949941102848,11755188,-4.7465,0.0086,7.15,6274,0.472032,-0.16,0.01,1.22,3.22,10.648698264908191,,0.671443571986838,-0.1729904795022921,1575033.495173354,817878.5648501421,757154.9303232118,5.879184754665141,0.9257547059714708,-0.03350407158503117,0.502
Ye2024,2132864133380394880,11805605,-4.6373,0.0142,15.64,5184,0.826218,0.24,0.02,0.92,6.32,16.339848430570573,,0.9571692213949053,-0.019011274949181502,943999.3778529743,213004.2160740587,730995.1617789157,5.863914502512344,3.431834239021628,0.5355263028314564,-0.588
Ye2024,2132865198532271872,11855817,-4.6245,0.0067,11.05,6222,0.487479,-0.04,0.02,1.36,2.86,8.941232764773126,,1.235847482187808,0.09196487711905685,2017584.6436464118,771270.1931460578,1246314.4505003542,6.09562763051563,1.615924563889293,0.20842108276820492,0.45
Ye2024,2132889800103654016,11858008,-4.8883,0.0088,17.46,5696,0.65141,0.11,0.02,1.02,3.9,14.032847450821215,,1.2442236018876003,0.0948984352901487,771954.4216655263,413778.92162606923,358175.5000394571,5.554095875869327,0.865620458944352,-0.06267248756371203,-0.076
Ye2024,2132913263506469888,11858022,-5.0182,0.0108,10.2,6094,0.526058,-0.2,0.02,1.14,4.77,11.843039123414078,,0.8612654145365664,-0.06486299220970017,749931.3966580163,666135.0288151725,83796.36784284376,4.923225194525305,0.12579486773408236,-0.9003370771756106,0.322
Ye2024,2132921342343504896,11958229,-4.8571,0.0114,18.09,5814,0.613355,0.18,0.02,1.08,3.68,12.87049780038931,,1.4055400405299636,0.14784322214802872,900350.9898295484,478133.24699534604,422217.74283420236,5.625536479689494,0.8830545574637944,-0.05401246372309047,0.042
Ye2024,2132943057698462848,12105086,-4.7102,0.0124,12.02,5590,0.686274,0.16,0.02,1.0,5.07,14.454397707459272,,0.8315808270445618,-0.08009553233327919,1079093.2307302582,362454.2909863729,716638.9397438853,5.8553004025691875,1.9771843169345416,0.29604715696990413,-0.182
Ye2024,2132976249205878016,12104166,-4.6413,0.0117,8.15,5343,0.770149,-0.45,0.04,0.76,12.41,21.375527040937747,,0.3812771486004239,-0.418759222877739,1055485.8934776976,263563.6285658603,791922.2649118374,5.898682553336057,3.004672037719912,0.47779707534657034,-0.429
Ye2024,2132986110450574336,12104651,-4.7391,0.0113,15.3,6302,0.463768,0.06,0.03,1.36,2.31,8.941232764773126,,1.7111734368754263,0.2332940299155261,1630892.4866273624,843961.6485850975,786930.8380422649,5.895936564663388,0.9324248789759051,-0.030386147144379448,0.53
Ye2024,2133010505863252992,12251653,-4.5218,0.0055,12.97,6198,0.494651,-0.08,0.02,1.18,3.25,11.222913527863295,,1.155671383175072,0.06283435937636023,2516622.205158277,750539.5489695796,1766082.6561886973,6.247011025564656,2.353084069471573,0.37163744364664336,0.426
Ye2024,2133011463638427136,12301257,-4.5836,0.0157,18.97,5835,0.606663,0.26,0.03,1.14,2.65,11.843039123414078,,1.6017847954665356,0.20460416691704483,1714648.7932285496,490442.4640152555,1224206.3292132942,6.087854620495061,2.496126292145891,0.39726655480626816,0.063
Ye2024,2133018477324183680,11658452,-4.8432,0.0084,5.42,6330,0.45554,-0.02,0.01,1.26,1.92,10.115976103458719,,0.5357861608774329,-0.2710085082197579,1306250.821834081,870755.3582988849,435495.46353519615,5.638983635412814,0.5001352669089327,-0.30091252020953924,0.558
Ye2024,2133018644826528768,11709442,-4.9237,0.0143,10.07,6034,0.544422,-0.07,0.03,1.1,5.97,12.514101920504952,,0.8046921835836918,-0.09437021719293814,896051.4768850928,621251.4368101673,274800.0400749255,5.439016791722002,0.44233304551518454,-0.35425061444273515,0.262
Ye2024,2133023867506742272,11759468,-4.7713,0.008,6.47,6140,0.512101,0.12,0.01,1.22,1.65,10.648698264908191,,0.6075860015041736,-0.21639224063467236,1364536.70133811,702404.0654232707,662132.6359148393,5.82094499438852,0.9426662921089962,-0.025642022156711974,0.368
Ye2024,2133040433196990592,11859979,-4.9121,0.0086,23.04,5775,0.625846,-0.09,0.02,1.0,7.81,14.454397707459272,,1.59397855699723,0.20248247475117453,772182.0304493444,455975.51170066075,316206.5187486837,5.499970818877026,0.6934725892829684,-0.158970700500456,0.003
Ye2024,2133068745621696896,12059599,-4.7722,0.0129,11.51,5974,0.562969,-0.01,0.03,1.06,2.27,13.24184353201083,,0.869214318397263,-0.06087312824462915,1220316.8547588312,578988.3014001754,641328.5533586558,5.807080576093833,1.1076710044187803,0.044410787303663206,0.202
Ye2024,2133090357897226752,11910103,-4.8882,0.018,21.91,5773,0.626489,0.26,0.03,1.1,4.88,12.514101920504952,,1.7508248006274763,0.24324268981414915,814737.9887642881,454863.3864659494,359874.6022983387,5.556151197942457,0.7911707405038162,-0.10172978242289155,0.001
Ye2024,2133099390210344192,12009586,-4.8807,0.0128,18.88,6158,0.506668,-0.21,0.03,1.1,3.45,12.514101920504952,,1.5086979569076562,0.17860230221549395,1073174.8216436007,717050.5548550765,356124.2667885242,5.551601568095126,0.49665154622256824,-0.30394820810348794,0.386
Ye2024,2133099635026668672,12009511,-4.6255,0.0118,3.47,6410,0.44,-0.09,0.04,1.26,2.01,10.115976103458719,,0.3430217672038178,-0.4646783199672711,2267482.034055745,951369.2456002722,1316112.788455473,6.119293109114472,1.383387990038572,0.14094400100681073,0.638
Ye2024,2133100562739615872,12058284,-4.8531,0.016,21.36,5485,0.721467,0.12,0.03,0.96,4.55,15.354869714245666,,1.3910896280795533,0.14335511254156183,719810.643823964,317099.2793018212,402711.36452214286,5.604993885578663,1.2699851144689434,0.10379863060801636,-0.287
Ye2024,2133120388308858368,12154836,-4.5645,0.0105,8.32,5559,0.696595,-0.11,0.02,0.9,6.15,16.867395843027396,,0.49325930792329764,-0.3069247107557802,1476041.0398445947,348519.07440911175,1127521.965435483,6.052125011192572,3.235180075429481,0.5098984592207251,-0.213
Ye2024,2133125817147387520,12107707,-4.8681,0.0128,20.05,6046,0.540734,-0.42,0.03,0.94,8.27,15.836148205371112,,1.2660907021064431,0.1024648194359181,1026559.9292282733,630014.2998514356,396545.62937683775,5.598293167558819,0.6294232201877761,-0.20105723947585738,0.274
Ye2024,2133145539637608832,12204424,-4.5771,0.0078,3.96,5998,0.555528,-0.12,0.02,1.04,3.81,13.628989336448337,,0.2905571280630234,-0.5367684658095645,1943289.850027172,595587.4707806765,1347702.3792464954,6.129593995076186,2.26281183766336,0.3546484420404542,0.226
Ye2024,2133151724390425984,12303817,-4.7255,0.017,24.03,5023,0.884773,-0.01,0.03,0.82,2.38,19.248913098918976,,1.248382174957688,0.09634755895774334,679148.0362354468,170525.9218707196,508622.11436472717,5.706395238926162,2.9826674372141944,0.4746048329013409,-0.749
Ye2024,2133152926981340800,12303659,-4.7119,0.0106,13.76,6146,0.510288,-0.46,0.03,1.0,6.96,14.454397707459272,,0.9519594159844568,-0.021381566100507423,1570659.1920762954,707257.4310779575,863401.7609983379,5.936212930110242,1.2207743928294892,0.0866354108717098,0.374
Ye2024,2133158287099337728,12059936,-4.6381,0.0137,8.5,5549,0.699937,-0.02,0.03,0.94,5.12,15.836148205371112,,0.5367466816910108,-0.2702306318059903,1237002.6667268688,344123.0868413142,892879.5798855546,5.95079289078364,2.594651780214005,0.41407908084377065,-0.223
Ye2024,2133175192090775680,12256438,-4.9403,0.0171,31.05,5312,0.780948,-0.31,0.03,0.82,4.17,19.248913098918976,,1.613078091237462,0.20765539266644226,518016.98764886206,252970.20217172417,265046.7854771379,5.423322541412825,1.0477391534723752,0.02025317357509893,-0.46
Ye2024,2133184950256415616,12256052,-4.6889,0.0154,5.14,6239,0.482415,-0.19,0.04,1.1,3.96,12.514101920504952,,0.4107366259801564,-0.38643656875128046,1758618.6688032304,786249.9823317558,972368.6864714746,5.987830964659557,1.2367169581203075,0.09227031596549583,0.467
Ye2024,2133202336284160768,12355683,-4.8655,0.0129,18.99,5810,0.614632,-0.05,0.02,1.0,4.0,14.454397707459272,,1.3137870137750607,0.11852496473701764,880676.2128907478,475818.9489730052,404857.26391774265,5.607301935760134,0.8508641044909533,-0.07013979759169675,0.038
Ye2024,2133227350174149888,12556304,-4.6298,0.0135,12.7,5552,0.698934,-0.03,0.03,0.92,4.77,16.339848430570573,,0.7772409917976532,-0.10944430271705392,1263599.8521321139,345436.858172334,918162.9939597799,5.962919784789252,2.6579763341343274,0.4245511097893216,-0.22
Ye2024,2133228415326029312,12601798,-4.594,0.0133,3.95,6446,0.44,-0.25,0.04,1.22,2.63,10.648698264908191,,0.37093735795077065,-0.4306994256769125,2493290.839043891,989684.1688912321,1503606.670152659,6.1771342436206975,1.519279298806191,0.18163762032767206,0.674
Ye2024,2133229411758079488,12255215,-4.7708,0.0157,12.87,6003,0.553981,0.09,0.03,1.26,3.96,10.115976103458719,,1.27224499824586,0.10457075214624179,1248202.6780852627,599096.5527871308,649106.1252981318,5.812315707375812,1.0834749795810799,0.034818886716901344,0.231
Ye2024,2133247553699882752,12353161,-4.4553,0.008,4.25,6183,0.499149,-0.11,0.02,1.1,3.15,12.514101920504952,,0.33961686000304764,-0.4690107576962446,2904749.747458162,737827.2447916513,2166922.5026665106,6.335843379586485,2.936896838606725,0.4678886917694124,0.411
Ye2024,2133258995492922752,12507003,-4.5472,0.0117,16.19,6471,0.44,-0.29,0.04,1.22,2.65,10.648698264908191,,1.5203736266387284,0.18195032745000106,2820313.173138771,1017064.2024572198,1803248.9706815514,6.2560556929611195,1.772994238048016,0.2487073242145569,0.699
Ye2024,2133265077166686336,12457435,-4.7466,0.0144,42.81,5382,0.756651,0.04,0.03,0.9,8.12,16.867395843027396,,2.5380325687736023,0.4044971907878052,852680.8517262335,277429.7552017245,575251.096524509,5.759857455179168,2.073501799063453,0.3167044165136327,-0.39
Ye2024,2133293763248820992,12690265,-4.7272,0.0101,13.41,5779,0.624561,0.13,0.02,1.04,4.56,13.628989336448337,,0.9839320927588748,-0.0070348738834778365,1185284.2525505074,458206.7640821816,727077.4884683258,5.861580698370541,1.5867890774696658,0.2005192023825398,0.007
Ye2024,2133300708214664448,12105969,-4.5475,0.0101,3.45,6459,0.44,-0.31,0.03,1.26,2.44,10.115976103458719,,0.341044696499473,-0.4671886996848707,2797517.90477755,1003841.7544013411,1793676.150376209,6.25374403357948,1.7868116588215637,0.2520787775502775,0.687
Ye2024,2133311600251811840,12253624,-4.5837,0.0165,11.83,5303,0.784096,0.01,0.03,0.88,6.19,17.42033268532819,,0.6790915083937232,-0.16807170007486194,1169494.6653046499,249964.00312094568,919530.6621837042,5.963566215569923,3.67865232874666,0.5656887443840578,-0.469
Ye2024,2133314864426948864,12253453,-4.7586,0.0093,18.83,5688,0.654019,-0.3,0.02,0.9,6.73,16.867395843027396,,1.116354900023521,0.04780228297016063,1034784.9114873928,409699.17878377665,625085.7327036161,5.795939586442711,1.5257187836188273,0.18347449300465737,-0.084
Ye2024,2133317338327999872,12153921,-5.0054,0.0157,18.09,5797,0.618789,0.24,0.02,1.2,4.85,10.930356368792774,,1.6550238061449398,0.21880424512262836,632448.1668444728,468363.74250485474,164084.424339618,5.215067357747785,0.35033545394030413,-0.45551590986615376,0.025
Ye2024,2133332559692437120,12351643,-4.5315,0.0088,4.22,6367,0.444723,-0.09,0.02,1.4,2.36,8.525863775948729,,0.4949645116198696,-0.30542593835971404,2740634.598532715,907278.6506715277,1833355.9478611872,6.263246791849537,2.020719815796633,0.30550610030945136,0.595
Ye2024,2133340806029460608,12352290,-4.7147,0.0137,5.27,6288,0.467895,-0.1,0.03,1.22,2.95,10.648698264908191,,0.4948961712406484,-0.30548590609082615,1709865.1815696207,830832.2727444682,879032.9088251526,5.944005134292925,1.0580148817780806,0.024491776421895758,0.516
Ye2024,2133344963557828608,12403078,-4.8744,0.0126,23.22,5566,0.69426,-0.24,0.02,0.88,7.91,17.42033268532819,,1.332925175393259,0.12480577069976273,726749.1702832688,351624.86147988914,375124.30880337965,5.574175208211237,1.0668310176492868,0.02809563412516531,-0.206
Ye2024,2133364445529777152,12505525,-4.9257,0.0152,19.4,5854,0.600629,0.0,0.03,1.02,5.33,14.032847450821215,,1.382470668764,0.14065592585082373,790173.7698833273,501812.716453145,288361.0534301823,5.459936603403333,0.5746387924729025,-0.24060505918596828,0.082
Ye2024,2133370385468215680,12252240,-4.9348,0.0109,9.07,6125,0.516641,0.08,0.02,1.22,3.17,10.648698264908191,,0.8517473004084785,-0.06968923424327743,927333.8411722635,690395.5062382987,236938.33493396477,5.374635332159641,0.3431921743305532,-0.46446262374817654,0.353
Ye2024,2133584691452120576,11754352,-5.0387,0.009,15.02,6140,0.512101,0.24,0.01,1.32,2.42,9.386296808958306,,1.6002050974634503,0.20417564952353984,737199.8211582957,702404.0654232707,34795.75573502504,4.541526273450287,0.04953808989425057,-1.3050607430949461,0.368
Ye2024,2133624548749270400,11955504,-4.8025,0.0095,7.01,6249,0.479442,0.0,0.02,1.24,2.66,10.377405303719263,,0.6755060436434545,-0.17037076106199303,1362554.3522705918,795177.7123033892,567376.6399672026,5.753871451054148,0.7135218092615853,-0.14659274785107787,0.477
Ye2024,2134733337508865280,11092173,-4.7359,0.0098,17.17,5942,0.572937,-0.29,0.03,0.98,7.59,14.894693714546571,,1.1527595215490267,0.06173871808652102,1298501.113829085,557474.7027775995,741026.4110514855,5.869833687020507,1.3292556726957216,0.1236085223736095,0.17
Ye2024,2134795627416071552,11196428,-4.8878,0.0103,17.88,5921,0.579508,-0.01,0.02,1.16,5.07,11.52693877886925,,1.5511490381797588,0.19065352789060339,902385.2355492866,543732.360007474,358652.8755418126,5.554674317192745,0.659612893992336,-0.18071086343535836,0.149
Ye2024,2134802778540495232,11302847,-4.8365,0.0142,29.78,5693,0.652388,-0.12,0.03,0.94,10.2,15.836148205371112,,1.8805077859715649,0.2742751358958743,867913.5563502049,412244.9515462919,455668.604803913,5.658649107076809,1.1053345907445151,0.043493761205401424,-0.079
Ye2024,2134819408654088448,11409927,-4.7102,0.0092,24.4,6304,0.463179,-0.23,0.02,1.2,3.45,10.930356368792774,,2.232315139299974,0.34875550460154403,1745325.9845751575,845851.7294111636,899474.2551639939,5.953988737442301,1.0633947107847843,0.02669449584773427,0.532
Ye2024,2134847480558849920,11306488,-4.6699,0.011,3.99,6092,0.526667,-0.13,0.03,1.08,2.04,12.87049780038931,,0.310011319055531,-0.5086224490250367,1670133.9921147139,664595.287369806,1005538.7047449079,6.00239879192294,1.5130090806457797,0.17984153454170607,0.32
Ye2024,2134944271942691968,11668936,-4.8854,0.0095,15.97,5897,0.587046,0.27,0.02,1.16,3.15,11.52693877886925,,1.3854502315285655,0.1415909295691875,892763.1332690244,528383.7476262897,364379.3856427347,5.561553799270094,0.6896112669620745,-0.16139565156344243,0.125
Ye2024,2134946848923120512,11770522,-4.8036,0.0215,27.04,5134,0.844206,0.0,0.03,0.84,6.48,18.60920008626386,,1.4530447238277169,0.16227898182222328,619206.0542245958,198936.2117264825,420269.8424981133,5.623528227248934,2.1125859332032646,0.3248143836841889,-0.638
Ye2024,2134947707916581376,11770476,-4.8993,0.0117,25.38,5611,0.679315,0.2,0.02,1.02,6.7,14.032847450821215,,1.8086136893417692,0.2573458136792837,708716.9365633283,372163.6002471534,336553.3363161749,5.527053900156537,0.9043155646943178,-0.04367999420283708,-0.161
Ye2024,2135002576119495936,11460462,-4.9158,0.0093,4.23,6369,0.44414,0.1,0.02,1.36,1.61,8.941232764773126,,0.4730891266655591,-0.3250570335270303,1132652.6154412266,909289.7691125595,223362.84632866713,5.349010935223859,0.24564539700766985,-0.6096913694200554,0.597
Ye2024,2135018317177839488,11563993,-4.772,0.0094,21.33,5515,0.711344,-0.01,0.02,0.92,7.53,16.339848430570573,,1.3053976657514916,0.115742831776418,886734.9041259092,329530.7093868041,557204.1947391052,5.746014377215654,1.6909021795751888,0.22811848394337864,-0.257
Ye2024,2135029552812400640,11564818,-4.9899,0.0119,10.12,6088,0.527886,-0.11,0.02,1.24,4.01,10.377405303719263,,0.9751956008090954,-0.01090826652487139,797278.9753412508,661524.9650675011,135754.0102737497,5.132752667830207,0.2052137371110364,-0.687793570695533,0.316
Ye2024,2135037348174717056,11667335,-4.5056,0.0069,4.07,5933,0.575751,-0.04,0.02,1.04,2.5,13.628989336448337,,0.29862815939810744,-0.5248692425098567,2193356.0149155166,551549.0689127453,1641806.9460027711,6.215322088706159,2.976719640265595,0.47373793292711186,0.161
Ye2024,2135065729316177024,11614502,-4.6204,0.0067,5.12,6208,0.491659,-0.05,0.02,1.14,1.96,11.843039123414078,,0.4323214629830608,-0.36419320299578695,2018452.667120778,759118.4435255525,1259334.2235952255,6.100141005882318,1.658942994121622,0.21983146271888987,0.436
Ye2024,2135112050544890240,11766800,-4.725,0.0135,6.66,6184,0.498848,-0.4,0.04,1.16,4.41,11.52693877886925,,0.5777769907313867,-0.23823975739899442,1562031.0418979132,738668.9442359532,823362.09766196,5.915590870974401,1.1146564426281786,0.04714103055700968,0.412
Ye2024,2135112119264366080,11766836,-4.9272,0.0118,14.32,6141,0.511799,-0.33,0.03,1.06,5.9,13.24184353201083,,1.0814204204560216,0.03399456609741587,953604.1362588169,703210.9691711135,250393.16708770348,5.398622473353908,0.35607119067389703,-0.44846316319037816,0.369
Ye2024,2135117032706591360,11867477,-4.8781,0.008,6.13,6254,0.477958,-0.11,0.01,1.16,2.29,11.52693877886925,,0.5317977407182283,-0.27425351205088044,1148532.3818533132,799674.10361395,348858.2782393632,5.542649033036874,0.4362505634017352,-0.36026399915687446,0.482
Ye2024,2135130707881733120,11719324,-4.8903,0.0093,36.89,5595,0.684615,-0.47,0.03,0.82,13.79,19.248913098918976,,1.91647184495169,0.2825024433806467,715339.324201309,364746.0862603,350593.237941009,5.5448035353937515,0.961198080384087,-0.017187105200046418,-0.177
Ye2024,2135145413850736384,11920321,-4.8238,0.0076,16.2,5861,0.598411,0.35,0.01,1.16,3.21,11.52693877886925,,1.4054034909682378,0.14780102797333547,1003918.88085376,506058.3973044646,497860.48354929546,5.697107656587662,0.983800459000709,-0.007092979152751105,0.089
Ye2024,2135146822598995072,11819736,-4.5317,0.0075,7.04,5959,0.567635,-0.01,0.02,1.08,2.39,12.87049780038931,,0.5469873900127664,-0.2620226855696728,2101867.225759587,568816.7377205006,1533050.488039086,6.185556457734817,2.695157133003321,0.4305840904900698,0.187
Ye2024,2135154549239850496,11919469,-4.8005,0.012,9.27,6117,0.519066,-0.02,0.03,1.12,3.35,12.171862643132958,,0.7615925575063803,-0.11827730864892834,1256798.5142307787,684063.2942688308,572735.2199619479,5.757953890577645,0.8372547171590645,-0.07714239693186277,0.345
Ye2024,2135171802129186944,12019465,-4.6627,0.0152,10.23,5661,0.66285,0.08,0.03,1.0,4.09,14.454397707459272,,0.7077430832500722,-0.15012436628783976,1266147.6584470803,396183.8262005124,869963.8322465678,5.939501197696499,2.195859029859212,0.34160445576011106,-0.111
Ye2024,2135203756686476416,11918906,-4.7064,0.011,6.99,6178,0.50065,0.02,0.03,1.18,2.49,11.222913527863295,,0.6228329196911143,-0.20562844096203847,1624064.796017133,733631.0820018174,890433.7140153155,5.949601595097567,1.2137349900520022,0.08412387214127513,0.406
Ye2024,2135208253510916992,11968863,-4.6439,0.0088,11.53,5100,0.856538,0.04,0.02,0.86,0.88,18.000329833835156,,0.640543818165326,-0.19345115579205993,870948.4307892201,189832.13907005408,681116.2917191661,5.833221268359418,3.587992502511983,0.5548515268689675,-0.672
Ye2024,2135213480492030464,12066842,-4.8535,0.0134,10.52,6031,0.545345,-0.08,0.03,1.06,2.3,13.24184353201083,,0.7944513144690883,-0.0999327120567007,1051160.5428248846,619077.1373478677,432083.40547701693,5.635567587190302,0.6979476052500765,-0.15617717852991597,0.259
Ye2024,2135222959478932992,12066007,-4.8507,0.0202,27.04,5223,0.812308,-0.07,0.03,0.84,3.94,18.60920008626386,,1.4530447238277169,0.16227898182222328,595102.589412042,224561.95583277923,370540.6335792628,5.568835839769151,1.650059700473873,0.2174996576183451,-0.549
Ye2024,2135242991206417792,12165495,-5.0348,0.0146,8.98,5475,0.724854,-0.06,0.03,0.9,13.05,16.867395843027396,,0.5323880510999054,-0.2737717003791998,470271.0352492261,313045.9364801898,157225.0987690363,5.1965218762250975,0.5022428993547592,-0.2990861945356016,-0.297
Ye2024,2135564740096962688,12215938,-5.2579,0.0241,14.91,5248,0.803445,-0.28,0.03,0.8,12.32,19.92161221406761,,0.7484334018645002,-0.1258468385935496,237512.81234760524,232250.40280703723,5262.409540568013,3.721184643500294,0.0226583440845105,-1.6447718323913136,-0.524
Ye2024,2136205583576584064,12459808,-4.5529,0.009,11.07,6271,0.47292,-0.45,0.02,1.22,3.72,10.648698264908191,,1.0395636841810205,0.0168510995753501,2455042.0760039594,815125.4359102146,1639916.6400937447,6.214821772640741,2.011858013316101,0.3035973271745277,0.499
Ye2024,2136218537198176512,12557522,-4.8099,0.0146,3.72,6204,0.492856,-0.39,0.04,1.18,4.16,11.222913527863295,,0.33146472979269603,-0.4795626768258224,1301364.3135464552,755676.8422496734,545687.4712967818,5.736943982720042,0.7221174988931158,-0.1413921307280075,0.432
Ye2024,2139220341379715072,12557259,-4.8638,0.0137,45.42,5467,0.727568,0.37,0.02,1.0,8.38,14.454397707459272,,3.1422962699138104,0.4972471298837165,693119.3641368982,309835.3534155855,383284.0107213127,5.58352070237373,1.2370570578729594,0.09238973143825047,-0.305
Ye2024,2139221436594845184,12603079,-4.6316,0.0069,18.86,5266,0.79709,-0.16,0.02,0.82,5.97,19.248913098918976,,0.979795581344236,-0.008864523444847242,1018439.314028225,237924.97159181975,780514.3424364052,5.892380887902931,3.2805061915713627,0.5159408617740803,-0.506
Ye2024,2139240063869553536,12691761,-5.0808,0.0185,8.25,5345,0.769454,0.08,0.03,0.9,11.62,16.867395843027396,,0.48910928970759676,-0.3105940884965791,384240.00103742577,264259.95231771725,119980.04871970852,5.079109033953297,0.4540228198310489,-0.3429223183375221,-0.427
Ye2024,2139242125453779712,12691333,-4.5555,0.0078,8.91,5565,0.694593,0.05,0.02,0.98,2.83,14.894693714546571,,0.5981996119395356,-0.22315387303752074,1513465.1020383802,351179.72881324834,1162285.373225132,6.065312772461241,3.309659635403433,0.5197833333326156,-0.207
Ye2024,2139267070623920128,12736962,-4.806,0.0161,22.09,5695,0.651736,0.19,0.03,1.14,7.11,11.843039123414078,,1.8652306869718385,0.27073255189981726,932366.4772219169,413267.05494137964,519099.42228053726,5.7152505455413145,1.256087113825634,0.09901976021472496,-0.077
Ye2024,2139289163935605632,12691270,-4.6507,0.0079,5.6,6143,0.511194,-0.05,0.02,1.14,2.56,11.843039123414078,,0.4728516001377227,-0.3252751369654173,1804819.59674867,704827.1633362618,1099992.4334124085,6.041389697759552,1.5606555629973922,0.19330706475663126,0.371
Ye2024,2139303075330917760,12783625,-4.9668,0.0109,9.97,6076,0.531548,-0.03,0.02,1.22,4.08,10.648698264908191,,0.9362646731061225,-0.02860136299171693,834224.225453898,652386.9192571156,181837.3061967824,5.2596829889700025,0.2787261682129429,-0.5548222556247739,0.304
Ye2024,2139314001729390720,12884399,-4.605,0.0099,3.7,6270,0.473216,-0.1,0.03,1.16,2.38,11.52693877886925,,0.3209872170729926,-0.49351226250230046,2176115.287530734,814209.4953887316,1361905.7921420026,6.134147066924836,1.6726724508313207,0.2234109040682846,0.498
Ye2024,2143735039202049920,11013878,-4.8109,0.013,5.22,6319,0.458768,-0.11,0.03,1.38,2.65,8.730003855438706,,0.5979378802619877,-0.22334393250117535,1397349.8674897102,860143.4872027194,537206.3802869908,5.730141162051365,0.6245543775888424,-0.20442974326475263,0.547
Ye2024,2143757613550315776,11122614,-4.8083,0.0114,9.9,6118,0.518763,0.19,0.03,1.24,2.44,10.377405303719263,,0.9539956964436803,-0.020453584431101766,1235235.1093712987,684852.0848185548,550383.0245527439,5.740665030502233,0.8036524042977291,-0.0949317516708164,0.346
Gomes2021+Baliunas1996,,,-4.8911,0.0031,22.0,5627,0.636,,,,,11.4488,11.173,1.921598770176787,0.2836627121104513,730498.6156331442,379710.1897389389,350788.4258942053,5.545045255579968,0.9238320049703747,-0.03440699625567922,-0.145
Gomes2021+Baliunas1996,,,-4.4428,0.0014,11.0,5465,0.758,,,,,13.4509,17.6951,0.8177891442208327,-0.0873586588052596,1824619.8774490338,309037.13740943844,1515582.7400395954,6.180579650741089,4.904209095205356,0.690568978426752,-0.307
Gomes2021+Baliunas1996,,,-4.7863,0.0016,37.0,4843,0.963,,,,,18.8654,22.6789,1.9612624169113826,0.2925357061572749,510234.25598402246,131842.97881918494,378391.2771648375,5.577941116305754,2.8700146231054093,0.45788410952765385,-0.929
Gomes2021+Baliunas1996,,,-4.8709,0.002,48.0,4796,0.865,,,,,15.8287,21.23,3.0324663427824143,0.48179598934900103,403857.7620476418,123083.03021119973,280774.7318364421,5.448358021129499,2.281181502881893,0.35815984142047913,-0.976
Gomes2021+Baliunas1996,,,-4.3625,0.001,7.0,5656,0.675,,,,,11.956,13.4265,0.585480093676815,-0.23248786635298627,2518542.824025078,393723.4442046821,2124819.379820396,6.327322018771637,5.39673065217773,0.7321307432102969,-0.116
Gomes2021+Baliunas1996,,,-4.4815,0.0024,7.0,6080,0.565,,,,,10.5799,7.18405,0.6616319624949196,-0.17938352280273293,2556972.4791594697,655420.8213183674,1901551.6578411022,6.279108128017705,2.9012683088342612,0.46258789414492213,0.308
Gomes2021+Baliunas1996,,,-4.9606,0.0016,47.0,4680,1.065,,,,,21.8902,23.5017,2.147079515034125,0.3318481284144013,297848.3159518912,103569.83018559862,194278.48576629255,5.288424709862218,1.875821225333118,0.2731914456896425,-1.092
Gomes2021+Baliunas1996,,,-4.9409,0.0019,39.0,4928,0.905,,,,,17.0042,21.9731,2.293551005045812,0.3605084026165251,383172.6770845669,149048.78119215232,234123.89589241458,5.369445742293759,1.570787053874558,0.19611731324135817,-0.844
Gomes2021+Baliunas1996,,,-4.7352,0.0022,15.0,5788,0.674,,,,,11.9427,13.3697,1.255997387525434,0.09898873606959445,1170916.2317248678,463261.3658131645,707654.8659117033,5.849821497271827,1.5275499278243372,0.18399541402047703,0.016
Hall2007/Sun,,,-4.94,,26.09,5780,0.62424,,,,,11.3001,10.4891,2.30882912540597,0.3633917923198076,726646.3398055917,458766.03888756584,267880.3009180259,5.427940778120513,0.5839148459367061,-0.2336504827442153,0.008
Hall2007+Wright2011,,,-4.41,,7.78,5687,0.654345,,,,,11.6846,12.2399,0.6658336614004758,-0.1766342527495815,2307515.620559959,409191.6465117773,1898323.974048182,6.278370332503578,4.6392051016455556,0.6664435733257977,-0.085
Hall2007+Wright2011,,,-4.98,,35.2,5098,0.857266,,,,,15.6109,21.0541,2.254834762890032,0.3531147217375318,401061.5806965146,189307.93122016668,211753.6494763479,5.325830903932056,1.118567236520464,0.04866209444265299,-0.674
Hall2007+Supp,,,-4.94,,34.5,5344,0.769801,,,,,13.6813,18.2045,2.5216901902596973,0.401691728975563,530979.2313699654,263911.5933629044,267067.638007061,5.426621265458814,1.0119587192208594,0.005162796713016756,-0.428
Hall2007+Wright2011,,,-4.4,,9.4,5560,0.696262,,,,,12.3073,14.6125,0.7637743453072567,-0.11703493339214896,2157301.7856674753,348961.31166751427,1808340.473999961,6.257280202720347,5.182065786487311,0.7145029220668399,-0.212
Hall2007+Wright2011,,,-4.44,,11.68,4937,0.916824,,,,,17.3681,22.1464,0.6724972794951665,-0.17230946820678414,1223106.419276967,150978.4793636067,1072127.9399133602,6.030246613978933,7.1011971006233106,0.8513315670812365,-0.835
Hall2007+Wright2011,,,-4.49,,7.6,5652,0.665803,,,,,11.8344,12.9012,0.6421956330696951,-0.19233265196195243,1872493.6316141891,391764.5905096211,1480729.0411045682,6.170475594159814,3.7796398065950374,0.5774504142653426,-0.12
Hall2007+Wright2011,,,-4.4,,3.56,6060,0.536442,,,,,10.2493,5.75687,0.34734079400544426,-0.4592442072707514,3044403.6453377544,640371.5075959974,2404032.137741757,6.380940269133785,3.754121020728536,0.5745082687614675,0.288
Hall2007+Wright2011,,,-4.43,,5.36,5739,0.637452,,,,,11.4673,11.2575,0.4674160438812973,-0.3302963846919063,2285370.597286976,436310.21856953145,1849060.3787174444,6.266951092725252,4.237948826364179,0.6271557082591938,-0.033
Hall2007+Wright2011,,,-4.5,,7.8,5494,0.718425,,,,,12.7062,15.7909,0.6138735420503376,-0.2119210843085094,1633677.6099996944,320785.71351867943,1312891.896481015,6.118228967753915,4.092738052701854,0.6120139494078846,-0.278
Hall2007+Supp,,,-4.95,,44.0,5940,0.573562,,,,,10.6811,7.63787,4.119425901826591,0.6148366953919743,792058.9697599816,556153.1957798367,235905.77398014488,5.372738570716148,0.4241740868707197,-0.3724558664012674,0.168
Hall2007+Supp,,,-4.94,,18.0,5900,0.586103,,,,,10.831,8.32048,1.6618964084572063,0.2206039492690654,788896.0529756815,530281.751508605,258614.30146707653,5.412652537854873,0.48769225177246167,-0.3118541442222437,0.128
Hall2007+Wright2011,,,-4.64,,9.67,5827,0.609209,,,,,11.1128,9.62202,0.8701677345043554,-0.06039702422246121,1497586.1293838997,485721.5559264273,1011864.5734574725,6.005122391025711,2.083219410609688,0.3187350134901546,0.055
Hall2007+Supp,,,-4.95,,40.2,5610,0.679646,,,,,12.0179,13.6894,3.3450103595470093,0.5243974671224172,630177.9188893025,371696.2433964686,258481.67549283395,5.412429760140096,0.6954110515911922,-0.15775841171584287,-0.162
Hall2007+Wright2011,,,-4.68,,18.6,5497,0.717411,,,,,12.6877,15.7386,1.4659867430661193,0.16613004299319684,1081719.5641258357,322022.66928730975,759696.8948385259,5.8806403512861465,2.3591410397282364,0.3727539056777476,-0.275
Hall2007+Wright2011,,,-4.42,,7.6,5733,0.639393,,,,,11.492,11.3706,0.6613296206056386,-0.17958202503911858,2328839.2053811126,433104.4934122421,1895734.7119688706,6.277777562332697,4.3770839157848505,0.6411848728212375,-0.039
Hall2007+Wright2011,,,-4.95,,14.0,5867,0.596512,,,,,10.9571,8.9008,1.277710343065227,0.1064324104214718,753834.6388510737,509722.05098758306,244112.58786349063,5.387590174741644,0.4789131397994733,-0.31974324718349484,0.095
Hall2007+Wright2011,,,-4.62,,16.68,5347,0.76876,,,,,13.6608,18.1607,1.2210119465917075,0.08671991317786712,1111866.058833554,264957.8541913746,846908.2046421793,5.9278363402270315,3.196388373641008,0.504659542319629,-0.425
Hall2007+Supp,,,-4.99,,12.3,6083,0.529411,,,,,10.1696,5.42861,1.2094870988042794,0.0826012402481312,794480.0614542266,657704.1861526312,136775.87530159543,5.136009502739849,0.20795956325242898,-0.6820211033237594,0.311
Hall2007+Supp,,,-5.21,,30.0,5090,0.86018,,,,,15.6926,21.1217,1.9117290952423434,0.28142634987677295,234683.66721477068,187223.50245234877,47460.16476242192,4.676329241578043,0.2534946955951818,-0.5960311238961067,-0.682
Hall2007+Supp,,,-4.99,,17.5,5870,0.595564,,,,,10.9456,8.8475,1.5988159625785703,0.20379847560582,688912.6216958464,511562.3971722229,177350.22452362353,5.248831742620812,0.34668346521160875,-0.4600668711748703,0.098
Hall2007+Wright2011,,,-4.76,,12.35,5905,0.58453,,,,,10.8121,8.2338,1.1422387880245282,0.057756903805460655,1198095.244669565,533458.0937655981,664637.1509039669,5.822584613171481,1.245903209026966,0.09548430442726817,0.133
Hall2007+Wright2011,,,-4.47,,3.33,6218,0.488672,,,,,9.7193,3.73271,0.3426172666755836,-0.4651907539421172,2872199.5343272947,767781.3522510945,2104418.1820762,6.323132045425659,2.740908171195037,0.437894485590089,0.446
Hall2007+Wright2011,,,-4.57,,18.47,4852,0.949056,,,,,18.4002,22.5374,1.0037934370278583,0.001644351864165501,845853.0222746044,133580.04485822286,712272.9774163816,5.852646468166599,5.332181001828252,0.7269048831951274,-0.92
Hall2007+Wright2011,,,-4.93,,29.0,5532,0.705632,,,,,12.4744,15.119,2.324761110754826,0.3663783320168124,623936.5430586698,336759.07553592906,287177.4675227407,5.458150361355671,0.8527683094084915,-0.06916894727710494,-0.24
Hall2007+Wright2011,,,-4.79,,3.2,6458,0.44,,,,,9.41441,2.19824,0.339904465601137,-0.46864312969998684,1599572.3904429574,1002746.5739153048,596825.8165276526,5.775847600880502,0.595191080232065,-0.2253435859215545,0.686
Hall2007+Supp,,,-4.91,,25.0,5655,0.664818,,,,,11.8214,12.8446,2.114808736697853,0.3252710958941435,713414.8969316001,393232.9445285636,320181.95240303647,5.505396848530598,0.8142297253016123,-0.08925304676279179,-0.117
Hall2007+Wright2011,,,-4.94,,25.8,6131,0.514823,,,,,10.006,4.77981,2.5784529282430544,0.41135920741583987,919892.3371555672,695177.6141820089,224714.72297355835,5.351631527678154,0.32324792742063807,-0.490464251018847,0.359
Hall2007+Supp,,,-5.03,,24.0,5841,0.604756,,,,,11.058,9.36765,2.1703743895822027,0.33653465610888855,615971.4192312504,494008.93503821513,121962.48419303528,5.086226261711214,0.2468831544182508,-0.6075085422786262,0.069
Hall2007+Wright2011,,,-4.68,,21.07,5116,0.850724,,,,,15.4291,20.8964,1.365601363656986,0.13532394178301616,811584.7536976681,194070.83633950746,617513.9173581606,5.79064675005112,3.181899604317065,0.5026864726144737,-0.656
Hall2007+Wright2011,,,-4.48,,11.43,5266,0.79709,,,,,14.2292,19.2698,0.8032777668456413,-0.09513425329039589,1443893.4812951132,237924.97159181975,1205968.5097032934,6.0813359676377585,5.068692460630966,0.7048959415089082,-0.506
Hall2007+Supp,,,-5.0,,29.0,5820,0.61144,,,,,11.1404,9.74997,2.6031381278948693,0.4154972132844036,650584.4447280621,481622.80395413993,168961.6407739222,5.227788118275597,0.3508173603632163,-0.4549189235061183,0.048
Hall2007+Supp,,,-5.01,,35.0,5715,0.64523,,,,,11.5668,11.7104,3.025901718712176,0.4808548180314703,591121.3910483686,423608.29410508455,167513.0969432841,5.224048767837568,0.39544338313104205,-0.4029156870181018,-0.057
Hall2007+Supp,,,-5.02,,24.0,5700,0.650107,,,,,11.6297,11.994,2.0636817802694827,0.3146427299087825,571624.9275101315,415831.8328655477,155793.09464458382,5.192548204143898,0.37465408449130666,-0.42636952834716557,-0.072
Hall2007+Supp,,,-5.0,,22.4,5829,0.608572,,,,,11.105,9.58555,2.017109410175596,0.30472945544966995,654618.0225964301,486898.1114132875,167719.91118314263,5.224584623748933,0.3444661362442194,-0.4628534662531566,0.057
Hall2007+Supp,,,-4.87,,38.0,5310,0.781647,,,,,13.9165,18.6866,2.730571623612259,0.4362535726795163,608120.7478995031,252299.49057622225,355821.25732328085,5.55123188996047,1.4103130232670194,0.1493155163361136,-0.462
Hall2007+Supp,,,-5.05,,30.1,5825,0.609846,,,,,11.1207,9.65852,2.7066641488395518,0.4324343705268339,581829.1225874383,484547.44106938195,97281.68151805637,4.9880310687923695,0.20076812562121588,-0.6973052355789282,0.053
Hall2007+Supp,,,-5.04,,29.5,5750,0.633898,,,,,11.422,11.0506,2.5827350726667833,0.41207986014941017,565305.3757450199,442240.28889433236,123065.08685068751,5.090134862527771,0.27827651605051373,-0.5555234425341257,-0.022
Hall2007+Supp,,,-5.04,,28.5,5630,0.673041,,,,,11.93,13.3151,2.388935456831517,0.3782044163381683,519571.49435819226,381139.696404836,138431.79795335623,5.141235859553595,0.36320488067534645,-0.4398483241483943,-0.142
Hall2007+Wright2011,,,-4.8,,13.94,5825,0.609846,,,,,11.1207,9.65852,1.2535182137815066,0.09813064869498117,1034654.7488582538,484547.44106938195,550107.3077888719,5.74044741428498,1.135301234023239,0.055111109913683044,0.053
Hall2007+Wright2011,,,-5.03,,37.0,5874,0.594299,,,,,10.9302,8.7765,3.385116466304368,0.5295736153559284,630010.0905342144,514025.0599637409,115985.03057047352,5.06440194129457,0.22564080937737754,-0.6465823511222404,0.102
